file,hour,journeys
005-None--SCNH-Northampton_-2024-11-25-SCHEDULE_-_NN260503_v4_bod__SCNH_PF1118394_5_20260503-BODS_V1_1.xml,5,2
005-None--SCNH-Northampton_-2024-11-25-SCHEDULE_-_NN260503_v4_bod__SCNH_PF1118394_5_20260503-BODS_V1_1.xml,6,5
005-None--SCNH-Northampton_-2024-11-25-SCHEDULE_-_NN260503_v4_bod__SCNH_PF1118394_5_20260503-BODS_V1_1.xml,7,8
005-None--SCNH-Northampton_-2024-11-25-SCHEDULE_-_NN260503_v4_bod__SCNH_PF1118394_5_20260503-BODS_V1_1.xml,8,7
005-None--SCNH-Northampton_-2024-11-25-SCHEDULE_-_NN260503_v4_bod__SCNH_PF1118394_5_20260503-BODS_V1_1.xml,9,10
005-None--SCNH-Northampton_-2024-11-25-SCHEDULE_-_NN260503_v4_bod__SCNH_PF1118394_5_20260503-BODS_V1_1.xml,10,10
005-None--SCNH-Northampton_-2024-11-25-SCHEDULE_-_NN260503_v4_bod__SCNH_PF1118394_5_20260503-BODS_V1_1.xml,11,10
005-None--SCNH-Northampton_-2024-11-25-SCHEDULE_-_NN260503_v4_bod__SCNH_PF1118394_5_20260503-BODS_V1_1.xml,12,10
005-None--SCNH-Northampton_-2024-11-25-SCHEDULE_-_NN260503_v4_bod__SCNH_PF1118394_5_20260503-BODS_V1_1.xml,13,10
005-None--SCNH-Northampton_-2024-11-25-SCHEDULE_-_NN260503_v4_bod__SCNH_PF1118394_5_20260503-BODS_V1_1.xml,14,10
005-None--SCNH-Northampton_-2024-11-25-SCHEDULE_-_NN260503_v4_bod__SCNH_PF1118394_5_20260503-BODS_V1_1.xml,15,10
005-None--SCNH-Northampton_-2024-11-25-SCHEDULE_-_NN260503_v4_bod__SCNH_PF1118394_5_20260503-BODS_V1_1.xml,16,8
005-None--SCNH-Northampton_-2024-11-25-SCHEDULE_-_NN260503_v4_bod__SCNH_PF1118394_5_20260503-BODS_V1_1.xml,17,10
005-None--SCNH-Northampton_-2024-11-25-SCHEDULE_-_NN260503_v4_bod__SCNH_PF1118394_5_20260503-BODS_V1_1.xml,18,8
005-None--SCNH-Northampton_-2024-11-25-SCHEDULE_-_NN260503_v4_bod__SCNH_PF1118394_5_20260503-BODS_V1_1.xml,19,4
005-None--SCNH-Northampton_-2024-11-25-SCHEDULE_-_NN260503_v4_bod__SCNH_PF1118394_5_20260503-BODS_V1_1.xml,20,4
005-None--SCNH-Northampton_-2024-11-25-SCHEDULE_-_NN260503_v4_bod__SCNH_PF1118394_5_20260503-BODS_V1_1.xml,21,4
005-None--SCNH-Northampton_-2024-11-25-SCHEDULE_-_NN260503_v4_bod__SCNH_PF1118394_5_20260503-BODS_V1_1.xml,22,4
007-None--SCNH-Northampton_-2024-11-25-SCHEDULE_-_NN260503_v4_bod__SCNH_PF1118394_20_20260503-BODS_V1_1.xml,5,3
007-None--SCNH-Northampton_-2024-11-25-SCHEDULE_-_NN260503_v4_bod__SCNH_PF1118394_20_20260503-BODS_V1_1.xml,6,3
007-None--SCNH-Northampton_-2024-11-25-SCHEDULE_-_NN260503_v4_bod__SCNH_PF1118394_20_20260503-BODS_V1_1.xml,13,2
007-None--SCNH-Northampton_-2024-11-25-SCHEDULE_-_NN260503_v4_bod__SCNH_PF1118394_20_20260503-BODS_V1_1.xml,14,1
007-None--SCNH-Northampton_-2024-11-25-SCHEDULE_-_NN260503_v4_bod__SCNH_PF1118394_20_20260503-BODS_V1_1.xml,21,3
007-None--SCNH-Northampton_-2024-11-25-SCHEDULE_-_NN260503_v4_bod__SCNH_PF1118394_20_20260503-BODS_V1_1.xml,22,3
058-None--SCNH-Leamington-2024-10-07-LS260502__SCNH_PD0000479_271_20260509-BODS_V1_1.xml,8,2
058-None--SCNH-Leamington-2024-10-07-LS260502__SCNH_PD0000479_271_20260509-BODS_V1_1.xml,16,2
058-None--SCNH-Leamington_-2024-10-07-LS260425_-_final_Bods__SCNH_PD0000479_271_20260502-BODS_V1_1.xml,8,2
058-None--SCNH-Leamington_-2024-10-07-LS260425_-_final_Bods__SCNH_PD0000479_271_20260502-BODS_V1_1.xml,16,2
10-None--SSWL-WACW-2026-03-29-Cwmbran260329_Roster_New_Protocols__SSWL_PG0006630_358_20260413-BODS_V1_1.xml,8,4
10-None--SSWL-WACW-2026-03-29-Cwmbran260329_Roster_New_Protocols__SSWL_PG0006630_358_20260413-BODS_V1_1.xml,10,4
10-None--SSWL-WACW-2026-03-29-Cwmbran260329_Roster_New_Protocols__SSWL_PG0006630_358_20260413-BODS_V1_1.xml,12,4
10-None--SSWL-WACW-2026-03-29-Cwmbran260329_Roster_New_Protocols__SSWL_PG0006630_358_20260413-BODS_V1_1.xml,14,4
10-None--SSWL-WACW-2026-03-29-Cwmbran260329_Roster_New_Protocols__SSWL_PG0006630_358_20260413-BODS_V1_1.xml,16,4
101-None--SCNH-Northampton_-2024-11-25-SCHEDULE_-_NN260503_v4_bod__SCNH_PF1118394_1_20260503-BODS_V1_1.xml,0,2
101-None--SCNH-Northampton_-2024-11-25-SCHEDULE_-_NN260503_v4_bod__SCNH_PF1118394_1_20260503-BODS_V1_1.xml,4,1
101-None--SCNH-Northampton_-2024-11-25-SCHEDULE_-_NN260503_v4_bod__SCNH_PF1118394_1_20260503-BODS_V1_1.xml,5,7
101-None--SCNH-Northampton_-2024-11-25-SCHEDULE_-_NN260503_v4_bod__SCNH_PF1118394_1_20260503-BODS_V1_1.xml,6,10
101-None--SCNH-Northampton_-2024-11-25-SCHEDULE_-_NN260503_v4_bod__SCNH_PF1118394_1_20260503-BODS_V1_1.xml,7,14
101-None--SCNH-Northampton_-2024-11-25-SCHEDULE_-_NN260503_v4_bod__SCNH_PF1118394_1_20260503-BODS_V1_1.xml,8,18
101-None--SCNH-Northampton_-2024-11-25-SCHEDULE_-_NN260503_v4_bod__SCNH_PF1118394_1_20260503-BODS_V1_1.xml,9,22
101-None--SCNH-Northampton_-2024-11-25-SCHEDULE_-_NN260503_v4_bod__SCNH_PF1118394_1_20260503-BODS_V1_1.xml,10,22
101-None--SCNH-Northampton_-2024-11-25-SCHEDULE_-_NN260503_v4_bod__SCNH_PF1118394_1_20260503-BODS_V1_1.xml,11,22
101-None--SCNH-Northampton_-2024-11-25-SCHEDULE_-_NN260503_v4_bod__SCNH_PF1118394_1_20260503-BODS_V1_1.xml,12,22
101-None--SCNH-Northampton_-2024-11-25-SCHEDULE_-_NN260503_v4_bod__SCNH_PF1118394_1_20260503-BODS_V1_1.xml,13,22
101-None--SCNH-Northampton_-2024-11-25-SCHEDULE_-_NN260503_v4_bod__SCNH_PF1118394_1_20260503-BODS_V1_1.xml,14,22
101-None--SCNH-Northampton_-2024-11-25-SCHEDULE_-_NN260503_v4_bod__SCNH_PF1118394_1_20260503-BODS_V1_1.xml,15,19
101-None--SCNH-Northampton_-2024-11-25-SCHEDULE_-_NN260503_v4_bod__SCNH_PF1118394_1_20260503-BODS_V1_1.xml,16,20
101-None--SCNH-Northampton_-2024-11-25-SCHEDULE_-_NN260503_v4_bod__SCNH_PF1118394_1_20260503-BODS_V1_1.xml,17,20
101-None--SCNH-Northampton_-2024-11-25-SCHEDULE_-_NN260503_v4_bod__SCNH_PF1118394_1_20260503-BODS_V1_1.xml,18,19
101-None--SCNH-Northampton_-2024-11-25-SCHEDULE_-_NN260503_v4_bod__SCNH_PF1118394_1_20260503-BODS_V1_1.xml,19,16
101-None--SCNH-Northampton_-2024-11-25-SCHEDULE_-_NN260503_v4_bod__SCNH_PF1118394_1_20260503-BODS_V1_1.xml,20,11
101-None--SCNH-Northampton_-2024-11-25-SCHEDULE_-_NN260503_v4_bod__SCNH_PF1118394_1_20260503-BODS_V1_1.xml,21,10
101-None--SCNH-Northampton_-2024-11-25-SCHEDULE_-_NN260503_v4_bod__SCNH_PF1118394_1_20260503-BODS_V1_1.xml,22,9
101-None--SCNH-Northampton_-2024-11-25-SCHEDULE_-_NN260503_v4_bod__SCNH_PF1118394_1_20260503-BODS_V1_1.xml,23,4
103-None--SSWL-WAPO-2026-03-30-Porth260330_Final_Version_v8_proto__SSWL_PG0006630_301_20260412-BODS_V1_1.xml,6,2
103-None--SSWL-WAPO-2026-03-30-Porth260330_Final_Version_v8_proto__SSWL_PG0006630_301_20260412-BODS_V1_1.xml,7,2
103-None--SSWL-WAPO-2026-03-30-Porth260330_Final_Version_v8_proto__SSWL_PG0006630_301_20260412-BODS_V1_1.xml,8,6
103-None--SSWL-WAPO-2026-03-30-Porth260330_Final_Version_v8_proto__SSWL_PG0006630_301_20260412-BODS_V1_1.xml,9,8
103-None--SSWL-WAPO-2026-03-30-Porth260330_Final_Version_v8_proto__SSWL_PG0006630_301_20260412-BODS_V1_1.xml,10,8
103-None--SSWL-WAPO-2026-03-30-Porth260330_Final_Version_v8_proto__SSWL_PG0006630_301_20260412-BODS_V1_1.xml,11,8
103-None--SSWL-WAPO-2026-03-30-Porth260330_Final_Version_v8_proto__SSWL_PG0006630_301_20260412-BODS_V1_1.xml,12,8
103-None--SSWL-WAPO-2026-03-30-Porth260330_Final_Version_v8_proto__SSWL_PG0006630_301_20260412-BODS_V1_1.xml,13,8
103-None--SSWL-WAPO-2026-03-30-Porth260330_Final_Version_v8_proto__SSWL_PG0006630_301_20260412-BODS_V1_1.xml,14,8
103-None--SSWL-WAPO-2026-03-30-Porth260330_Final_Version_v8_proto__SSWL_PG0006630_301_20260412-BODS_V1_1.xml,15,8
103-None--SSWL-WAPO-2026-03-30-Porth260330_Final_Version_v8_proto__SSWL_PG0006630_301_20260412-BODS_V1_1.xml,16,8
103-None--SSWL-WAPO-2026-03-30-Porth260330_Final_Version_v8_proto__SSWL_PG0006630_301_20260412-BODS_V1_1.xml,17,8
103-None--SSWL-WAPO-2026-03-30-Porth260330_Final_Version_v8_proto__SSWL_PG0006630_301_20260412-BODS_V1_1.xml,18,6
103-None--SSWL-WAPO-2026-03-30-Porth260330_Final_Version_v8_proto__SSWL_PG0006630_301_20260412-BODS_V1_1.xml,19,4
103-None--SSWL-WAPO-2026-03-30-Porth260330_Final_Version_v8_proto__SSWL_PG0006630_301_20260412-BODS_V1_1.xml,20,4
103-None--SSWL-WAPO-2026-03-30-Porth260330_Final_Version_v8_proto__SSWL_PG0006630_301_20260412-BODS_V1_1.xml,21,4
103-None--SSWL-WAPO-2026-03-30-Porth260330_Final_Version_v8_proto__SSWL_PG0006630_301_20260412-BODS_V1_1.xml,22,4
104-None--SSWL-WAPO-2026-03-30-Porth260330_Final_Version_v8_proto__SSWL_PG0006630_372_20260412-BODS_V1_1.xml,8,4
104-None--SSWL-WAPO-2026-03-30-Porth260330_Final_Version_v8_proto__SSWL_PG0006630_372_20260412-BODS_V1_1.xml,9,4
104-None--SSWL-WAPO-2026-03-30-Porth260330_Final_Version_v8_proto__SSWL_PG0006630_372_20260412-BODS_V1_1.xml,10,4
104-None--SSWL-WAPO-2026-03-30-Porth260330_Final_Version_v8_proto__SSWL_PG0006630_372_20260412-BODS_V1_1.xml,11,4
104-None--SSWL-WAPO-2026-03-30-Porth260330_Final_Version_v8_proto__SSWL_PG0006630_372_20260412-BODS_V1_1.xml,12,4
104-None--SSWL-WAPO-2026-03-30-Porth260330_Final_Version_v8_proto__SSWL_PG0006630_372_20260412-BODS_V1_1.xml,13,4
104-None--SSWL-WAPO-2026-03-30-Porth260330_Final_Version_v8_proto__SSWL_PG0006630_372_20260412-BODS_V1_1.xml,14,4
104-None--SSWL-WAPO-2026-03-30-Porth260330_Final_Version_v8_proto__SSWL_PG0006630_372_20260412-BODS_V1_1.xml,15,4
104-None--SSWL-WAPO-2026-03-30-Porth260330_Final_Version_v8_proto__SSWL_PG0006630_372_20260412-BODS_V1_1.xml,16,4
104-None--SSWL-WAPO-2026-03-30-Porth260330_Final_Version_v8_proto__SSWL_PG0006630_372_20260412-BODS_V1_1.xml,17,4
107-None--SCNH-Northampton_-2024-11-25-SCHEDULE_-_NN260503_v4_bod__SCNH_PF1118394_6_20260503-BODS_V1_1.xml,2,3
107-None--SCNH-Northampton_-2024-11-25-SCHEDULE_-_NN260503_v4_bod__SCNH_PF1118394_6_20260503-BODS_V1_1.xml,4,12
107-None--SCNH-Northampton_-2024-11-25-SCHEDULE_-_NN260503_v4_bod__SCNH_PF1118394_6_20260503-BODS_V1_1.xml,5,6
107-None--SCNH-Northampton_-2024-11-25-SCHEDULE_-_NN260503_v4_bod__SCNH_PF1118394_6_20260503-BODS_V1_1.xml,6,13
107-None--SCNH-Northampton_-2024-11-25-SCHEDULE_-_NN260503_v4_bod__SCNH_PF1118394_6_20260503-BODS_V1_1.xml,7,8
107-None--SCNH-Northampton_-2024-11-25-SCHEDULE_-_NN260503_v4_bod__SCNH_PF1118394_6_20260503-BODS_V1_1.xml,8,12
107-None--SCNH-Northampton_-2024-11-25-SCHEDULE_-_NN260503_v4_bod__SCNH_PF1118394_6_20260503-BODS_V1_1.xml,9,10
107-None--SCNH-Northampton_-2024-11-25-SCHEDULE_-_NN260503_v4_bod__SCNH_PF1118394_6_20260503-BODS_V1_1.xml,10,11
107-None--SCNH-Northampton_-2024-11-25-SCHEDULE_-_NN260503_v4_bod__SCNH_PF1118394_6_20260503-BODS_V1_1.xml,11,10
107-None--SCNH-Northampton_-2024-11-25-SCHEDULE_-_NN260503_v4_bod__SCNH_PF1118394_6_20260503-BODS_V1_1.xml,12,11
107-None--SCNH-Northampton_-2024-11-25-SCHEDULE_-_NN260503_v4_bod__SCNH_PF1118394_6_20260503-BODS_V1_1.xml,13,10
107-None--SCNH-Northampton_-2024-11-25-SCHEDULE_-_NN260503_v4_bod__SCNH_PF1118394_6_20260503-BODS_V1_1.xml,14,11
107-None--SCNH-Northampton_-2024-11-25-SCHEDULE_-_NN260503_v4_bod__SCNH_PF1118394_6_20260503-BODS_V1_1.xml,15,10
107-None--SCNH-Northampton_-2024-11-25-SCHEDULE_-_NN260503_v4_bod__SCNH_PF1118394_6_20260503-BODS_V1_1.xml,16,10
107-None--SCNH-Northampton_-2024-11-25-SCHEDULE_-_NN260503_v4_bod__SCNH_PF1118394_6_20260503-BODS_V1_1.xml,17,9
107-None--SCNH-Northampton_-2024-11-25-SCHEDULE_-_NN260503_v4_bod__SCNH_PF1118394_6_20260503-BODS_V1_1.xml,18,9
107-None--SCNH-Northampton_-2024-11-25-SCHEDULE_-_NN260503_v4_bod__SCNH_PF1118394_6_20260503-BODS_V1_1.xml,19,8
107-None--SCNH-Northampton_-2024-11-25-SCHEDULE_-_NN260503_v4_bod__SCNH_PF1118394_6_20260503-BODS_V1_1.xml,20,11
107-None--SCNH-Northampton_-2024-11-25-SCHEDULE_-_NN260503_v4_bod__SCNH_PF1118394_6_20260503-BODS_V1_1.xml,21,6
107-None--SCNH-Northampton_-2024-11-25-SCHEDULE_-_NN260503_v4_bod__SCNH_PF1118394_6_20260503-BODS_V1_1.xml,22,9
107-None--SCNH-Northampton_-2024-11-25-SCHEDULE_-_NN260503_v4_bod__SCNH_PF1118394_6_20260503-BODS_V1_1.xml,23,2
109-None--SCNH-Northampton_-2024-11-25-SCHEDULE_-_NN260503_v4_bod__SCNH_PF1118394_9_20260503-BODS_V1_1.xml,5,2
109-None--SCNH-Northampton_-2024-11-25-SCHEDULE_-_NN260503_v4_bod__SCNH_PF1118394_9_20260503-BODS_V1_1.xml,6,8
109-None--SCNH-Northampton_-2024-11-25-SCHEDULE_-_NN260503_v4_bod__SCNH_PF1118394_9_20260503-BODS_V1_1.xml,7,8
109-None--SCNH-Northampton_-2024-11-25-SCHEDULE_-_NN260503_v4_bod__SCNH_PF1118394_9_20260503-BODS_V1_1.xml,8,7
109-None--SCNH-Northampton_-2024-11-25-SCHEDULE_-_NN260503_v4_bod__SCNH_PF1118394_9_20260503-BODS_V1_1.xml,9,7
109-None--SCNH-Northampton_-2024-11-25-SCHEDULE_-_NN260503_v4_bod__SCNH_PF1118394_9_20260503-BODS_V1_1.xml,10,8
109-None--SCNH-Northampton_-2024-11-25-SCHEDULE_-_NN260503_v4_bod__SCNH_PF1118394_9_20260503-BODS_V1_1.xml,11,8
109-None--SCNH-Northampton_-2024-11-25-SCHEDULE_-_NN260503_v4_bod__SCNH_PF1118394_9_20260503-BODS_V1_1.xml,12,8
109-None--SCNH-Northampton_-2024-11-25-SCHEDULE_-_NN260503_v4_bod__SCNH_PF1118394_9_20260503-BODS_V1_1.xml,13,8
109-None--SCNH-Northampton_-2024-11-25-SCHEDULE_-_NN260503_v4_bod__SCNH_PF1118394_9_20260503-BODS_V1_1.xml,14,9
109-None--SCNH-Northampton_-2024-11-25-SCHEDULE_-_NN260503_v4_bod__SCNH_PF1118394_9_20260503-BODS_V1_1.xml,15,7
109-None--SCNH-Northampton_-2024-11-25-SCHEDULE_-_NN260503_v4_bod__SCNH_PF1118394_9_20260503-BODS_V1_1.xml,16,8
109-None--SCNH-Northampton_-2024-11-25-SCHEDULE_-_NN260503_v4_bod__SCNH_PF1118394_9_20260503-BODS_V1_1.xml,17,8
109-None--SCNH-Northampton_-2024-11-25-SCHEDULE_-_NN260503_v4_bod__SCNH_PF1118394_9_20260503-BODS_V1_1.xml,18,6
109-None--SCNH-Northampton_-2024-11-25-SCHEDULE_-_NN260503_v4_bod__SCNH_PF1118394_9_20260503-BODS_V1_1.xml,19,2
112-None--SCNH-Northampton_-2024-11-25-SCHEDULE_-_NN260503_v4_bod__SCNH_PF1118394_12_20260503-BODS_V1_1.xml,5,1
112-None--SCNH-Northampton_-2024-11-25-SCHEDULE_-_NN260503_v4_bod__SCNH_PF1118394_12_20260503-BODS_V1_1.xml,6,2
112-None--SCNH-Northampton_-2024-11-25-SCHEDULE_-_NN260503_v4_bod__SCNH_PF1118394_12_20260503-BODS_V1_1.xml,7,3
112-None--SCNH-Northampton_-2024-11-25-SCHEDULE_-_NN260503_v4_bod__SCNH_PF1118394_12_20260503-BODS_V1_1.xml,8,5
112-None--SCNH-Northampton_-2024-11-25-SCHEDULE_-_NN260503_v4_bod__SCNH_PF1118394_12_20260503-BODS_V1_1.xml,9,4
112-None--SCNH-Northampton_-2024-11-25-SCHEDULE_-_NN260503_v4_bod__SCNH_PF1118394_12_20260503-BODS_V1_1.xml,10,5
112-None--SCNH-Northampton_-2024-11-25-SCHEDULE_-_NN260503_v4_bod__SCNH_PF1118394_12_20260503-BODS_V1_1.xml,11,5
112-None--SCNH-Northampton_-2024-11-25-SCHEDULE_-_NN260503_v4_bod__SCNH_PF1118394_12_20260503-BODS_V1_1.xml,12,5
112-None--SCNH-Northampton_-2024-11-25-SCHEDULE_-_NN260503_v4_bod__SCNH_PF1118394_12_20260503-BODS_V1_1.xml,13,5
112-None--SCNH-Northampton_-2024-11-25-SCHEDULE_-_NN260503_v4_bod__SCNH_PF1118394_12_20260503-BODS_V1_1.xml,14,5
112-None--SCNH-Northampton_-2024-11-25-SCHEDULE_-_NN260503_v4_bod__SCNH_PF1118394_12_20260503-BODS_V1_1.xml,15,5
112-None--SCNH-Northampton_-2024-11-25-SCHEDULE_-_NN260503_v4_bod__SCNH_PF1118394_12_20260503-BODS_V1_1.xml,16,3
112-None--SCNH-Northampton_-2024-11-25-SCHEDULE_-_NN260503_v4_bod__SCNH_PF1118394_12_20260503-BODS_V1_1.xml,17,5
112-None--SCNH-Northampton_-2024-11-25-SCHEDULE_-_NN260503_v4_bod__SCNH_PF1118394_12_20260503-BODS_V1_1.xml,18,3
112-None--SCNH-Northampton_-2024-11-25-SCHEDULE_-_NN260503_v4_bod__SCNH_PF1118394_12_20260503-BODS_V1_1.xml,19,4
112-None--SCNH-Northampton_-2024-11-25-SCHEDULE_-_NN260503_v4_bod__SCNH_PF1118394_12_20260503-BODS_V1_1.xml,20,2
116-None--SCNH-Northampton_-2024-11-25-SCHEDULE_-_NN260503_v4_bod__SCNH_PF1118394_15_20260503-BODS_V1_1.xml,5,2
116-None--SCNH-Northampton_-2024-11-25-SCHEDULE_-_NN260503_v4_bod__SCNH_PF1118394_15_20260503-BODS_V1_1.xml,6,9
116-None--SCNH-Northampton_-2024-11-25-SCHEDULE_-_NN260503_v4_bod__SCNH_PF1118394_15_20260503-BODS_V1_1.xml,7,14
116-None--SCNH-Northampton_-2024-11-25-SCHEDULE_-_NN260503_v4_bod__SCNH_PF1118394_15_20260503-BODS_V1_1.xml,8,16
116-None--SCNH-Northampton_-2024-11-25-SCHEDULE_-_NN260503_v4_bod__SCNH_PF1118394_15_20260503-BODS_V1_1.xml,9,21
116-None--SCNH-Northampton_-2024-11-25-SCHEDULE_-_NN260503_v4_bod__SCNH_PF1118394_15_20260503-BODS_V1_1.xml,10,22
116-None--SCNH-Northampton_-2024-11-25-SCHEDULE_-_NN260503_v4_bod__SCNH_PF1118394_15_20260503-BODS_V1_1.xml,11,22
116-None--SCNH-Northampton_-2024-11-25-SCHEDULE_-_NN260503_v4_bod__SCNH_PF1118394_15_20260503-BODS_V1_1.xml,12,22
116-None--SCNH-Northampton_-2024-11-25-SCHEDULE_-_NN260503_v4_bod__SCNH_PF1118394_15_20260503-BODS_V1_1.xml,13,22
116-None--SCNH-Northampton_-2024-11-25-SCHEDULE_-_NN260503_v4_bod__SCNH_PF1118394_15_20260503-BODS_V1_1.xml,14,22
116-None--SCNH-Northampton_-2024-11-25-SCHEDULE_-_NN260503_v4_bod__SCNH_PF1118394_15_20260503-BODS_V1_1.xml,15,21
116-None--SCNH-Northampton_-2024-11-25-SCHEDULE_-_NN260503_v4_bod__SCNH_PF1118394_15_20260503-BODS_V1_1.xml,16,19
116-None--SCNH-Northampton_-2024-11-25-SCHEDULE_-_NN260503_v4_bod__SCNH_PF1118394_15_20260503-BODS_V1_1.xml,17,19
116-None--SCNH-Northampton_-2024-11-25-SCHEDULE_-_NN260503_v4_bod__SCNH_PF1118394_15_20260503-BODS_V1_1.xml,18,18
116-None--SCNH-Northampton_-2024-11-25-SCHEDULE_-_NN260503_v4_bod__SCNH_PF1118394_15_20260503-BODS_V1_1.xml,19,13
116-None--SCNH-Northampton_-2024-11-25-SCHEDULE_-_NN260503_v4_bod__SCNH_PF1118394_15_20260503-BODS_V1_1.xml,20,11
116-None--SCNH-Northampton_-2024-11-25-SCHEDULE_-_NN260503_v4_bod__SCNH_PF1118394_15_20260503-BODS_V1_1.xml,21,10
116-None--SCNH-Northampton_-2024-11-25-SCHEDULE_-_NN260503_v4_bod__SCNH_PF1118394_15_20260503-BODS_V1_1.xml,22,9
116-None--SCNH-Northampton_-2024-11-25-SCHEDULE_-_NN260503_v4_bod__SCNH_PF1118394_15_20260503-BODS_V1_1.xml,23,8
120130-None--SSWL-WAPO-2026-03-30-Porth260330_Final_Version_v8_pr__SSWL_PG0006630_226_20260413-BODS_V1_1.xml,5,5
120130-None--SSWL-WAPO-2026-03-30-Porth260330_Final_Version_v8_pr__SSWL_PG0006630_226_20260413-BODS_V1_1.xml,6,14
120130-None--SSWL-WAPO-2026-03-30-Porth260330_Final_Version_v8_pr__SSWL_PG0006630_226_20260413-BODS_V1_1.xml,7,22
120130-None--SSWL-WAPO-2026-03-30-Porth260330_Final_Version_v8_pr__SSWL_PG0006630_226_20260413-BODS_V1_1.xml,8,17
120130-None--SSWL-WAPO-2026-03-30-Porth260330_Final_Version_v8_pr__SSWL_PG0006630_226_20260413-BODS_V1_1.xml,9,22
120130-None--SSWL-WAPO-2026-03-30-Porth260330_Final_Version_v8_pr__SSWL_PG0006630_226_20260413-BODS_V1_1.xml,10,18
120130-None--SSWL-WAPO-2026-03-30-Porth260330_Final_Version_v8_pr__SSWL_PG0006630_226_20260413-BODS_V1_1.xml,11,19
120130-None--SSWL-WAPO-2026-03-30-Porth260330_Final_Version_v8_pr__SSWL_PG0006630_226_20260413-BODS_V1_1.xml,12,19
120130-None--SSWL-WAPO-2026-03-30-Porth260330_Final_Version_v8_pr__SSWL_PG0006630_226_20260413-BODS_V1_1.xml,13,18
120130-None--SSWL-WAPO-2026-03-30-Porth260330_Final_Version_v8_pr__SSWL_PG0006630_226_20260413-BODS_V1_1.xml,14,19
120130-None--SSWL-WAPO-2026-03-30-Porth260330_Final_Version_v8_pr__SSWL_PG0006630_226_20260413-BODS_V1_1.xml,15,18
120130-None--SSWL-WAPO-2026-03-30-Porth260330_Final_Version_v8_pr__SSWL_PG0006630_226_20260413-BODS_V1_1.xml,16,18
120130-None--SSWL-WAPO-2026-03-30-Porth260330_Final_Version_v8_pr__SSWL_PG0006630_226_20260413-BODS_V1_1.xml,17,15
120130-None--SSWL-WAPO-2026-03-30-Porth260330_Final_Version_v8_pr__SSWL_PG0006630_226_20260413-BODS_V1_1.xml,18,13
120130-None--SSWL-WAPO-2026-03-30-Porth260330_Final_Version_v8_pr__SSWL_PG0006630_226_20260413-BODS_V1_1.xml,19,5
120130-None--SSWL-WAPO-2026-03-30-Porth260330_Final_Version_v8_pr__SSWL_PG0006630_226_20260413-BODS_V1_1.xml,20,6
120130-None--SSWL-WAPO-2026-03-30-Porth260330_Final_Version_v8_pr__SSWL_PG0006630_226_20260413-BODS_V1_1.xml,21,4
120130-None--SSWL-WAPO-2026-03-30-Porth260330_Final_Version_v8_pr__SSWL_PG0006630_226_20260413-BODS_V1_1.xml,22,8
120130-None--SSWL-WAPO-2026-03-30-Porth260330_Final_Version_v8_pr__SSWL_PG0006630_226_20260413-BODS_V1_1.xml,23,2
121-None--SSWL-WAPO-2026-03-30-Porth260330_Final_Version_v8_proto__SSWL_PG0006630_302_20260412-BODS_V1_1.xml,7,3
121-None--SSWL-WAPO-2026-03-30-Porth260330_Final_Version_v8_proto__SSWL_PG0006630_302_20260412-BODS_V1_1.xml,8,1
121-None--SSWL-WAPO-2026-03-30-Porth260330_Final_Version_v8_proto__SSWL_PG0006630_302_20260412-BODS_V1_1.xml,9,4
121-None--SSWL-WAPO-2026-03-30-Porth260330_Final_Version_v8_proto__SSWL_PG0006630_302_20260412-BODS_V1_1.xml,10,4
121-None--SSWL-WAPO-2026-03-30-Porth260330_Final_Version_v8_proto__SSWL_PG0006630_302_20260412-BODS_V1_1.xml,11,4
121-None--SSWL-WAPO-2026-03-30-Porth260330_Final_Version_v8_proto__SSWL_PG0006630_302_20260412-BODS_V1_1.xml,12,4
121-None--SSWL-WAPO-2026-03-30-Porth260330_Final_Version_v8_proto__SSWL_PG0006630_302_20260412-BODS_V1_1.xml,13,4
121-None--SSWL-WAPO-2026-03-30-Porth260330_Final_Version_v8_proto__SSWL_PG0006630_302_20260412-BODS_V1_1.xml,14,4
121-None--SSWL-WAPO-2026-03-30-Porth260330_Final_Version_v8_proto__SSWL_PG0006630_302_20260412-BODS_V1_1.xml,15,3
121-None--SSWL-WAPO-2026-03-30-Porth260330_Final_Version_v8_proto__SSWL_PG0006630_302_20260412-BODS_V1_1.xml,16,5
121-None--SSWL-WAPO-2026-03-30-Porth260330_Final_Version_v8_proto__SSWL_PG0006630_302_20260412-BODS_V1_1.xml,17,4
121-None--SSWL-WAPO-2026-03-30-Porth260330_Final_Version_v8_proto__SSWL_PG0006630_302_20260412-BODS_V1_1.xml,18,4
121-None--SSWL-WAPO-2026-03-30-Porth260330_Final_Version_v8_proto__SSWL_PG0006630_302_20260412-BODS_V1_1.xml,19,2
122-None--SSWL-WAPO-2026-03-30-Porth260330_Final_Version_v8_proto__SSWL_PG0006630_227_20260412-BODS_V1_1.xml,5,3
122-None--SSWL-WAPO-2026-03-30-Porth260330_Final_Version_v8_proto__SSWL_PG0006630_227_20260412-BODS_V1_1.xml,6,8
122-None--SSWL-WAPO-2026-03-30-Porth260330_Final_Version_v8_proto__SSWL_PG0006630_227_20260412-BODS_V1_1.xml,7,6
122-None--SSWL-WAPO-2026-03-30-Porth260330_Final_Version_v8_proto__SSWL_PG0006630_227_20260412-BODS_V1_1.xml,8,9
122-None--SSWL-WAPO-2026-03-30-Porth260330_Final_Version_v8_proto__SSWL_PG0006630_227_20260412-BODS_V1_1.xml,9,10
122-None--SSWL-WAPO-2026-03-30-Porth260330_Final_Version_v8_proto__SSWL_PG0006630_227_20260412-BODS_V1_1.xml,10,9
122-None--SSWL-WAPO-2026-03-30-Porth260330_Final_Version_v8_proto__SSWL_PG0006630_227_20260412-BODS_V1_1.xml,11,9
122-None--SSWL-WAPO-2026-03-30-Porth260330_Final_Version_v8_proto__SSWL_PG0006630_227_20260412-BODS_V1_1.xml,12,9
122-None--SSWL-WAPO-2026-03-30-Porth260330_Final_Version_v8_proto__SSWL_PG0006630_227_20260412-BODS_V1_1.xml,13,9
122-None--SSWL-WAPO-2026-03-30-Porth260330_Final_Version_v8_proto__SSWL_PG0006630_227_20260412-BODS_V1_1.xml,14,9
122-None--SSWL-WAPO-2026-03-30-Porth260330_Final_Version_v8_proto__SSWL_PG0006630_227_20260412-BODS_V1_1.xml,15,8
122-None--SSWL-WAPO-2026-03-30-Porth260330_Final_Version_v8_proto__SSWL_PG0006630_227_20260412-BODS_V1_1.xml,16,9
122-None--SSWL-WAPO-2026-03-30-Porth260330_Final_Version_v8_proto__SSWL_PG0006630_227_20260412-BODS_V1_1.xml,17,8
122-None--SSWL-WAPO-2026-03-30-Porth260330_Final_Version_v8_proto__SSWL_PG0006630_227_20260412-BODS_V1_1.xml,18,4
122-None--SSWL-WAPO-2026-03-30-Porth260330_Final_Version_v8_proto__SSWL_PG0006630_227_20260412-BODS_V1_1.xml,19,2
122-None--SSWL-WAPO-2026-03-30-Porth260330_Final_Version_v8_proto__SSWL_PG0006630_227_20260412-BODS_V1_1.xml,20,4
122-None--SSWL-WAPO-2026-03-30-Porth260330_Final_Version_v8_proto__SSWL_PG0006630_227_20260412-BODS_V1_1.xml,22,2
124-None--SSWL-WAPO-2026-03-30-Porth260330_Final_Version_v8_proto__SSWL_PG0006630_245_20260412-BODS_V1_1.xml,6,7
124-None--SSWL-WAPO-2026-03-30-Porth260330_Final_Version_v8_proto__SSWL_PG0006630_245_20260412-BODS_V1_1.xml,7,6
124-None--SSWL-WAPO-2026-03-30-Porth260330_Final_Version_v8_proto__SSWL_PG0006630_245_20260412-BODS_V1_1.xml,8,3
124-None--SSWL-WAPO-2026-03-30-Porth260330_Final_Version_v8_proto__SSWL_PG0006630_245_20260412-BODS_V1_1.xml,9,5
124-None--SSWL-WAPO-2026-03-30-Porth260330_Final_Version_v8_proto__SSWL_PG0006630_245_20260412-BODS_V1_1.xml,10,4
124-None--SSWL-WAPO-2026-03-30-Porth260330_Final_Version_v8_proto__SSWL_PG0006630_245_20260412-BODS_V1_1.xml,11,4
124-None--SSWL-WAPO-2026-03-30-Porth260330_Final_Version_v8_proto__SSWL_PG0006630_245_20260412-BODS_V1_1.xml,12,4
124-None--SSWL-WAPO-2026-03-30-Porth260330_Final_Version_v8_proto__SSWL_PG0006630_245_20260412-BODS_V1_1.xml,13,5
124-None--SSWL-WAPO-2026-03-30-Porth260330_Final_Version_v8_proto__SSWL_PG0006630_245_20260412-BODS_V1_1.xml,14,4
124-None--SSWL-WAPO-2026-03-30-Porth260330_Final_Version_v8_proto__SSWL_PG0006630_245_20260412-BODS_V1_1.xml,15,2
124-None--SSWL-WAPO-2026-03-30-Porth260330_Final_Version_v8_proto__SSWL_PG0006630_245_20260412-BODS_V1_1.xml,16,5
124-None--SSWL-WAPO-2026-03-30-Porth260330_Final_Version_v8_proto__SSWL_PG0006630_245_20260412-BODS_V1_1.xml,17,4
124-None--SSWL-WAPO-2026-03-30-Porth260330_Final_Version_v8_proto__SSWL_PG0006630_245_20260412-BODS_V1_1.xml,18,3
124-None--SSWL-WAPO-2026-03-30-Porth260330_Final_Version_v8_proto__SSWL_PG0006630_245_20260412-BODS_V1_1.xml,19,5
124-None--SSWL-WAPO-2026-03-30-Porth260330_Final_Version_v8_proto__SSWL_PG0006630_245_20260412-BODS_V1_1.xml,20,3
124-None--SSWL-WAPO-2026-03-30-Porth260330_Final_Version_v8_proto__SSWL_PG0006630_245_20260412-BODS_V1_1.xml,21,1
12A-None--SCNH-Northampton_-2024-11-25-SCHEDULE_-_NN260503_v4_bod__SCNH_PF1118394_159_20260503-BODS_V1_1.xml,5,1
12A-None--SCNH-Northampton_-2024-11-25-SCHEDULE_-_NN260503_v4_bod__SCNH_PF1118394_159_20260503-BODS_V1_1.xml,6,4
12A-None--SCNH-Northampton_-2024-11-25-SCHEDULE_-_NN260503_v4_bod__SCNH_PF1118394_159_20260503-BODS_V1_1.xml,7,3
12A-None--SCNH-Northampton_-2024-11-25-SCHEDULE_-_NN260503_v4_bod__SCNH_PF1118394_159_20260503-BODS_V1_1.xml,8,6
12A-None--SCNH-Northampton_-2024-11-25-SCHEDULE_-_NN260503_v4_bod__SCNH_PF1118394_159_20260503-BODS_V1_1.xml,9,6
12A-None--SCNH-Northampton_-2024-11-25-SCHEDULE_-_NN260503_v4_bod__SCNH_PF1118394_159_20260503-BODS_V1_1.xml,10,5
12A-None--SCNH-Northampton_-2024-11-25-SCHEDULE_-_NN260503_v4_bod__SCNH_PF1118394_159_20260503-BODS_V1_1.xml,11,4
12A-None--SCNH-Northampton_-2024-11-25-SCHEDULE_-_NN260503_v4_bod__SCNH_PF1118394_159_20260503-BODS_V1_1.xml,12,5
12A-None--SCNH-Northampton_-2024-11-25-SCHEDULE_-_NN260503_v4_bod__SCNH_PF1118394_159_20260503-BODS_V1_1.xml,13,5
12A-None--SCNH-Northampton_-2024-11-25-SCHEDULE_-_NN260503_v4_bod__SCNH_PF1118394_159_20260503-BODS_V1_1.xml,14,4
12A-None--SCNH-Northampton_-2024-11-25-SCHEDULE_-_NN260503_v4_bod__SCNH_PF1118394_159_20260503-BODS_V1_1.xml,15,5
12A-None--SCNH-Northampton_-2024-11-25-SCHEDULE_-_NN260503_v4_bod__SCNH_PF1118394_159_20260503-BODS_V1_1.xml,16,5
12A-None--SCNH-Northampton_-2024-11-25-SCHEDULE_-_NN260503_v4_bod__SCNH_PF1118394_159_20260503-BODS_V1_1.xml,17,4
12A-None--SCNH-Northampton_-2024-11-25-SCHEDULE_-_NN260503_v4_bod__SCNH_PF1118394_159_20260503-BODS_V1_1.xml,18,3
12A-None--SCNH-Northampton_-2024-11-25-SCHEDULE_-_NN260503_v4_bod__SCNH_PF1118394_159_20260503-BODS_V1_1.xml,19,2
12A-None--SCNH-Northampton_-2024-11-25-SCHEDULE_-_NN260503_v4_bod__SCNH_PF1118394_159_20260503-BODS_V1_1.xml,20,2
13-None--SCNH-Northampton_-2024-11-25-SCHEDULE_-_NN260503_v4_bods__SCNH_PF1118394_226_20260503-BODS_V1_1.xml,9,3
13-None--SCNH-Northampton_-2024-11-25-SCHEDULE_-_NN260503_v4_bods__SCNH_PF1118394_226_20260503-BODS_V1_1.xml,10,3
13-None--SCNH-Northampton_-2024-11-25-SCHEDULE_-_NN260503_v4_bods__SCNH_PF1118394_226_20260503-BODS_V1_1.xml,11,3
13-None--SCNH-Northampton_-2024-11-25-SCHEDULE_-_NN260503_v4_bods__SCNH_PF1118394_226_20260503-BODS_V1_1.xml,12,1
13-None--SCNH-Northampton_-2024-11-25-SCHEDULE_-_NN260503_v4_bods__SCNH_PF1118394_226_20260503-BODS_V1_1.xml,13,3
13-None--SCNH-Northampton_-2024-11-25-SCHEDULE_-_NN260503_v4_bods__SCNH_PF1118394_226_20260503-BODS_V1_1.xml,14,3
13-None--SCNH-Northampton_-2024-11-25-SCHEDULE_-_NN260503_v4_bods__SCNH_PF1118394_226_20260503-BODS_V1_1.xml,15,1
132-None--SSWL-WAPO-2026-03-30-Porth260330_Final_Version_v8_proto__SSWL_PG0006630_179_20260412-BODS_V1_1.xml,0,2
132-None--SSWL-WAPO-2026-03-30-Porth260330_Final_Version_v8_proto__SSWL_PG0006630_179_20260412-BODS_V1_1.xml,4,5
132-None--SSWL-WAPO-2026-03-30-Porth260330_Final_Version_v8_proto__SSWL_PG0006630_179_20260412-BODS_V1_1.xml,5,10
132-None--SSWL-WAPO-2026-03-30-Porth260330_Final_Version_v8_proto__SSWL_PG0006630_179_20260412-BODS_V1_1.xml,6,14
132-None--SSWL-WAPO-2026-03-30-Porth260330_Final_Version_v8_proto__SSWL_PG0006630_179_20260412-BODS_V1_1.xml,7,12
132-None--SSWL-WAPO-2026-03-30-Porth260330_Final_Version_v8_proto__SSWL_PG0006630_179_20260412-BODS_V1_1.xml,8,17
132-None--SSWL-WAPO-2026-03-30-Porth260330_Final_Version_v8_proto__SSWL_PG0006630_179_20260412-BODS_V1_1.xml,9,22
132-None--SSWL-WAPO-2026-03-30-Porth260330_Final_Version_v8_proto__SSWL_PG0006630_179_20260412-BODS_V1_1.xml,10,19
132-None--SSWL-WAPO-2026-03-30-Porth260330_Final_Version_v8_proto__SSWL_PG0006630_179_20260412-BODS_V1_1.xml,11,18
132-None--SSWL-WAPO-2026-03-30-Porth260330_Final_Version_v8_proto__SSWL_PG0006630_179_20260412-BODS_V1_1.xml,12,18
132-None--SSWL-WAPO-2026-03-30-Porth260330_Final_Version_v8_proto__SSWL_PG0006630_179_20260412-BODS_V1_1.xml,13,18
132-None--SSWL-WAPO-2026-03-30-Porth260330_Final_Version_v8_proto__SSWL_PG0006630_179_20260412-BODS_V1_1.xml,14,17
132-None--SSWL-WAPO-2026-03-30-Porth260330_Final_Version_v8_proto__SSWL_PG0006630_179_20260412-BODS_V1_1.xml,15,16
132-None--SSWL-WAPO-2026-03-30-Porth260330_Final_Version_v8_proto__SSWL_PG0006630_179_20260412-BODS_V1_1.xml,16,14
132-None--SSWL-WAPO-2026-03-30-Porth260330_Final_Version_v8_proto__SSWL_PG0006630_179_20260412-BODS_V1_1.xml,17,12
132-None--SSWL-WAPO-2026-03-30-Porth260330_Final_Version_v8_proto__SSWL_PG0006630_179_20260412-BODS_V1_1.xml,18,11
132-None--SSWL-WAPO-2026-03-30-Porth260330_Final_Version_v8_proto__SSWL_PG0006630_179_20260412-BODS_V1_1.xml,19,7
132-None--SSWL-WAPO-2026-03-30-Porth260330_Final_Version_v8_proto__SSWL_PG0006630_179_20260412-BODS_V1_1.xml,20,4
132-None--SSWL-WAPO-2026-03-30-Porth260330_Final_Version_v8_proto__SSWL_PG0006630_179_20260412-BODS_V1_1.xml,21,4
132-None--SSWL-WAPO-2026-03-30-Porth260330_Final_Version_v8_proto__SSWL_PG0006630_179_20260412-BODS_V1_1.xml,22,4
132-None--SSWL-WAPO-2026-03-30-Porth260330_Final_Version_v8_proto__SSWL_PG0006630_179_20260412-BODS_V1_1.xml,23,2
133-None--SSWL-WAPO-2026-03-30-Porth260330_Final_Version_v8_proto__SSWL_PG0006630_230_20260412-BODS_V1_1.xml,8,1
133-None--SSWL-WAPO-2026-03-30-Porth260330_Final_Version_v8_proto__SSWL_PG0006630_230_20260412-BODS_V1_1.xml,15,1
137-None--SSWL-WAPO-2026-03-30-Porth260330_Final_Version_v8_proto__SSWL_PG0006630_234_20260412-BODS_V1_1.xml,10,2
137-None--SSWL-WAPO-2026-03-30-Porth260330_Final_Version_v8_proto__SSWL_PG0006630_234_20260412-BODS_V1_1.xml,12,2
137-None--SSWL-WAPO-2026-03-30-Porth260330_Final_Version_v8_proto__SSWL_PG0006630_234_20260412-BODS_V1_1.xml,14,2
137-None--SSWL-WAPO-2026-03-30-Porth260330_Final_Version_v8_proto__SSWL_PG0006630_234_20260412-BODS_V1_1.xml,17,2
138-None--SSWL-WAPO-2026-03-30-Porth260330_Final_Version_v8_proto__SSWL_PG0006630_235_20260412-BODS_V1_1.xml,10,2
138-None--SSWL-WAPO-2026-03-30-Porth260330_Final_Version_v8_proto__SSWL_PG0006630_235_20260412-BODS_V1_1.xml,12,2
138-None--SSWL-WAPO-2026-03-30-Porth260330_Final_Version_v8_proto__SSWL_PG0006630_235_20260412-BODS_V1_1.xml,14,2
138-None--SSWL-WAPO-2026-03-30-Porth260330_Final_Version_v8_proto__SSWL_PG0006630_235_20260412-BODS_V1_1.xml,15,2
138-None--SSWL-WAPO-2026-03-30-Porth260330_Final_Version_v8_proto__SSWL_PG0006630_235_20260412-BODS_V1_1.xml,17,2
139-None--SCNH-Northampton_-2024-11-25-SCHEDULE_-_NN260503_v4_bod__SCNH_PF1118394_23_20260503-BODS_V1_1.xml,6,2
139-None--SCNH-Northampton_-2024-11-25-SCHEDULE_-_NN260503_v4_bod__SCNH_PF1118394_23_20260503-BODS_V1_1.xml,7,2
139-None--SCNH-Northampton_-2024-11-25-SCHEDULE_-_NN260503_v4_bod__SCNH_PF1118394_23_20260503-BODS_V1_1.xml,8,1
139-None--SCNH-Northampton_-2024-11-25-SCHEDULE_-_NN260503_v4_bod__SCNH_PF1118394_23_20260503-BODS_V1_1.xml,16,1
14-None--SCNH-Northampton_-2024-11-25-SCHEDULE_-_NN260503_v4_bods__SCNH_PF1118394_172_20260503-BODS_V1_1.xml,5,1
14-None--SCNH-Northampton_-2024-11-25-SCHEDULE_-_NN260503_v4_bods__SCNH_PF1118394_172_20260503-BODS_V1_1.xml,6,2
14-None--SCNH-Northampton_-2024-11-25-SCHEDULE_-_NN260503_v4_bods__SCNH_PF1118394_172_20260503-BODS_V1_1.xml,7,2
14-None--SCNH-Northampton_-2024-11-25-SCHEDULE_-_NN260503_v4_bods__SCNH_PF1118394_172_20260503-BODS_V1_1.xml,8,1
14-None--SCNH-Northampton_-2024-11-25-SCHEDULE_-_NN260503_v4_bods__SCNH_PF1118394_172_20260503-BODS_V1_1.xml,9,3
14-None--SCNH-Northampton_-2024-11-25-SCHEDULE_-_NN260503_v4_bods__SCNH_PF1118394_172_20260503-BODS_V1_1.xml,10,3
14-None--SCNH-Northampton_-2024-11-25-SCHEDULE_-_NN260503_v4_bods__SCNH_PF1118394_172_20260503-BODS_V1_1.xml,11,3
14-None--SCNH-Northampton_-2024-11-25-SCHEDULE_-_NN260503_v4_bods__SCNH_PF1118394_172_20260503-BODS_V1_1.xml,12,3
14-None--SCNH-Northampton_-2024-11-25-SCHEDULE_-_NN260503_v4_bods__SCNH_PF1118394_172_20260503-BODS_V1_1.xml,13,3
14-None--SCNH-Northampton_-2024-11-25-SCHEDULE_-_NN260503_v4_bods__SCNH_PF1118394_172_20260503-BODS_V1_1.xml,14,3
14-None--SCNH-Northampton_-2024-11-25-SCHEDULE_-_NN260503_v4_bods__SCNH_PF1118394_172_20260503-BODS_V1_1.xml,15,2
14-None--SCNH-Northampton_-2024-11-25-SCHEDULE_-_NN260503_v4_bods__SCNH_PF1118394_172_20260503-BODS_V1_1.xml,16,3
14-None--SCNH-Northampton_-2024-11-25-SCHEDULE_-_NN260503_v4_bods__SCNH_PF1118394_172_20260503-BODS_V1_1.xml,17,3
14-None--SCNH-Northampton_-2024-11-25-SCHEDULE_-_NN260503_v4_bods__SCNH_PF1118394_172_20260503-BODS_V1_1.xml,18,2
14-None--SCNH-Northampton_-2024-11-25-SCHEDULE_-_NN260503_v4_bods__SCNH_PF1118394_172_20260503-BODS_V1_1.xml,19,2
15-None--SCNH-Northampton_-2024-11-25-SCHEDULE_-_NN260503_v4_bods__SCNH_PF1118394_14_20260503-BODS_V1_1.xml,6,8
15-None--SCNH-Northampton_-2024-11-25-SCHEDULE_-_NN260503_v4_bods__SCNH_PF1118394_14_20260503-BODS_V1_1.xml,7,8
15-None--SCNH-Northampton_-2024-11-25-SCHEDULE_-_NN260503_v4_bods__SCNH_PF1118394_14_20260503-BODS_V1_1.xml,8,5
15-None--SCNH-Northampton_-2024-11-25-SCHEDULE_-_NN260503_v4_bods__SCNH_PF1118394_14_20260503-BODS_V1_1.xml,9,10
15-None--SCNH-Northampton_-2024-11-25-SCHEDULE_-_NN260503_v4_bods__SCNH_PF1118394_14_20260503-BODS_V1_1.xml,10,12
15-None--SCNH-Northampton_-2024-11-25-SCHEDULE_-_NN260503_v4_bods__SCNH_PF1118394_14_20260503-BODS_V1_1.xml,11,12
15-None--SCNH-Northampton_-2024-11-25-SCHEDULE_-_NN260503_v4_bods__SCNH_PF1118394_14_20260503-BODS_V1_1.xml,12,12
15-None--SCNH-Northampton_-2024-11-25-SCHEDULE_-_NN260503_v4_bods__SCNH_PF1118394_14_20260503-BODS_V1_1.xml,13,12
15-None--SCNH-Northampton_-2024-11-25-SCHEDULE_-_NN260503_v4_bods__SCNH_PF1118394_14_20260503-BODS_V1_1.xml,14,12
15-None--SCNH-Northampton_-2024-11-25-SCHEDULE_-_NN260503_v4_bods__SCNH_PF1118394_14_20260503-BODS_V1_1.xml,15,12
15-None--SCNH-Northampton_-2024-11-25-SCHEDULE_-_NN260503_v4_bods__SCNH_PF1118394_14_20260503-BODS_V1_1.xml,16,12
15-None--SCNH-Northampton_-2024-11-25-SCHEDULE_-_NN260503_v4_bods__SCNH_PF1118394_14_20260503-BODS_V1_1.xml,17,12
15-None--SCNH-Northampton_-2024-11-25-SCHEDULE_-_NN260503_v4_bods__SCNH_PF1118394_14_20260503-BODS_V1_1.xml,18,9
15-None--SCNH-Northampton_-2024-11-25-SCHEDULE_-_NN260503_v4_bods__SCNH_PF1118394_14_20260503-BODS_V1_1.xml,19,6
15-None--SCNH-Northampton_-2024-11-25-SCHEDULE_-_NN260503_v4_bods__SCNH_PF1118394_14_20260503-BODS_V1_1.xml,20,4
15-None--SCNH-Northampton_-2024-11-25-SCHEDULE_-_NN260503_v4_bods__SCNH_PF1118394_14_20260503-BODS_V1_1.xml,21,4
15-None--SCNH-Northampton_-2024-11-25-SCHEDULE_-_NN260503_v4_bods__SCNH_PF1118394_14_20260503-BODS_V1_1.xml,22,4
15-None--SCNH-Northampton_-2024-11-25-SCHEDULE_-_NN260503_v4_bods__SCNH_PF1118394_14_20260503-BODS_V1_1.xml,23,4
15-None--SSWL-WACW-2026-03-29-Cwmbran260329_Roster_New_Protocols__SSWL_PG0006630_66_20260413-BODS_V1_1.xml,6,12
15-None--SSWL-WACW-2026-03-29-Cwmbran260329_Roster_New_Protocols__SSWL_PG0006630_66_20260413-BODS_V1_1.xml,7,12
15-None--SSWL-WACW-2026-03-29-Cwmbran260329_Roster_New_Protocols__SSWL_PG0006630_66_20260413-BODS_V1_1.xml,8,14
15-None--SSWL-WACW-2026-03-29-Cwmbran260329_Roster_New_Protocols__SSWL_PG0006630_66_20260413-BODS_V1_1.xml,9,16
15-None--SSWL-WACW-2026-03-29-Cwmbran260329_Roster_New_Protocols__SSWL_PG0006630_66_20260413-BODS_V1_1.xml,10,18
15-None--SSWL-WACW-2026-03-29-Cwmbran260329_Roster_New_Protocols__SSWL_PG0006630_66_20260413-BODS_V1_1.xml,11,16
15-None--SSWL-WACW-2026-03-29-Cwmbran260329_Roster_New_Protocols__SSWL_PG0006630_66_20260413-BODS_V1_1.xml,12,18
15-None--SSWL-WACW-2026-03-29-Cwmbran260329_Roster_New_Protocols__SSWL_PG0006630_66_20260413-BODS_V1_1.xml,13,16
15-None--SSWL-WACW-2026-03-29-Cwmbran260329_Roster_New_Protocols__SSWL_PG0006630_66_20260413-BODS_V1_1.xml,14,18
15-None--SSWL-WACW-2026-03-29-Cwmbran260329_Roster_New_Protocols__SSWL_PG0006630_66_20260413-BODS_V1_1.xml,15,16
15-None--SSWL-WACW-2026-03-29-Cwmbran260329_Roster_New_Protocols__SSWL_PG0006630_66_20260413-BODS_V1_1.xml,16,18
15-None--SSWL-WACW-2026-03-29-Cwmbran260329_Roster_New_Protocols__SSWL_PG0006630_66_20260413-BODS_V1_1.xml,17,12
15-None--SSWL-WACW-2026-03-29-Cwmbran260329_Roster_New_Protocols__SSWL_PG0006630_66_20260413-BODS_V1_1.xml,18,8
150-None--SSWL-WAPO-2026-03-30-Porth260330_Final_Version_v8_proto__SSWL_PG0006630_237_20260412-BODS_V1_1.xml,6,2
150-None--SSWL-WAPO-2026-03-30-Porth260330_Final_Version_v8_proto__SSWL_PG0006630_237_20260412-BODS_V1_1.xml,7,8
150-None--SSWL-WAPO-2026-03-30-Porth260330_Final_Version_v8_proto__SSWL_PG0006630_237_20260412-BODS_V1_1.xml,8,8
150-None--SSWL-WAPO-2026-03-30-Porth260330_Final_Version_v8_proto__SSWL_PG0006630_237_20260412-BODS_V1_1.xml,9,8
150-None--SSWL-WAPO-2026-03-30-Porth260330_Final_Version_v8_proto__SSWL_PG0006630_237_20260412-BODS_V1_1.xml,10,8
150-None--SSWL-WAPO-2026-03-30-Porth260330_Final_Version_v8_proto__SSWL_PG0006630_237_20260412-BODS_V1_1.xml,11,8
150-None--SSWL-WAPO-2026-03-30-Porth260330_Final_Version_v8_proto__SSWL_PG0006630_237_20260412-BODS_V1_1.xml,12,8
150-None--SSWL-WAPO-2026-03-30-Porth260330_Final_Version_v8_proto__SSWL_PG0006630_237_20260412-BODS_V1_1.xml,13,8
150-None--SSWL-WAPO-2026-03-30-Porth260330_Final_Version_v8_proto__SSWL_PG0006630_237_20260412-BODS_V1_1.xml,14,8
150-None--SSWL-WAPO-2026-03-30-Porth260330_Final_Version_v8_proto__SSWL_PG0006630_237_20260412-BODS_V1_1.xml,15,8
150-None--SSWL-WAPO-2026-03-30-Porth260330_Final_Version_v8_proto__SSWL_PG0006630_237_20260412-BODS_V1_1.xml,16,8
150-None--SSWL-WAPO-2026-03-30-Porth260330_Final_Version_v8_proto__SSWL_PG0006630_237_20260412-BODS_V1_1.xml,17,8
150-None--SSWL-WAPO-2026-03-30-Porth260330_Final_Version_v8_proto__SSWL_PG0006630_237_20260412-BODS_V1_1.xml,18,8
150-None--SSWL-WAPO-2026-03-30-Porth260330_Final_Version_v8_proto__SSWL_PG0006630_237_20260412-BODS_V1_1.xml,19,2
150-None--SSWL-WAPO-2026-03-30-Porth260330_Final_Version_v8_proto__SSWL_PG0006630_237_20260412-BODS_V1_1.xml,20,2
150-None--SSWL-WAPO-2026-03-30-Porth260330_Final_Version_v8_proto__SSWL_PG0006630_237_20260412-BODS_V1_1.xml,21,2
150-None--SSWL-WAPO-2026-03-30-Porth260330_Final_Version_v8_proto__SSWL_PG0006630_237_20260412-BODS_V1_1.xml,22,2
150-None--SSWL-WAPO-2026-03-30-Porth260330_Final_Version_v8_proto__SSWL_PG0006630_237_20260412-BODS_V1_1.xml,23,2
151-None--SSWL-WACW-2026-03-29-Cwmbran260329_Roster_New_Protocols__SSWL_PG0006630_193_20260413-BODS_V1_1.xml,5,3
151-None--SSWL-WACW-2026-03-29-Cwmbran260329_Roster_New_Protocols__SSWL_PG0006630_193_20260413-BODS_V1_1.xml,6,10
151-None--SSWL-WACW-2026-03-29-Cwmbran260329_Roster_New_Protocols__SSWL_PG0006630_193_20260413-BODS_V1_1.xml,7,12
151-None--SSWL-WACW-2026-03-29-Cwmbran260329_Roster_New_Protocols__SSWL_PG0006630_193_20260413-BODS_V1_1.xml,8,17
151-None--SSWL-WACW-2026-03-29-Cwmbran260329_Roster_New_Protocols__SSWL_PG0006630_193_20260413-BODS_V1_1.xml,9,18
151-None--SSWL-WACW-2026-03-29-Cwmbran260329_Roster_New_Protocols__SSWL_PG0006630_193_20260413-BODS_V1_1.xml,10,18
151-None--SSWL-WACW-2026-03-29-Cwmbran260329_Roster_New_Protocols__SSWL_PG0006630_193_20260413-BODS_V1_1.xml,11,18
151-None--SSWL-WACW-2026-03-29-Cwmbran260329_Roster_New_Protocols__SSWL_PG0006630_193_20260413-BODS_V1_1.xml,12,18
151-None--SSWL-WACW-2026-03-29-Cwmbran260329_Roster_New_Protocols__SSWL_PG0006630_193_20260413-BODS_V1_1.xml,13,18
151-None--SSWL-WACW-2026-03-29-Cwmbran260329_Roster_New_Protocols__SSWL_PG0006630_193_20260413-BODS_V1_1.xml,14,18
151-None--SSWL-WACW-2026-03-29-Cwmbran260329_Roster_New_Protocols__SSWL_PG0006630_193_20260413-BODS_V1_1.xml,15,16
151-None--SSWL-WACW-2026-03-29-Cwmbran260329_Roster_New_Protocols__SSWL_PG0006630_193_20260413-BODS_V1_1.xml,16,16
151-None--SSWL-WACW-2026-03-29-Cwmbran260329_Roster_New_Protocols__SSWL_PG0006630_193_20260413-BODS_V1_1.xml,17,15
151-None--SSWL-WACW-2026-03-29-Cwmbran260329_Roster_New_Protocols__SSWL_PG0006630_193_20260413-BODS_V1_1.xml,18,9
151-None--SSWL-WACW-2026-03-29-Cwmbran260329_Roster_New_Protocols__SSWL_PG0006630_193_20260413-BODS_V1_1.xml,19,6
151-None--SSWL-WACW-2026-03-29-Cwmbran260329_Roster_New_Protocols__SSWL_PG0006630_193_20260413-BODS_V1_1.xml,20,5
151-None--SSWL-WACW-2026-03-29-Cwmbran260329_Roster_New_Protocols__SSWL_PG0006630_193_20260413-BODS_V1_1.xml,21,5
151-None--SSWL-WACW-2026-03-29-Cwmbran260329_Roster_New_Protocols__SSWL_PG0006630_193_20260413-BODS_V1_1.xml,22,5
152-None--SCNH-Kettering-2024-01-21-KTCO260412_New_Fixed_Driver_p__SCNH_PF1118394_11_20260412-BODS_V1_1.xml,5,2
152-None--SCNH-Kettering-2024-01-21-KTCO260412_New_Fixed_Driver_p__SCNH_PF1118394_11_20260412-BODS_V1_1.xml,6,3
152-None--SCNH-Kettering-2024-01-21-KTCO260412_New_Fixed_Driver_p__SCNH_PF1118394_11_20260412-BODS_V1_1.xml,7,1
152-None--SCNH-Kettering-2024-01-21-KTCO260412_New_Fixed_Driver_p__SCNH_PF1118394_11_20260412-BODS_V1_1.xml,9,2
152-None--SCNH-Kettering-2024-01-21-KTCO260412_New_Fixed_Driver_p__SCNH_PF1118394_11_20260412-BODS_V1_1.xml,12,2
152-None--SCNH-Kettering-2024-01-21-KTCO260412_New_Fixed_Driver_p__SCNH_PF1118394_11_20260412-BODS_V1_1.xml,15,1
152-None--SCNH-Kettering-2024-01-21-KTCO260412_New_Fixed_Driver_p__SCNH_PF1118394_11_20260412-BODS_V1_1.xml,16,3
152-None--SCNH-Kettering-2024-01-21-KTCO260412_New_Fixed_Driver_p__SCNH_PF1118394_11_20260412-BODS_V1_1.xml,18,3
152-None--SSWL-WAPO-2026-03-30-Porth260330_Final_Version_v8_proto__SSWL_PG0006630_373_20260412-BODS_V1_1.xml,7,2
152-None--SSWL-WAPO-2026-03-30-Porth260330_Final_Version_v8_proto__SSWL_PG0006630_373_20260412-BODS_V1_1.xml,8,2
152-None--SSWL-WAPO-2026-03-30-Porth260330_Final_Version_v8_proto__SSWL_PG0006630_373_20260412-BODS_V1_1.xml,9,4
152-None--SSWL-WAPO-2026-03-30-Porth260330_Final_Version_v8_proto__SSWL_PG0006630_373_20260412-BODS_V1_1.xml,11,4
152-None--SSWL-WAPO-2026-03-30-Porth260330_Final_Version_v8_proto__SSWL_PG0006630_373_20260412-BODS_V1_1.xml,13,4
152-None--SSWL-WAPO-2026-03-30-Porth260330_Final_Version_v8_proto__SSWL_PG0006630_373_20260412-BODS_V1_1.xml,15,4
152-None--SSWL-WAPO-2026-03-30-Porth260330_Final_Version_v8_proto__SSWL_PG0006630_373_20260412-BODS_V1_1.xml,17,4
153-None--SCNH-Northampton_-2024-11-25-SCHEDULE_-_NN260503_v4_bod__SCNH_PF1118394_21_20260503-BODS_V1_1.xml,4,1
153-None--SCNH-Northampton_-2024-11-25-SCHEDULE_-_NN260503_v4_bod__SCNH_PF1118394_21_20260503-BODS_V1_1.xml,6,1
153-None--SCNH-Northampton_-2024-11-25-SCHEDULE_-_NN260503_v4_bod__SCNH_PF1118394_21_20260503-BODS_V1_1.xml,14,1
153-None--SCNH-Northampton_-2024-11-25-SCHEDULE_-_NN260503_v4_bod__SCNH_PF1118394_21_20260503-BODS_V1_1.xml,17,1
154-None--SCNH-Northampton_-2024-11-25-SCHEDULE_-_NN260503_v4_bod__SCNH_PF1118394_22_20260503-BODS_V1_1.xml,4,1
155-None--SSWL-WAPO-2026-03-30-Porth260330_Final_Version_v8_proto__SSWL_PG0006630_238_20260412-BODS_V1_1.xml,9,4
155-None--SSWL-WAPO-2026-03-30-Porth260330_Final_Version_v8_proto__SSWL_PG0006630_238_20260412-BODS_V1_1.xml,10,2
155-None--SSWL-WAPO-2026-03-30-Porth260330_Final_Version_v8_proto__SSWL_PG0006630_238_20260412-BODS_V1_1.xml,11,2
155-None--SSWL-WAPO-2026-03-30-Porth260330_Final_Version_v8_proto__SSWL_PG0006630_238_20260412-BODS_V1_1.xml,12,2
155-None--SSWL-WAPO-2026-03-30-Porth260330_Final_Version_v8_proto__SSWL_PG0006630_238_20260412-BODS_V1_1.xml,13,2
155-None--SSWL-WAPO-2026-03-30-Porth260330_Final_Version_v8_proto__SSWL_PG0006630_238_20260412-BODS_V1_1.xml,15,2
155-None--SSWL-WAPO-2026-03-30-Porth260330_Final_Version_v8_proto__SSWL_PG0006630_238_20260412-BODS_V1_1.xml,16,2
15A-None--SCNH-Leamington-2024-10-07-LS260502__SCNH_PD0000479_426_20260509-BODS_V1_1.xml,7,3
15A-None--SCNH-Leamington-2024-10-07-LS260502__SCNH_PD0000479_426_20260509-BODS_V1_1.xml,9,3
15A-None--SCNH-Leamington-2024-10-07-LS260502__SCNH_PD0000479_426_20260509-BODS_V1_1.xml,16,2
15A-None--SCNH-Leamington-2024-10-07-LS260502__SCNH_PD0000479_426_20260509-BODS_V1_1.xml,18,2
15A-None--SCNH-Leamington_-2024-10-07-LS260425_-_final_Bods__SCNH_PD0000479_426_20260502-BODS_V1_1.xml,7,3
15A-None--SCNH-Leamington_-2024-10-07-LS260425_-_final_Bods__SCNH_PD0000479_426_20260502-BODS_V1_1.xml,9,3
15A-None--SCNH-Leamington_-2024-10-07-LS260425_-_final_Bods__SCNH_PD0000479_426_20260502-BODS_V1_1.xml,16,2
15A-None--SCNH-Leamington_-2024-10-07-LS260425_-_final_Bods__SCNH_PD0000479_426_20260502-BODS_V1_1.xml,18,2
15C-None--SCNH-Leamington-2024-10-07-LS260502__SCNH_PD0000479_427_20260509-BODS_V1_1.xml,5,2
15C-None--SCNH-Leamington-2024-10-07-LS260502__SCNH_PD0000479_427_20260509-BODS_V1_1.xml,7,2
15C-None--SCNH-Leamington-2024-10-07-LS260502__SCNH_PD0000479_427_20260509-BODS_V1_1.xml,12,2
15C-None--SCNH-Leamington-2024-10-07-LS260502__SCNH_PD0000479_427_20260509-BODS_V1_1.xml,14,2
15C-None--SCNH-Leamington-2024-10-07-LS260502__SCNH_PD0000479_427_20260509-BODS_V1_1.xml,16,3
15C-None--SCNH-Leamington-2024-10-07-LS260502__SCNH_PD0000479_427_20260509-BODS_V1_1.xml,18,3
15C-None--SCNH-Leamington_-2024-10-07-LS260425_-_final_Bods__SCNH_PD0000479_427_20260502-BODS_V1_1.xml,5,2
15C-None--SCNH-Leamington_-2024-10-07-LS260425_-_final_Bods__SCNH_PD0000479_427_20260502-BODS_V1_1.xml,7,2
15C-None--SCNH-Leamington_-2024-10-07-LS260425_-_final_Bods__SCNH_PD0000479_427_20260502-BODS_V1_1.xml,12,2
15C-None--SCNH-Leamington_-2024-10-07-LS260425_-_final_Bods__SCNH_PD0000479_427_20260502-BODS_V1_1.xml,14,2
15C-None--SCNH-Leamington_-2024-10-07-LS260425_-_final_Bods__SCNH_PD0000479_427_20260502-BODS_V1_1.xml,16,3
15C-None--SCNH-Leamington_-2024-10-07-LS260425_-_final_Bods__SCNH_PD0000479_427_20260502-BODS_V1_1.xml,18,3
16-None--SSWL-WACW-2026-03-29-Cwmbran260329_Roster_New_Protocols__SSWL_PG0006630_357_20260413-BODS_V1_1.xml,8,4
16-None--SSWL-WACW-2026-03-29-Cwmbran260329_Roster_New_Protocols__SSWL_PG0006630_357_20260413-BODS_V1_1.xml,9,8
16-None--SSWL-WACW-2026-03-29-Cwmbran260329_Roster_New_Protocols__SSWL_PG0006630_357_20260413-BODS_V1_1.xml,10,4
16-None--SSWL-WACW-2026-03-29-Cwmbran260329_Roster_New_Protocols__SSWL_PG0006630_357_20260413-BODS_V1_1.xml,11,8
16-None--SSWL-WACW-2026-03-29-Cwmbran260329_Roster_New_Protocols__SSWL_PG0006630_357_20260413-BODS_V1_1.xml,12,4
16-None--SSWL-WACW-2026-03-29-Cwmbran260329_Roster_New_Protocols__SSWL_PG0006630_357_20260413-BODS_V1_1.xml,13,8
16-None--SSWL-WACW-2026-03-29-Cwmbran260329_Roster_New_Protocols__SSWL_PG0006630_357_20260413-BODS_V1_1.xml,14,4
16-None--SSWL-WACW-2026-03-29-Cwmbran260329_Roster_New_Protocols__SSWL_PG0006630_357_20260413-BODS_V1_1.xml,15,4
16-None--SSWL-WACW-2026-03-29-Cwmbran260329_Roster_New_Protocols__SSWL_PG0006630_357_20260413-BODS_V1_1.xml,16,4
16-None--SSWL-WACW-2026-03-29-Cwmbran260329_Roster_New_Protocols__SSWL_PG0006630_357_20260413-BODS_V1_1.xml,17,4
16-None--SSWL-WACW-2026-03-29-Cwmbran260329_Roster_New_Protocols__SSWL_PG0006630_357_20260413-BODS_V1_1.xml,18,4
17-None--SCNH-Northampton_-2024-11-25-SCHEDULE_-_NN260503_v4_bods__SCNH_PF1118394_232_20260503-BODS_V1_1.xml,6,1
17-None--SCNH-Northampton_-2024-11-25-SCHEDULE_-_NN260503_v4_bods__SCNH_PF1118394_232_20260503-BODS_V1_1.xml,7,1
17-None--SCNH-Northampton_-2024-11-25-SCHEDULE_-_NN260503_v4_bods__SCNH_PF1118394_232_20260503-BODS_V1_1.xml,8,2
17-None--SCNH-Northampton_-2024-11-25-SCHEDULE_-_NN260503_v4_bods__SCNH_PF1118394_232_20260503-BODS_V1_1.xml,9,2
17-None--SCNH-Northampton_-2024-11-25-SCHEDULE_-_NN260503_v4_bods__SCNH_PF1118394_232_20260503-BODS_V1_1.xml,10,2
17-None--SCNH-Northampton_-2024-11-25-SCHEDULE_-_NN260503_v4_bods__SCNH_PF1118394_232_20260503-BODS_V1_1.xml,11,2
17-None--SCNH-Northampton_-2024-11-25-SCHEDULE_-_NN260503_v4_bods__SCNH_PF1118394_232_20260503-BODS_V1_1.xml,12,2
17-None--SCNH-Northampton_-2024-11-25-SCHEDULE_-_NN260503_v4_bods__SCNH_PF1118394_232_20260503-BODS_V1_1.xml,13,2
17-None--SCNH-Northampton_-2024-11-25-SCHEDULE_-_NN260503_v4_bods__SCNH_PF1118394_232_20260503-BODS_V1_1.xml,14,2
17-None--SCNH-Northampton_-2024-11-25-SCHEDULE_-_NN260503_v4_bods__SCNH_PF1118394_232_20260503-BODS_V1_1.xml,15,2
17-None--SCNH-Northampton_-2024-11-25-SCHEDULE_-_NN260503_v4_bods__SCNH_PF1118394_232_20260503-BODS_V1_1.xml,16,2
17-None--SCNH-Northampton_-2024-11-25-SCHEDULE_-_NN260503_v4_bods__SCNH_PF1118394_232_20260503-BODS_V1_1.xml,17,1
17-None--SCNH-Northampton_-2024-11-25-SCHEDULE_-_NN260503_v4_bods__SCNH_PF1118394_232_20260503-BODS_V1_1.xml,18,1
17-None--SCNH-Northampton_-2024-11-25-SCHEDULE_-_NN260503_v4_bods__SCNH_PF1118394_232_20260503-BODS_V1_1.xml,20,4
17-None--SCNH-Northampton_-2024-11-25-SCHEDULE_-_NN260503_v4_bods__SCNH_PF1118394_232_20260503-BODS_V1_1.xml,21,4
17-None--SCNH-Northampton_-2024-11-25-SCHEDULE_-_NN260503_v4_bods__SCNH_PF1118394_232_20260503-BODS_V1_1.xml,22,4
17-None--SCNH-Northampton_-2024-11-25-SCHEDULE_-_NN260503_v4_bods__SCNH_PF1118394_232_20260503-BODS_V1_1.xml,23,2
17-None--SSWL-WACW-2026-03-29-Cwmbran260329_Roster_New_Protocols__SSWL_PG0006630_356_20260413-BODS_V1_1.xml,8,2
17-None--SSWL-WACW-2026-03-29-Cwmbran260329_Roster_New_Protocols__SSWL_PG0006630_356_20260413-BODS_V1_1.xml,9,2
17-None--SSWL-WACW-2026-03-29-Cwmbran260329_Roster_New_Protocols__SSWL_PG0006630_356_20260413-BODS_V1_1.xml,10,2
17-None--SSWL-WACW-2026-03-29-Cwmbran260329_Roster_New_Protocols__SSWL_PG0006630_356_20260413-BODS_V1_1.xml,11,2
17-None--SSWL-WACW-2026-03-29-Cwmbran260329_Roster_New_Protocols__SSWL_PG0006630_356_20260413-BODS_V1_1.xml,12,2
17-None--SSWL-WACW-2026-03-29-Cwmbran260329_Roster_New_Protocols__SSWL_PG0006630_356_20260413-BODS_V1_1.xml,13,2
17-None--SSWL-WACW-2026-03-29-Cwmbran260329_Roster_New_Protocols__SSWL_PG0006630_356_20260413-BODS_V1_1.xml,14,2
17-None--SSWL-WACW-2026-03-29-Cwmbran260329_Roster_New_Protocols__SSWL_PG0006630_356_20260413-BODS_V1_1.xml,15,2
17-None--SSWL-WACW-2026-03-29-Cwmbran260329_Roster_New_Protocols__SSWL_PG0006630_356_20260413-BODS_V1_1.xml,16,2
17-None--SSWL-WACW-2026-03-29-Cwmbran260329_Roster_New_Protocols__SSWL_PG0006630_356_20260413-BODS_V1_1.xml,17,2
170-None--SSWL-WAPO-2026-03-30-Porth260330_Final_Version_v8_proto__SSWL_PG0006630_284_20260412-BODS_V1_1.xml,7,6
170-None--SSWL-WAPO-2026-03-30-Porth260330_Final_Version_v8_proto__SSWL_PG0006630_284_20260412-BODS_V1_1.xml,8,8
170-None--SSWL-WAPO-2026-03-30-Porth260330_Final_Version_v8_proto__SSWL_PG0006630_284_20260412-BODS_V1_1.xml,9,8
170-None--SSWL-WAPO-2026-03-30-Porth260330_Final_Version_v8_proto__SSWL_PG0006630_284_20260412-BODS_V1_1.xml,10,8
170-None--SSWL-WAPO-2026-03-30-Porth260330_Final_Version_v8_proto__SSWL_PG0006630_284_20260412-BODS_V1_1.xml,11,8
170-None--SSWL-WAPO-2026-03-30-Porth260330_Final_Version_v8_proto__SSWL_PG0006630_284_20260412-BODS_V1_1.xml,12,8
170-None--SSWL-WAPO-2026-03-30-Porth260330_Final_Version_v8_proto__SSWL_PG0006630_284_20260412-BODS_V1_1.xml,13,8
170-None--SSWL-WAPO-2026-03-30-Porth260330_Final_Version_v8_proto__SSWL_PG0006630_284_20260412-BODS_V1_1.xml,14,6
170-None--SSWL-WAPO-2026-03-30-Porth260330_Final_Version_v8_proto__SSWL_PG0006630_284_20260412-BODS_V1_1.xml,15,4
170-None--SSWL-WAPO-2026-03-30-Porth260330_Final_Version_v8_proto__SSWL_PG0006630_284_20260412-BODS_V1_1.xml,16,10
170-None--SSWL-WAPO-2026-03-30-Porth260330_Final_Version_v8_proto__SSWL_PG0006630_284_20260412-BODS_V1_1.xml,17,8
170-None--SSWL-WAPO-2026-03-30-Porth260330_Final_Version_v8_proto__SSWL_PG0006630_284_20260412-BODS_V1_1.xml,18,2
173-None--SSWL-WAPO-2026-03-30-Porth260330_Final_Version_v8_proto__SSWL_PG0006630_371_20260412-BODS_V1_1.xml,6,2
173-None--SSWL-WAPO-2026-03-30-Porth260330_Final_Version_v8_proto__SSWL_PG0006630_371_20260412-BODS_V1_1.xml,7,1
173-None--SSWL-WAPO-2026-03-30-Porth260330_Final_Version_v8_proto__SSWL_PG0006630_371_20260412-BODS_V1_1.xml,18,4
173-None--SSWL-WAPO-2026-03-30-Porth260330_Final_Version_v8_proto__SSWL_PG0006630_371_20260412-BODS_V1_1.xml,20,4
173-None--SSWL-WAPO-2026-03-30-Porth260330_Final_Version_v8_proto__SSWL_PG0006630_371_20260412-BODS_V1_1.xml,22,4
17A-None--SCNH-Northampton_-2024-11-25-SCHEDULE_-_NN260503_v4_bod__SCNH_PF1118394_247_20260503-BODS_V1_1.xml,7,1
17A-None--SCNH-Northampton_-2024-11-25-SCHEDULE_-_NN260503_v4_bod__SCNH_PF1118394_247_20260503-BODS_V1_1.xml,15,1
17A-None--SCNH-Northampton_-2024-11-25-SCHEDULE_-_NN260503_v4_bod__SCNH_PF1118394_247_20260503-BODS_V1_1.xml,16,1
17A-None--SCNH-Northampton_-2024-11-25-SCHEDULE_-_NN260503_v4_bod__SCNH_PF1118394_247_20260503-BODS_V1_1.xml,17,1
18-None--SCNH-Northampton_-2024-11-25-SCHEDULE_-_NN260503_v4_bods__SCNH_PF1118394_223_20260503-BODS_V1_1.xml,7,3
18-None--SCNH-Northampton_-2024-11-25-SCHEDULE_-_NN260503_v4_bods__SCNH_PF1118394_223_20260503-BODS_V1_1.xml,8,4
18-None--SCNH-Northampton_-2024-11-25-SCHEDULE_-_NN260503_v4_bods__SCNH_PF1118394_223_20260503-BODS_V1_1.xml,9,2
18-None--SCNH-Northampton_-2024-11-25-SCHEDULE_-_NN260503_v4_bods__SCNH_PF1118394_223_20260503-BODS_V1_1.xml,10,3
18-None--SCNH-Northampton_-2024-11-25-SCHEDULE_-_NN260503_v4_bods__SCNH_PF1118394_223_20260503-BODS_V1_1.xml,11,2
18-None--SCNH-Northampton_-2024-11-25-SCHEDULE_-_NN260503_v4_bods__SCNH_PF1118394_223_20260503-BODS_V1_1.xml,12,2
18-None--SCNH-Northampton_-2024-11-25-SCHEDULE_-_NN260503_v4_bods__SCNH_PF1118394_223_20260503-BODS_V1_1.xml,13,2
18-None--SCNH-Northampton_-2024-11-25-SCHEDULE_-_NN260503_v4_bods__SCNH_PF1118394_223_20260503-BODS_V1_1.xml,14,2
18-None--SCNH-Northampton_-2024-11-25-SCHEDULE_-_NN260503_v4_bods__SCNH_PF1118394_223_20260503-BODS_V1_1.xml,15,3
18-None--SCNH-Northampton_-2024-11-25-SCHEDULE_-_NN260503_v4_bods__SCNH_PF1118394_223_20260503-BODS_V1_1.xml,16,2
18-None--SCNH-Northampton_-2024-11-25-SCHEDULE_-_NN260503_v4_bods__SCNH_PF1118394_223_20260503-BODS_V1_1.xml,17,3
18-None--SCNH-Northampton_-2024-11-25-SCHEDULE_-_NN260503_v4_bods__SCNH_PF1118394_223_20260503-BODS_V1_1.xml,18,2
18-None--SCNH-Northampton_-2024-11-25-SCHEDULE_-_NN260503_v4_bods__SCNH_PF1118394_223_20260503-BODS_V1_1.xml,19,2
188-None--SCNH-Northampton_-2024-11-25-SCHEDULE_-_NN260503_v4_bod__SCNH_PF1118394_7_20260503-BODS_V1_1.xml,6,3
188-None--SCNH-Northampton_-2024-11-25-SCHEDULE_-_NN260503_v4_bod__SCNH_PF1118394_7_20260503-BODS_V1_1.xml,7,2
188-None--SCNH-Northampton_-2024-11-25-SCHEDULE_-_NN260503_v4_bod__SCNH_PF1118394_7_20260503-BODS_V1_1.xml,8,2
188-None--SCNH-Northampton_-2024-11-25-SCHEDULE_-_NN260503_v4_bod__SCNH_PF1118394_7_20260503-BODS_V1_1.xml,9,2
188-None--SCNH-Northampton_-2024-11-25-SCHEDULE_-_NN260503_v4_bod__SCNH_PF1118394_7_20260503-BODS_V1_1.xml,10,2
188-None--SCNH-Northampton_-2024-11-25-SCHEDULE_-_NN260503_v4_bod__SCNH_PF1118394_7_20260503-BODS_V1_1.xml,11,2
188-None--SCNH-Northampton_-2024-11-25-SCHEDULE_-_NN260503_v4_bod__SCNH_PF1118394_7_20260503-BODS_V1_1.xml,12,2
188-None--SCNH-Northampton_-2024-11-25-SCHEDULE_-_NN260503_v4_bod__SCNH_PF1118394_7_20260503-BODS_V1_1.xml,13,2
188-None--SCNH-Northampton_-2024-11-25-SCHEDULE_-_NN260503_v4_bod__SCNH_PF1118394_7_20260503-BODS_V1_1.xml,14,2
188-None--SCNH-Northampton_-2024-11-25-SCHEDULE_-_NN260503_v4_bod__SCNH_PF1118394_7_20260503-BODS_V1_1.xml,15,4
188-None--SCNH-Northampton_-2024-11-25-SCHEDULE_-_NN260503_v4_bod__SCNH_PF1118394_7_20260503-BODS_V1_1.xml,17,4
188-None--SCNH-Northampton_-2024-11-25-SCHEDULE_-_NN260503_v4_bod__SCNH_PF1118394_7_20260503-BODS_V1_1.xml,19,2
19-None--SCNH-Northampton_-2024-11-25-SCHEDULE_-_NN260503_v4_bods__SCNH_PF1118394_239_20260503-BODS_V1_1.xml,9,2
19-None--SCNH-Northampton_-2024-11-25-SCHEDULE_-_NN260503_v4_bods__SCNH_PF1118394_239_20260503-BODS_V1_1.xml,10,2
19-None--SCNH-Northampton_-2024-11-25-SCHEDULE_-_NN260503_v4_bods__SCNH_PF1118394_239_20260503-BODS_V1_1.xml,11,2
19-None--SCNH-Northampton_-2024-11-25-SCHEDULE_-_NN260503_v4_bods__SCNH_PF1118394_239_20260503-BODS_V1_1.xml,12,2
19-None--SCNH-Northampton_-2024-11-25-SCHEDULE_-_NN260503_v4_bods__SCNH_PF1118394_239_20260503-BODS_V1_1.xml,13,2
19-None--SCNH-Northampton_-2024-11-25-SCHEDULE_-_NN260503_v4_bods__SCNH_PF1118394_239_20260503-BODS_V1_1.xml,14,2
1B-None--SSWL-WAME-2026-03-30-Merthyr260330_(Final_Set)_Adj_V4_PR__SSWL_PG0006630_365_20260412-BODS_V1_1.xml,7,2
1B-None--SSWL-WAME-2026-03-30-Merthyr260330_(Final_Set)_Adj_V4_PR__SSWL_PG0006630_365_20260412-BODS_V1_1.xml,8,6
1B-None--SSWL-WAME-2026-03-30-Merthyr260330_(Final_Set)_Adj_V4_PR__SSWL_PG0006630_365_20260412-BODS_V1_1.xml,9,6
1B-None--SSWL-WAME-2026-03-30-Merthyr260330_(Final_Set)_Adj_V4_PR__SSWL_PG0006630_365_20260412-BODS_V1_1.xml,10,4
1B-None--SSWL-WAME-2026-03-30-Merthyr260330_(Final_Set)_Adj_V4_PR__SSWL_PG0006630_365_20260412-BODS_V1_1.xml,11,6
1B-None--SSWL-WAME-2026-03-30-Merthyr260330_(Final_Set)_Adj_V4_PR__SSWL_PG0006630_365_20260412-BODS_V1_1.xml,12,6
1B-None--SSWL-WAME-2026-03-30-Merthyr260330_(Final_Set)_Adj_V4_PR__SSWL_PG0006630_365_20260412-BODS_V1_1.xml,13,4
1B-None--SSWL-WAME-2026-03-30-Merthyr260330_(Final_Set)_Adj_V4_PR__SSWL_PG0006630_365_20260412-BODS_V1_1.xml,14,4
1B-None--SSWL-WAME-2026-03-30-Merthyr260330_(Final_Set)_Adj_V4_PR__SSWL_PG0006630_365_20260412-BODS_V1_1.xml,15,6
1B-None--SSWL-WAME-2026-03-30-Merthyr260330_(Final_Set)_Adj_V4_PR__SSWL_PG0006630_365_20260412-BODS_V1_1.xml,16,6
1B-None--SSWL-WAME-2026-03-30-Merthyr260330_(Final_Set)_Adj_V4_PR__SSWL_PG0006630_365_20260412-BODS_V1_1.xml,17,4
1B-None--SSWL-WAME-2026-03-30-Merthyr260330_(Final_Set)_Adj_V4_PR__SSWL_PG0006630_365_20260412-BODS_V1_1.xml,18,2
21-None--SSWL-WACW-2026-03-29-Cwmbran260329_Roster_New_Protocols__SSWL_PG0006630_67_20260413-BODS_V1_1.xml,4,2
21-None--SSWL-WACW-2026-03-29-Cwmbran260329_Roster_New_Protocols__SSWL_PG0006630_67_20260413-BODS_V1_1.xml,5,2
21-None--SSWL-WACW-2026-03-29-Cwmbran260329_Roster_New_Protocols__SSWL_PG0006630_67_20260413-BODS_V1_1.xml,6,3
21-None--SSWL-WACW-2026-03-29-Cwmbran260329_Roster_New_Protocols__SSWL_PG0006630_67_20260413-BODS_V1_1.xml,7,5
21-None--SSWL-WACW-2026-03-29-Cwmbran260329_Roster_New_Protocols__SSWL_PG0006630_67_20260413-BODS_V1_1.xml,8,5
21-None--SSWL-WACW-2026-03-29-Cwmbran260329_Roster_New_Protocols__SSWL_PG0006630_67_20260413-BODS_V1_1.xml,9,4
21-None--SSWL-WACW-2026-03-29-Cwmbran260329_Roster_New_Protocols__SSWL_PG0006630_67_20260413-BODS_V1_1.xml,10,4
21-None--SSWL-WACW-2026-03-29-Cwmbran260329_Roster_New_Protocols__SSWL_PG0006630_67_20260413-BODS_V1_1.xml,11,4
21-None--SSWL-WACW-2026-03-29-Cwmbran260329_Roster_New_Protocols__SSWL_PG0006630_67_20260413-BODS_V1_1.xml,12,4
21-None--SSWL-WACW-2026-03-29-Cwmbran260329_Roster_New_Protocols__SSWL_PG0006630_67_20260413-BODS_V1_1.xml,13,4
21-None--SSWL-WACW-2026-03-29-Cwmbran260329_Roster_New_Protocols__SSWL_PG0006630_67_20260413-BODS_V1_1.xml,14,4
21-None--SSWL-WACW-2026-03-29-Cwmbran260329_Roster_New_Protocols__SSWL_PG0006630_67_20260413-BODS_V1_1.xml,15,5
21-None--SSWL-WACW-2026-03-29-Cwmbran260329_Roster_New_Protocols__SSWL_PG0006630_67_20260413-BODS_V1_1.xml,16,5
21-None--SSWL-WACW-2026-03-29-Cwmbran260329_Roster_New_Protocols__SSWL_PG0006630_67_20260413-BODS_V1_1.xml,17,4
21-None--SSWL-WACW-2026-03-29-Cwmbran260329_Roster_New_Protocols__SSWL_PG0006630_67_20260413-BODS_V1_1.xml,18,6
21-None--SSWL-WACW-2026-03-29-Cwmbran260329_Roster_New_Protocols__SSWL_PG0006630_67_20260413-BODS_V1_1.xml,19,3
21-None--SSWL-WACW-2026-03-29-Cwmbran260329_Roster_New_Protocols__SSWL_PG0006630_67_20260413-BODS_V1_1.xml,20,4
21-None--SSWL-WACW-2026-03-29-Cwmbran260329_Roster_New_Protocols__SSWL_PG0006630_67_20260413-BODS_V1_1.xml,23,2
229-None--SCNH-Leamington-2024-10-07-LS260502__SCNH_PD0000479_365_20260509-BODS_V1_1.xml,7,3
229-None--SCNH-Leamington-2024-10-07-LS260502__SCNH_PD0000479_365_20260509-BODS_V1_1.xml,9,2
229-None--SCNH-Leamington-2024-10-07-LS260502__SCNH_PD0000479_365_20260509-BODS_V1_1.xml,12,2
229-None--SCNH-Leamington-2024-10-07-LS260502__SCNH_PD0000479_365_20260509-BODS_V1_1.xml,15,1
229-None--SCNH-Leamington-2024-10-07-LS260502__SCNH_PD0000479_365_20260509-BODS_V1_1.xml,16,1
229-None--SCNH-Leamington-2024-10-07-LS260502__SCNH_PD0000479_365_20260509-BODS_V1_1.xml,17,3
229-None--SCNH-Leamington-2024-10-07-LS260502__SCNH_PD0000479_365_20260509-BODS_V1_1.xml,18,2
229-None--SCNH-Leamington_-2024-10-07-LS260425_-_final_Bods__SCNH_PD0000479_365_20260502-BODS_V1_1.xml,7,3
229-None--SCNH-Leamington_-2024-10-07-LS260425_-_final_Bods__SCNH_PD0000479_365_20260502-BODS_V1_1.xml,9,2
229-None--SCNH-Leamington_-2024-10-07-LS260425_-_final_Bods__SCNH_PD0000479_365_20260502-BODS_V1_1.xml,12,2
229-None--SCNH-Leamington_-2024-10-07-LS260425_-_final_Bods__SCNH_PD0000479_365_20260502-BODS_V1_1.xml,15,1
229-None--SCNH-Leamington_-2024-10-07-LS260425_-_final_Bods__SCNH_PD0000479_365_20260502-BODS_V1_1.xml,16,1
229-None--SCNH-Leamington_-2024-10-07-LS260425_-_final_Bods__SCNH_PD0000479_365_20260502-BODS_V1_1.xml,17,3
229-None--SCNH-Leamington_-2024-10-07-LS260425_-_final_Bods__SCNH_PD0000479_365_20260502-BODS_V1_1.xml,18,2
23-None--SSWL-WACW-2026-03-29-Cwmbran260329_Roster_New_Protocols__SSWL_PG0006630_91_20260413-BODS_V1_1.xml,6,7
23-None--SSWL-WACW-2026-03-29-Cwmbran260329_Roster_New_Protocols__SSWL_PG0006630_91_20260413-BODS_V1_1.xml,7,8
23-None--SSWL-WACW-2026-03-29-Cwmbran260329_Roster_New_Protocols__SSWL_PG0006630_91_20260413-BODS_V1_1.xml,8,9
23-None--SSWL-WACW-2026-03-29-Cwmbran260329_Roster_New_Protocols__SSWL_PG0006630_91_20260413-BODS_V1_1.xml,9,10
23-None--SSWL-WACW-2026-03-29-Cwmbran260329_Roster_New_Protocols__SSWL_PG0006630_91_20260413-BODS_V1_1.xml,10,11
23-None--SSWL-WACW-2026-03-29-Cwmbran260329_Roster_New_Protocols__SSWL_PG0006630_91_20260413-BODS_V1_1.xml,11,9
23-None--SSWL-WACW-2026-03-29-Cwmbran260329_Roster_New_Protocols__SSWL_PG0006630_91_20260413-BODS_V1_1.xml,12,11
23-None--SSWL-WACW-2026-03-29-Cwmbran260329_Roster_New_Protocols__SSWL_PG0006630_91_20260413-BODS_V1_1.xml,13,9
23-None--SSWL-WACW-2026-03-29-Cwmbran260329_Roster_New_Protocols__SSWL_PG0006630_91_20260413-BODS_V1_1.xml,14,11
23-None--SSWL-WACW-2026-03-29-Cwmbran260329_Roster_New_Protocols__SSWL_PG0006630_91_20260413-BODS_V1_1.xml,15,9
23-None--SSWL-WACW-2026-03-29-Cwmbran260329_Roster_New_Protocols__SSWL_PG0006630_91_20260413-BODS_V1_1.xml,16,11
23-None--SSWL-WACW-2026-03-29-Cwmbran260329_Roster_New_Protocols__SSWL_PG0006630_91_20260413-BODS_V1_1.xml,17,7
23-None--SSWL-WACW-2026-03-29-Cwmbran260329_Roster_New_Protocols__SSWL_PG0006630_91_20260413-BODS_V1_1.xml,18,7
23-None--SSWL-WACW-2026-03-29-Cwmbran260329_Roster_New_Protocols__SSWL_PG0006630_91_20260413-BODS_V1_1.xml,19,4
23-None--SSWL-WACW-2026-03-29-Cwmbran260329_Roster_New_Protocols__SSWL_PG0006630_91_20260413-BODS_V1_1.xml,20,3
23-None--SSWL-WACW-2026-03-29-Cwmbran260329_Roster_New_Protocols__SSWL_PG0006630_91_20260413-BODS_V1_1.xml,21,2
23-None--SSWL-WACW-2026-03-29-Cwmbran260329_Roster_New_Protocols__SSWL_PG0006630_91_20260413-BODS_V1_1.xml,22,2
233-None--SSWL-WACW-2026-03-29-Cwmbran260329_Roster_New_Protocols__SSWL_PG0006630_165_20260413-BODS_V1_1.xml,6,2
233-None--SSWL-WACW-2026-03-29-Cwmbran260329_Roster_New_Protocols__SSWL_PG0006630_165_20260413-BODS_V1_1.xml,7,3
233-None--SSWL-WACW-2026-03-29-Cwmbran260329_Roster_New_Protocols__SSWL_PG0006630_165_20260413-BODS_V1_1.xml,8,4
233-None--SSWL-WACW-2026-03-29-Cwmbran260329_Roster_New_Protocols__SSWL_PG0006630_165_20260413-BODS_V1_1.xml,9,4
233-None--SSWL-WACW-2026-03-29-Cwmbran260329_Roster_New_Protocols__SSWL_PG0006630_165_20260413-BODS_V1_1.xml,10,4
233-None--SSWL-WACW-2026-03-29-Cwmbran260329_Roster_New_Protocols__SSWL_PG0006630_165_20260413-BODS_V1_1.xml,11,4
233-None--SSWL-WACW-2026-03-29-Cwmbran260329_Roster_New_Protocols__SSWL_PG0006630_165_20260413-BODS_V1_1.xml,12,4
233-None--SSWL-WACW-2026-03-29-Cwmbran260329_Roster_New_Protocols__SSWL_PG0006630_165_20260413-BODS_V1_1.xml,13,4
233-None--SSWL-WACW-2026-03-29-Cwmbran260329_Roster_New_Protocols__SSWL_PG0006630_165_20260413-BODS_V1_1.xml,14,4
233-None--SSWL-WACW-2026-03-29-Cwmbran260329_Roster_New_Protocols__SSWL_PG0006630_165_20260413-BODS_V1_1.xml,15,4
233-None--SSWL-WACW-2026-03-29-Cwmbran260329_Roster_New_Protocols__SSWL_PG0006630_165_20260413-BODS_V1_1.xml,16,4
233-None--SSWL-WACW-2026-03-29-Cwmbran260329_Roster_New_Protocols__SSWL_PG0006630_165_20260413-BODS_V1_1.xml,17,3
233-None--SSWL-WACW-2026-03-29-Cwmbran260329_Roster_New_Protocols__SSWL_PG0006630_165_20260413-BODS_V1_1.xml,18,3
233-None--SSWL-WACW-2026-03-29-Cwmbran260329_Roster_New_Protocols__SSWL_PG0006630_165_20260413-BODS_V1_1.xml,19,2
233-None--SSWL-WACW-2026-03-29-Cwmbran260329_Roster_New_Protocols__SSWL_PG0006630_165_20260413-BODS_V1_1.xml,20,4
233-None--SSWL-WACW-2026-03-29-Cwmbran260329_Roster_New_Protocols__SSWL_PG0006630_165_20260413-BODS_V1_1.xml,22,4
23H-None--SSWL-WACW-2026-03-29-Cwmbran260329_Roster_New_Protocols__SSWL_PG0006630_293_20260413-BODS_V1_1.xml,7,4
23H-None--SSWL-WACW-2026-03-29-Cwmbran260329_Roster_New_Protocols__SSWL_PG0006630_293_20260413-BODS_V1_1.xml,8,3
23H-None--SSWL-WACW-2026-03-29-Cwmbran260329_Roster_New_Protocols__SSWL_PG0006630_293_20260413-BODS_V1_1.xml,9,2
23H-None--SSWL-WACW-2026-03-29-Cwmbran260329_Roster_New_Protocols__SSWL_PG0006630_293_20260413-BODS_V1_1.xml,10,2
23H-None--SSWL-WACW-2026-03-29-Cwmbran260329_Roster_New_Protocols__SSWL_PG0006630_293_20260413-BODS_V1_1.xml,11,2
23H-None--SSWL-WACW-2026-03-29-Cwmbran260329_Roster_New_Protocols__SSWL_PG0006630_293_20260413-BODS_V1_1.xml,12,3
23H-None--SSWL-WACW-2026-03-29-Cwmbran260329_Roster_New_Protocols__SSWL_PG0006630_293_20260413-BODS_V1_1.xml,13,1
23H-None--SSWL-WACW-2026-03-29-Cwmbran260329_Roster_New_Protocols__SSWL_PG0006630_293_20260413-BODS_V1_1.xml,14,3
23H-None--SSWL-WACW-2026-03-29-Cwmbran260329_Roster_New_Protocols__SSWL_PG0006630_293_20260413-BODS_V1_1.xml,15,1
23H-None--SSWL-WACW-2026-03-29-Cwmbran260329_Roster_New_Protocols__SSWL_PG0006630_293_20260413-BODS_V1_1.xml,16,2
23H-None--SSWL-WACW-2026-03-29-Cwmbran260329_Roster_New_Protocols__SSWL_PG0006630_293_20260413-BODS_V1_1.xml,17,2
23H-None--SSWL-WACW-2026-03-29-Cwmbran260329_Roster_New_Protocols__SSWL_PG0006630_293_20260413-BODS_V1_1.xml,18,2
23M-None--SSWL-WACW-2026-03-29-Cwmbran260329_Roster_New_Protocols__SSWL_PG0006630_377_20260413-BODS_V1_1.xml,7,4
23M-None--SSWL-WACW-2026-03-29-Cwmbran260329_Roster_New_Protocols__SSWL_PG0006630_377_20260413-BODS_V1_1.xml,9,4
23M-None--SSWL-WACW-2026-03-29-Cwmbran260329_Roster_New_Protocols__SSWL_PG0006630_377_20260413-BODS_V1_1.xml,15,4
23M-None--SSWL-WACW-2026-03-29-Cwmbran260329_Roster_New_Protocols__SSWL_PG0006630_377_20260413-BODS_V1_1.xml,17,4
245-None--SCNH-Kettering-2024-01-21-KTCO260412_New_Fixed_Driver_p__SCNH_PF1118394_46_20260412-BODS_V1_1.xml,8,1
245-None--SCNH-Kettering-2024-01-21-KTCO260412_New_Fixed_Driver_p__SCNH_PF1118394_46_20260412-BODS_V1_1.xml,15,1
25-None--SSWL-WAME-2026-03-30-Merthyr260330_(Final_Set)_Adj_V4_PR__SSWL_PG0006630_250_20260412-BODS_V1_1.xml,6,2
25-None--SSWL-WAME-2026-03-30-Merthyr260330_(Final_Set)_Adj_V4_PR__SSWL_PG0006630_250_20260412-BODS_V1_1.xml,7,4
25-None--SSWL-WAME-2026-03-30-Merthyr260330_(Final_Set)_Adj_V4_PR__SSWL_PG0006630_250_20260412-BODS_V1_1.xml,8,6
25-None--SSWL-WAME-2026-03-30-Merthyr260330_(Final_Set)_Adj_V4_PR__SSWL_PG0006630_250_20260412-BODS_V1_1.xml,9,6
25-None--SSWL-WAME-2026-03-30-Merthyr260330_(Final_Set)_Adj_V4_PR__SSWL_PG0006630_250_20260412-BODS_V1_1.xml,10,6
25-None--SSWL-WAME-2026-03-30-Merthyr260330_(Final_Set)_Adj_V4_PR__SSWL_PG0006630_250_20260412-BODS_V1_1.xml,11,6
25-None--SSWL-WAME-2026-03-30-Merthyr260330_(Final_Set)_Adj_V4_PR__SSWL_PG0006630_250_20260412-BODS_V1_1.xml,12,6
25-None--SSWL-WAME-2026-03-30-Merthyr260330_(Final_Set)_Adj_V4_PR__SSWL_PG0006630_250_20260412-BODS_V1_1.xml,13,6
25-None--SSWL-WAME-2026-03-30-Merthyr260330_(Final_Set)_Adj_V4_PR__SSWL_PG0006630_250_20260412-BODS_V1_1.xml,14,6
25-None--SSWL-WAME-2026-03-30-Merthyr260330_(Final_Set)_Adj_V4_PR__SSWL_PG0006630_250_20260412-BODS_V1_1.xml,15,6
25-None--SSWL-WAME-2026-03-30-Merthyr260330_(Final_Set)_Adj_V4_PR__SSWL_PG0006630_250_20260412-BODS_V1_1.xml,16,6
25-None--SSWL-WAME-2026-03-30-Merthyr260330_(Final_Set)_Adj_V4_PR__SSWL_PG0006630_250_20260412-BODS_V1_1.xml,17,4
25-None--SSWL-WAME-2026-03-30-Merthyr260330_(Final_Set)_Adj_V4_PR__SSWL_PG0006630_250_20260412-BODS_V1_1.xml,18,2
25-None--SSWL-WAME-2026-03-30-Merthyr260330_(Final_Set)_Adj_V4_PR__SSWL_PG0006630_250_20260412-BODS_V1_1.xml,19,2
251-None--SCNH-Kettering-2024-01-21-KTCO260412_New_Fixed_Driver_p__SCNH_PF1118394_53_20260412-BODS_V1_1.xml,6,2
251-None--SCNH-Kettering-2024-01-21-KTCO260412_New_Fixed_Driver_p__SCNH_PF1118394_53_20260412-BODS_V1_1.xml,7,4
251-None--SCNH-Kettering-2024-01-21-KTCO260412_New_Fixed_Driver_p__SCNH_PF1118394_53_20260412-BODS_V1_1.xml,8,4
251-None--SCNH-Kettering-2024-01-21-KTCO260412_New_Fixed_Driver_p__SCNH_PF1118394_53_20260412-BODS_V1_1.xml,9,4
251-None--SCNH-Kettering-2024-01-21-KTCO260412_New_Fixed_Driver_p__SCNH_PF1118394_53_20260412-BODS_V1_1.xml,10,5
251-None--SCNH-Kettering-2024-01-21-KTCO260412_New_Fixed_Driver_p__SCNH_PF1118394_53_20260412-BODS_V1_1.xml,11,5
251-None--SCNH-Kettering-2024-01-21-KTCO260412_New_Fixed_Driver_p__SCNH_PF1118394_53_20260412-BODS_V1_1.xml,12,5
251-None--SCNH-Kettering-2024-01-21-KTCO260412_New_Fixed_Driver_p__SCNH_PF1118394_53_20260412-BODS_V1_1.xml,13,5
251-None--SCNH-Kettering-2024-01-21-KTCO260412_New_Fixed_Driver_p__SCNH_PF1118394_53_20260412-BODS_V1_1.xml,14,5
251-None--SCNH-Kettering-2024-01-21-KTCO260412_New_Fixed_Driver_p__SCNH_PF1118394_53_20260412-BODS_V1_1.xml,15,4
251-None--SCNH-Kettering-2024-01-21-KTCO260412_New_Fixed_Driver_p__SCNH_PF1118394_53_20260412-BODS_V1_1.xml,16,5
251-None--SCNH-Kettering-2024-01-21-KTCO260412_New_Fixed_Driver_p__SCNH_PF1118394_53_20260412-BODS_V1_1.xml,17,4
251-None--SCNH-Kettering-2024-01-21-KTCO260412_New_Fixed_Driver_p__SCNH_PF1118394_53_20260412-BODS_V1_1.xml,18,2
252-None--SCNH-Kettering-2024-01-21-KTCO260412_New_Fixed_Driver_p__SCNH_PF1118394_54_20260412-BODS_V1_1.xml,7,2
252-None--SCNH-Kettering-2024-01-21-KTCO260412_New_Fixed_Driver_p__SCNH_PF1118394_54_20260412-BODS_V1_1.xml,8,2
252-None--SCNH-Kettering-2024-01-21-KTCO260412_New_Fixed_Driver_p__SCNH_PF1118394_54_20260412-BODS_V1_1.xml,9,5
252-None--SCNH-Kettering-2024-01-21-KTCO260412_New_Fixed_Driver_p__SCNH_PF1118394_54_20260412-BODS_V1_1.xml,10,5
252-None--SCNH-Kettering-2024-01-21-KTCO260412_New_Fixed_Driver_p__SCNH_PF1118394_54_20260412-BODS_V1_1.xml,11,5
252-None--SCNH-Kettering-2024-01-21-KTCO260412_New_Fixed_Driver_p__SCNH_PF1118394_54_20260412-BODS_V1_1.xml,12,5
252-None--SCNH-Kettering-2024-01-21-KTCO260412_New_Fixed_Driver_p__SCNH_PF1118394_54_20260412-BODS_V1_1.xml,13,5
252-None--SCNH-Kettering-2024-01-21-KTCO260412_New_Fixed_Driver_p__SCNH_PF1118394_54_20260412-BODS_V1_1.xml,14,4
252-None--SCNH-Kettering-2024-01-21-KTCO260412_New_Fixed_Driver_p__SCNH_PF1118394_54_20260412-BODS_V1_1.xml,15,5
252-None--SCNH-Kettering-2024-01-21-KTCO260412_New_Fixed_Driver_p__SCNH_PF1118394_54_20260412-BODS_V1_1.xml,16,5
252-None--SCNH-Kettering-2024-01-21-KTCO260412_New_Fixed_Driver_p__SCNH_PF1118394_54_20260412-BODS_V1_1.xml,17,5
252-None--SCNH-Kettering-2024-01-21-KTCO260412_New_Fixed_Driver_p__SCNH_PF1118394_54_20260412-BODS_V1_1.xml,18,4
252-None--SCNH-Kettering-2024-01-21-KTCO260412_New_Fixed_Driver_p__SCNH_PF1118394_54_20260412-BODS_V1_1.xml,19,2
26-None--SSWL-WACA-2026-03-30-TaffsWellPlan260330_FinalV4_Protocl__SSWL_PG0006630_194_20260411-BODS_V1_1.xml,6,6
26-None--SSWL-WACA-2026-03-30-TaffsWellPlan260330_FinalV4_Protocl__SSWL_PG0006630_194_20260411-BODS_V1_1.xml,7,6
26-None--SSWL-WACA-2026-03-30-TaffsWellPlan260330_FinalV4_Protocl__SSWL_PG0006630_194_20260411-BODS_V1_1.xml,8,5
26-None--SSWL-WACA-2026-03-30-TaffsWellPlan260330_FinalV4_Protocl__SSWL_PG0006630_194_20260411-BODS_V1_1.xml,9,6
26-None--SSWL-WACA-2026-03-30-TaffsWellPlan260330_FinalV4_Protocl__SSWL_PG0006630_194_20260411-BODS_V1_1.xml,10,6
26-None--SSWL-WACA-2026-03-30-TaffsWellPlan260330_FinalV4_Protocl__SSWL_PG0006630_194_20260411-BODS_V1_1.xml,11,6
26-None--SSWL-WACA-2026-03-30-TaffsWellPlan260330_FinalV4_Protocl__SSWL_PG0006630_194_20260411-BODS_V1_1.xml,12,6
26-None--SSWL-WACA-2026-03-30-TaffsWellPlan260330_FinalV4_Protocl__SSWL_PG0006630_194_20260411-BODS_V1_1.xml,13,6
26-None--SSWL-WACA-2026-03-30-TaffsWellPlan260330_FinalV4_Protocl__SSWL_PG0006630_194_20260411-BODS_V1_1.xml,14,6
26-None--SSWL-WACA-2026-03-30-TaffsWellPlan260330_FinalV4_Protocl__SSWL_PG0006630_194_20260411-BODS_V1_1.xml,15,6
26-None--SSWL-WACA-2026-03-30-TaffsWellPlan260330_FinalV4_Protocl__SSWL_PG0006630_194_20260411-BODS_V1_1.xml,16,6
26-None--SSWL-WACA-2026-03-30-TaffsWellPlan260330_FinalV4_Protocl__SSWL_PG0006630_194_20260411-BODS_V1_1.xml,17,4
26-None--SSWL-WACA-2026-03-30-TaffsWellPlan260330_FinalV4_Protocl__SSWL_PG0006630_194_20260411-BODS_V1_1.xml,18,6
26-None--SSWL-WACA-2026-03-30-TaffsWellPlan260330_FinalV4_Protocl__SSWL_PG0006630_194_20260411-BODS_V1_1.xml,19,5
26-None--SSWL-WACA-2026-03-30-TaffsWellPlan260330_FinalV4_Protocl__SSWL_PG0006630_194_20260411-BODS_V1_1.xml,20,6
26-None--SSWL-WACA-2026-03-30-TaffsWellPlan260330_FinalV4_Protocl__SSWL_PG0006630_194_20260411-BODS_V1_1.xml,21,2
26-None--SSWL-WACA-2026-03-30-TaffsWellPlan260330_FinalV4_Protocl__SSWL_PG0006630_194_20260411-BODS_V1_1.xml,22,2
26A-None--SSWL-WACA-2026-03-30-TaffsWellPlan260330_FinalV4_Protoc__SSWL_PG0006630_198_20260411-BODS_V1_1.xml,5,2
26A-None--SSWL-WACA-2026-03-30-TaffsWellPlan260330_FinalV4_Protoc__SSWL_PG0006630_198_20260411-BODS_V1_1.xml,6,4
26A-None--SSWL-WACA-2026-03-30-TaffsWellPlan260330_FinalV4_Protoc__SSWL_PG0006630_198_20260411-BODS_V1_1.xml,7,4
26A-None--SSWL-WACA-2026-03-30-TaffsWellPlan260330_FinalV4_Protoc__SSWL_PG0006630_198_20260411-BODS_V1_1.xml,8,4
26A-None--SSWL-WACA-2026-03-30-TaffsWellPlan260330_FinalV4_Protoc__SSWL_PG0006630_198_20260411-BODS_V1_1.xml,9,4
26A-None--SSWL-WACA-2026-03-30-TaffsWellPlan260330_FinalV4_Protoc__SSWL_PG0006630_198_20260411-BODS_V1_1.xml,10,4
26A-None--SSWL-WACA-2026-03-30-TaffsWellPlan260330_FinalV4_Protoc__SSWL_PG0006630_198_20260411-BODS_V1_1.xml,11,4
26A-None--SSWL-WACA-2026-03-30-TaffsWellPlan260330_FinalV4_Protoc__SSWL_PG0006630_198_20260411-BODS_V1_1.xml,12,4
26A-None--SSWL-WACA-2026-03-30-TaffsWellPlan260330_FinalV4_Protoc__SSWL_PG0006630_198_20260411-BODS_V1_1.xml,13,4
26A-None--SSWL-WACA-2026-03-30-TaffsWellPlan260330_FinalV4_Protoc__SSWL_PG0006630_198_20260411-BODS_V1_1.xml,14,5
26A-None--SSWL-WACA-2026-03-30-TaffsWellPlan260330_FinalV4_Protoc__SSWL_PG0006630_198_20260411-BODS_V1_1.xml,15,3
26A-None--SSWL-WACA-2026-03-30-TaffsWellPlan260330_FinalV4_Protoc__SSWL_PG0006630_198_20260411-BODS_V1_1.xml,16,4
26A-None--SSWL-WACA-2026-03-30-TaffsWellPlan260330_FinalV4_Protoc__SSWL_PG0006630_198_20260411-BODS_V1_1.xml,17,4
26A-None--SSWL-WACA-2026-03-30-TaffsWellPlan260330_FinalV4_Protoc__SSWL_PG0006630_198_20260411-BODS_V1_1.xml,18,4
26A-None--SSWL-WACA-2026-03-30-TaffsWellPlan260330_FinalV4_Protoc__SSWL_PG0006630_198_20260411-BODS_V1_1.xml,19,4
26A-None--SSWL-WACA-2026-03-30-TaffsWellPlan260330_FinalV4_Protoc__SSWL_PG0006630_198_20260411-BODS_V1_1.xml,20,4
26A-None--SSWL-WACA-2026-03-30-TaffsWellPlan260330_FinalV4_Protoc__SSWL_PG0006630_198_20260411-BODS_V1_1.xml,21,4
26A-None--SSWL-WACA-2026-03-30-TaffsWellPlan260330_FinalV4_Protoc__SSWL_PG0006630_198_20260411-BODS_V1_1.xml,22,4
27-None--SCNH-Leamington-2024-10-07-LS260502__SCNH_PD0000479_364_20260509-BODS_V1_1.xml,6,1
27-None--SCNH-Leamington-2024-10-07-LS260502__SCNH_PD0000479_364_20260509-BODS_V1_1.xml,7,1
27-None--SCNH-Leamington-2024-10-07-LS260502__SCNH_PD0000479_364_20260509-BODS_V1_1.xml,8,1
27-None--SCNH-Leamington-2024-10-07-LS260502__SCNH_PD0000479_364_20260509-BODS_V1_1.xml,9,2
27-None--SCNH-Leamington-2024-10-07-LS260502__SCNH_PD0000479_364_20260509-BODS_V1_1.xml,11,4
27-None--SCNH-Leamington-2024-10-07-LS260502__SCNH_PD0000479_364_20260509-BODS_V1_1.xml,13,4
27-None--SCNH-Leamington-2024-10-07-LS260502__SCNH_PD0000479_364_20260509-BODS_V1_1.xml,15,1
27-None--SCNH-Leamington-2024-10-07-LS260502__SCNH_PD0000479_364_20260509-BODS_V1_1.xml,16,4
27-None--SCNH-Leamington-2024-10-07-LS260502__SCNH_PD0000479_364_20260509-BODS_V1_1.xml,17,2
27-None--SCNH-Leamington-2024-10-07-LS260502__SCNH_PD0000479_364_20260509-BODS_V1_1.xml,18,3
27-None--SCNH-Leamington_-2024-10-07-LS260425_-_final_Bods__SCNH_PD0000479_364_20260502-BODS_V1_1.xml,6,1
27-None--SCNH-Leamington_-2024-10-07-LS260425_-_final_Bods__SCNH_PD0000479_364_20260502-BODS_V1_1.xml,7,1
27-None--SCNH-Leamington_-2024-10-07-LS260425_-_final_Bods__SCNH_PD0000479_364_20260502-BODS_V1_1.xml,8,1
27-None--SCNH-Leamington_-2024-10-07-LS260425_-_final_Bods__SCNH_PD0000479_364_20260502-BODS_V1_1.xml,9,2
27-None--SCNH-Leamington_-2024-10-07-LS260425_-_final_Bods__SCNH_PD0000479_364_20260502-BODS_V1_1.xml,11,4
27-None--SCNH-Leamington_-2024-10-07-LS260425_-_final_Bods__SCNH_PD0000479_364_20260502-BODS_V1_1.xml,13,4
27-None--SCNH-Leamington_-2024-10-07-LS260425_-_final_Bods__SCNH_PD0000479_364_20260502-BODS_V1_1.xml,15,1
27-None--SCNH-Leamington_-2024-10-07-LS260425_-_final_Bods__SCNH_PD0000479_364_20260502-BODS_V1_1.xml,16,4
27-None--SCNH-Leamington_-2024-10-07-LS260425_-_final_Bods__SCNH_PD0000479_364_20260502-BODS_V1_1.xml,17,2
27-None--SCNH-Leamington_-2024-10-07-LS260425_-_final_Bods__SCNH_PD0000479_364_20260502-BODS_V1_1.xml,18,3
276-None--SCNH-Kettering-2024-01-21-KTCO260412_New_Fixed_Driver_p__SCNH_PF1118394_49_20260412-BODS_V1_1.xml,7,1
276-None--SCNH-Kettering-2024-01-21-KTCO260412_New_Fixed_Driver_p__SCNH_PF1118394_49_20260412-BODS_V1_1.xml,15,1
295-None--SCNH-Kettering-2024-01-21-KTCO260412_New_Fixed_Driver_p__SCNH_PF1118394_58_20260412-BODS_V1_1.xml,0,2
295-None--SCNH-Kettering-2024-01-21-KTCO260412_New_Fixed_Driver_p__SCNH_PF1118394_58_20260412-BODS_V1_1.xml,4,1
295-None--SCNH-Kettering-2024-01-21-KTCO260412_New_Fixed_Driver_p__SCNH_PF1118394_58_20260412-BODS_V1_1.xml,5,8
295-None--SCNH-Kettering-2024-01-21-KTCO260412_New_Fixed_Driver_p__SCNH_PF1118394_58_20260412-BODS_V1_1.xml,6,6
295-None--SCNH-Kettering-2024-01-21-KTCO260412_New_Fixed_Driver_p__SCNH_PF1118394_58_20260412-BODS_V1_1.xml,7,6
295-None--SCNH-Kettering-2024-01-21-KTCO260412_New_Fixed_Driver_p__SCNH_PF1118394_58_20260412-BODS_V1_1.xml,8,8
295-None--SCNH-Kettering-2024-01-21-KTCO260412_New_Fixed_Driver_p__SCNH_PF1118394_58_20260412-BODS_V1_1.xml,9,12
295-None--SCNH-Kettering-2024-01-21-KTCO260412_New_Fixed_Driver_p__SCNH_PF1118394_58_20260412-BODS_V1_1.xml,10,10
295-None--SCNH-Kettering-2024-01-21-KTCO260412_New_Fixed_Driver_p__SCNH_PF1118394_58_20260412-BODS_V1_1.xml,11,10
295-None--SCNH-Kettering-2024-01-21-KTCO260412_New_Fixed_Driver_p__SCNH_PF1118394_58_20260412-BODS_V1_1.xml,12,11
295-None--SCNH-Kettering-2024-01-21-KTCO260412_New_Fixed_Driver_p__SCNH_PF1118394_58_20260412-BODS_V1_1.xml,13,9
295-None--SCNH-Kettering-2024-01-21-KTCO260412_New_Fixed_Driver_p__SCNH_PF1118394_58_20260412-BODS_V1_1.xml,14,10
295-None--SCNH-Kettering-2024-01-21-KTCO260412_New_Fixed_Driver_p__SCNH_PF1118394_58_20260412-BODS_V1_1.xml,15,10
295-None--SCNH-Kettering-2024-01-21-KTCO260412_New_Fixed_Driver_p__SCNH_PF1118394_58_20260412-BODS_V1_1.xml,16,9
295-None--SCNH-Kettering-2024-01-21-KTCO260412_New_Fixed_Driver_p__SCNH_PF1118394_58_20260412-BODS_V1_1.xml,17,8
295-None--SCNH-Kettering-2024-01-21-KTCO260412_New_Fixed_Driver_p__SCNH_PF1118394_58_20260412-BODS_V1_1.xml,18,7
295-None--SCNH-Kettering-2024-01-21-KTCO260412_New_Fixed_Driver_p__SCNH_PF1118394_58_20260412-BODS_V1_1.xml,19,9
295-None--SCNH-Kettering-2024-01-21-KTCO260412_New_Fixed_Driver_p__SCNH_PF1118394_58_20260412-BODS_V1_1.xml,20,7
295-None--SCNH-Kettering-2024-01-21-KTCO260412_New_Fixed_Driver_p__SCNH_PF1118394_58_20260412-BODS_V1_1.xml,21,7
295-None--SCNH-Kettering-2024-01-21-KTCO260412_New_Fixed_Driver_p__SCNH_PF1118394_58_20260412-BODS_V1_1.xml,22,6
295-None--SCNH-Kettering-2024-01-21-KTCO260412_New_Fixed_Driver_p__SCNH_PF1118394_58_20260412-BODS_V1_1.xml,23,4
295-None--SCNH-Kettering-2024-01-21-KTCO260531_DNU__SCNH_PF1118394_58_20260531-BODS_V1_1.xml,0,2
295-None--SCNH-Kettering-2024-01-21-KTCO260531_DNU__SCNH_PF1118394_58_20260531-BODS_V1_1.xml,4,1
295-None--SCNH-Kettering-2024-01-21-KTCO260531_DNU__SCNH_PF1118394_58_20260531-BODS_V1_1.xml,5,8
295-None--SCNH-Kettering-2024-01-21-KTCO260531_DNU__SCNH_PF1118394_58_20260531-BODS_V1_1.xml,6,6
295-None--SCNH-Kettering-2024-01-21-KTCO260531_DNU__SCNH_PF1118394_58_20260531-BODS_V1_1.xml,7,6
295-None--SCNH-Kettering-2024-01-21-KTCO260531_DNU__SCNH_PF1118394_58_20260531-BODS_V1_1.xml,8,8
295-None--SCNH-Kettering-2024-01-21-KTCO260531_DNU__SCNH_PF1118394_58_20260531-BODS_V1_1.xml,9,12
295-None--SCNH-Kettering-2024-01-21-KTCO260531_DNU__SCNH_PF1118394_58_20260531-BODS_V1_1.xml,10,10
295-None--SCNH-Kettering-2024-01-21-KTCO260531_DNU__SCNH_PF1118394_58_20260531-BODS_V1_1.xml,11,10
295-None--SCNH-Kettering-2024-01-21-KTCO260531_DNU__SCNH_PF1118394_58_20260531-BODS_V1_1.xml,12,11
295-None--SCNH-Kettering-2024-01-21-KTCO260531_DNU__SCNH_PF1118394_58_20260531-BODS_V1_1.xml,13,9
295-None--SCNH-Kettering-2024-01-21-KTCO260531_DNU__SCNH_PF1118394_58_20260531-BODS_V1_1.xml,14,10
295-None--SCNH-Kettering-2024-01-21-KTCO260531_DNU__SCNH_PF1118394_58_20260531-BODS_V1_1.xml,15,10
295-None--SCNH-Kettering-2024-01-21-KTCO260531_DNU__SCNH_PF1118394_58_20260531-BODS_V1_1.xml,16,9
295-None--SCNH-Kettering-2024-01-21-KTCO260531_DNU__SCNH_PF1118394_58_20260531-BODS_V1_1.xml,17,8
295-None--SCNH-Kettering-2024-01-21-KTCO260531_DNU__SCNH_PF1118394_58_20260531-BODS_V1_1.xml,18,7
295-None--SCNH-Kettering-2024-01-21-KTCO260531_DNU__SCNH_PF1118394_58_20260531-BODS_V1_1.xml,19,9
295-None--SCNH-Kettering-2024-01-21-KTCO260531_DNU__SCNH_PF1118394_58_20260531-BODS_V1_1.xml,20,7
295-None--SCNH-Kettering-2024-01-21-KTCO260531_DNU__SCNH_PF1118394_58_20260531-BODS_V1_1.xml,21,7
295-None--SCNH-Kettering-2024-01-21-KTCO260531_DNU__SCNH_PF1118394_58_20260531-BODS_V1_1.xml,22,6
295-None--SCNH-Kettering-2024-01-21-KTCO260531_DNU__SCNH_PF1118394_58_20260531-BODS_V1_1.xml,23,4
296-None--SCNH-Kettering-2024-01-21-KTCO260412_New_Fixed_Driver_p__SCNH_PF1118394_57_20260412-BODS_V1_1.xml,5,2
296-None--SCNH-Kettering-2024-01-21-KTCO260412_New_Fixed_Driver_p__SCNH_PF1118394_57_20260412-BODS_V1_1.xml,6,3
296-None--SCNH-Kettering-2024-01-21-KTCO260412_New_Fixed_Driver_p__SCNH_PF1118394_57_20260412-BODS_V1_1.xml,7,5
296-None--SCNH-Kettering-2024-01-21-KTCO260412_New_Fixed_Driver_p__SCNH_PF1118394_57_20260412-BODS_V1_1.xml,8,7
296-None--SCNH-Kettering-2024-01-21-KTCO260412_New_Fixed_Driver_p__SCNH_PF1118394_57_20260412-BODS_V1_1.xml,9,5
296-None--SCNH-Kettering-2024-01-21-KTCO260412_New_Fixed_Driver_p__SCNH_PF1118394_57_20260412-BODS_V1_1.xml,10,5
296-None--SCNH-Kettering-2024-01-21-KTCO260412_New_Fixed_Driver_p__SCNH_PF1118394_57_20260412-BODS_V1_1.xml,11,4
296-None--SCNH-Kettering-2024-01-21-KTCO260412_New_Fixed_Driver_p__SCNH_PF1118394_57_20260412-BODS_V1_1.xml,12,6
296-None--SCNH-Kettering-2024-01-21-KTCO260412_New_Fixed_Driver_p__SCNH_PF1118394_57_20260412-BODS_V1_1.xml,13,4
296-None--SCNH-Kettering-2024-01-21-KTCO260412_New_Fixed_Driver_p__SCNH_PF1118394_57_20260412-BODS_V1_1.xml,14,6
296-None--SCNH-Kettering-2024-01-21-KTCO260412_New_Fixed_Driver_p__SCNH_PF1118394_57_20260412-BODS_V1_1.xml,15,3
296-None--SCNH-Kettering-2024-01-21-KTCO260412_New_Fixed_Driver_p__SCNH_PF1118394_57_20260412-BODS_V1_1.xml,16,6
296-None--SCNH-Kettering-2024-01-21-KTCO260412_New_Fixed_Driver_p__SCNH_PF1118394_57_20260412-BODS_V1_1.xml,17,4
296-None--SCNH-Kettering-2024-01-21-KTCO260412_New_Fixed_Driver_p__SCNH_PF1118394_57_20260412-BODS_V1_1.xml,18,5
296-None--SCNH-Kettering-2024-01-21-KTCO260412_New_Fixed_Driver_p__SCNH_PF1118394_57_20260412-BODS_V1_1.xml,19,6
296-None--SCNH-Kettering-2024-01-21-KTCO260412_New_Fixed_Driver_p__SCNH_PF1118394_57_20260412-BODS_V1_1.xml,20,3
296-None--SCNH-Kettering-2024-01-21-KTCO260412_New_Fixed_Driver_p__SCNH_PF1118394_57_20260412-BODS_V1_1.xml,21,3
296-None--SCNH-Kettering-2024-01-21-KTCO260412_New_Fixed_Driver_p__SCNH_PF1118394_57_20260412-BODS_V1_1.xml,22,1
296-None--SCNH-Kettering-2024-01-21-KTCO260412_New_Fixed_Driver_p__SCNH_PF1118394_57_20260412-BODS_V1_1.xml,23,2
296-None--SCNH-Kettering-2024-01-21-KTCO260531_DNU__SCNH_PF1118394_57_20260531-BODS_V1_1.xml,5,4
296-None--SCNH-Kettering-2024-01-21-KTCO260531_DNU__SCNH_PF1118394_57_20260531-BODS_V1_1.xml,6,5
296-None--SCNH-Kettering-2024-01-21-KTCO260531_DNU__SCNH_PF1118394_57_20260531-BODS_V1_1.xml,7,8
296-None--SCNH-Kettering-2024-01-21-KTCO260531_DNU__SCNH_PF1118394_57_20260531-BODS_V1_1.xml,8,9
296-None--SCNH-Kettering-2024-01-21-KTCO260531_DNU__SCNH_PF1118394_57_20260531-BODS_V1_1.xml,9,7
296-None--SCNH-Kettering-2024-01-21-KTCO260531_DNU__SCNH_PF1118394_57_20260531-BODS_V1_1.xml,10,8
296-None--SCNH-Kettering-2024-01-21-KTCO260531_DNU__SCNH_PF1118394_57_20260531-BODS_V1_1.xml,11,6
296-None--SCNH-Kettering-2024-01-21-KTCO260531_DNU__SCNH_PF1118394_57_20260531-BODS_V1_1.xml,12,9
296-None--SCNH-Kettering-2024-01-21-KTCO260531_DNU__SCNH_PF1118394_57_20260531-BODS_V1_1.xml,13,6
296-None--SCNH-Kettering-2024-01-21-KTCO260531_DNU__SCNH_PF1118394_57_20260531-BODS_V1_1.xml,14,8
296-None--SCNH-Kettering-2024-01-21-KTCO260531_DNU__SCNH_PF1118394_57_20260531-BODS_V1_1.xml,15,5
296-None--SCNH-Kettering-2024-01-21-KTCO260531_DNU__SCNH_PF1118394_57_20260531-BODS_V1_1.xml,16,10
296-None--SCNH-Kettering-2024-01-21-KTCO260531_DNU__SCNH_PF1118394_57_20260531-BODS_V1_1.xml,17,7
296-None--SCNH-Kettering-2024-01-21-KTCO260531_DNU__SCNH_PF1118394_57_20260531-BODS_V1_1.xml,18,8
296-None--SCNH-Kettering-2024-01-21-KTCO260531_DNU__SCNH_PF1118394_57_20260531-BODS_V1_1.xml,19,8
296-None--SCNH-Kettering-2024-01-21-KTCO260531_DNU__SCNH_PF1118394_57_20260531-BODS_V1_1.xml,20,3
296-None--SCNH-Kettering-2024-01-21-KTCO260531_DNU__SCNH_PF1118394_57_20260531-BODS_V1_1.xml,21,4
296-None--SCNH-Kettering-2024-01-21-KTCO260531_DNU__SCNH_PF1118394_57_20260531-BODS_V1_1.xml,22,2
296-None--SCNH-Kettering-2024-01-21-KTCO260531_DNU__SCNH_PF1118394_57_20260531-BODS_V1_1.xml,23,2
33-None--SSWL-WAME-2026-03-30-Merthyr260330_(Final_Set)_Adj_V4_PR__SSWL_PG0006630_253_20260412-BODS_V1_1.xml,7,2
33-None--SSWL-WAME-2026-03-30-Merthyr260330_(Final_Set)_Adj_V4_PR__SSWL_PG0006630_253_20260412-BODS_V1_1.xml,8,2
33-None--SSWL-WAME-2026-03-30-Merthyr260330_(Final_Set)_Adj_V4_PR__SSWL_PG0006630_253_20260412-BODS_V1_1.xml,9,2
33-None--SSWL-WAME-2026-03-30-Merthyr260330_(Final_Set)_Adj_V4_PR__SSWL_PG0006630_253_20260412-BODS_V1_1.xml,10,2
33-None--SSWL-WAME-2026-03-30-Merthyr260330_(Final_Set)_Adj_V4_PR__SSWL_PG0006630_253_20260412-BODS_V1_1.xml,11,2
33-None--SSWL-WAME-2026-03-30-Merthyr260330_(Final_Set)_Adj_V4_PR__SSWL_PG0006630_253_20260412-BODS_V1_1.xml,12,2
33-None--SSWL-WAME-2026-03-30-Merthyr260330_(Final_Set)_Adj_V4_PR__SSWL_PG0006630_253_20260412-BODS_V1_1.xml,13,2
33-None--SSWL-WAME-2026-03-30-Merthyr260330_(Final_Set)_Adj_V4_PR__SSWL_PG0006630_253_20260412-BODS_V1_1.xml,14,2
33-None--SSWL-WAME-2026-03-30-Merthyr260330_(Final_Set)_Adj_V4_PR__SSWL_PG0006630_253_20260412-BODS_V1_1.xml,15,2
33-None--SSWL-WAME-2026-03-30-Merthyr260330_(Final_Set)_Adj_V4_PR__SSWL_PG0006630_253_20260412-BODS_V1_1.xml,16,2
33-None--SSWL-WAME-2026-03-30-Merthyr260330_(Final_Set)_Adj_V4_PR__SSWL_PG0006630_253_20260412-BODS_V1_1.xml,17,2
33-None--SSWL-WAME-2026-03-30-Merthyr260330_(Final_Set)_Adj_V4_PR__SSWL_PG0006630_253_20260412-BODS_V1_1.xml,18,2
33-None--SSWL-WAME-2026-03-30-Merthyr260330_(Final_Set)_Adj_V4_PR__SSWL_PG0006630_253_20260412-BODS_V1_1.xml,19,2
35-None--SSWL-WAME-2026-03-30-Merthyr260330_(Final_Set)_Adj_V4_PR__SSWL_PG0006630_254_20260412-BODS_V1_1.xml,6,2
35-None--SSWL-WAME-2026-03-30-Merthyr260330_(Final_Set)_Adj_V4_PR__SSWL_PG0006630_254_20260412-BODS_V1_1.xml,7,6
35-None--SSWL-WAME-2026-03-30-Merthyr260330_(Final_Set)_Adj_V4_PR__SSWL_PG0006630_254_20260412-BODS_V1_1.xml,8,6
35-None--SSWL-WAME-2026-03-30-Merthyr260330_(Final_Set)_Adj_V4_PR__SSWL_PG0006630_254_20260412-BODS_V1_1.xml,9,6
35-None--SSWL-WAME-2026-03-30-Merthyr260330_(Final_Set)_Adj_V4_PR__SSWL_PG0006630_254_20260412-BODS_V1_1.xml,10,6
35-None--SSWL-WAME-2026-03-30-Merthyr260330_(Final_Set)_Adj_V4_PR__SSWL_PG0006630_254_20260412-BODS_V1_1.xml,11,6
35-None--SSWL-WAME-2026-03-30-Merthyr260330_(Final_Set)_Adj_V4_PR__SSWL_PG0006630_254_20260412-BODS_V1_1.xml,12,6
35-None--SSWL-WAME-2026-03-30-Merthyr260330_(Final_Set)_Adj_V4_PR__SSWL_PG0006630_254_20260412-BODS_V1_1.xml,13,6
35-None--SSWL-WAME-2026-03-30-Merthyr260330_(Final_Set)_Adj_V4_PR__SSWL_PG0006630_254_20260412-BODS_V1_1.xml,14,6
35-None--SSWL-WAME-2026-03-30-Merthyr260330_(Final_Set)_Adj_V4_PR__SSWL_PG0006630_254_20260412-BODS_V1_1.xml,15,6
35-None--SSWL-WAME-2026-03-30-Merthyr260330_(Final_Set)_Adj_V4_PR__SSWL_PG0006630_254_20260412-BODS_V1_1.xml,16,6
35-None--SSWL-WAME-2026-03-30-Merthyr260330_(Final_Set)_Adj_V4_PR__SSWL_PG0006630_254_20260412-BODS_V1_1.xml,17,6
35-None--SSWL-WAME-2026-03-30-Merthyr260330_(Final_Set)_Adj_V4_PR__SSWL_PG0006630_254_20260412-BODS_V1_1.xml,18,4
351-None--SCNH-Kettering-2024-01-21-KTCO260412_New_Fixed_Driver_p__SCNH_PF1118394_66_20260412-BODS_V1_1.xml,6,9
351-None--SCNH-Kettering-2024-01-21-KTCO260412_New_Fixed_Driver_p__SCNH_PF1118394_66_20260412-BODS_V1_1.xml,7,10
351-None--SCNH-Kettering-2024-01-21-KTCO260412_New_Fixed_Driver_p__SCNH_PF1118394_66_20260412-BODS_V1_1.xml,8,10
351-None--SCNH-Kettering-2024-01-21-KTCO260412_New_Fixed_Driver_p__SCNH_PF1118394_66_20260412-BODS_V1_1.xml,9,14
351-None--SCNH-Kettering-2024-01-21-KTCO260412_New_Fixed_Driver_p__SCNH_PF1118394_66_20260412-BODS_V1_1.xml,10,12
351-None--SCNH-Kettering-2024-01-21-KTCO260412_New_Fixed_Driver_p__SCNH_PF1118394_66_20260412-BODS_V1_1.xml,11,12
351-None--SCNH-Kettering-2024-01-21-KTCO260412_New_Fixed_Driver_p__SCNH_PF1118394_66_20260412-BODS_V1_1.xml,12,12
351-None--SCNH-Kettering-2024-01-21-KTCO260412_New_Fixed_Driver_p__SCNH_PF1118394_66_20260412-BODS_V1_1.xml,13,12
351-None--SCNH-Kettering-2024-01-21-KTCO260412_New_Fixed_Driver_p__SCNH_PF1118394_66_20260412-BODS_V1_1.xml,14,12
351-None--SCNH-Kettering-2024-01-21-KTCO260412_New_Fixed_Driver_p__SCNH_PF1118394_66_20260412-BODS_V1_1.xml,15,11
351-None--SCNH-Kettering-2024-01-21-KTCO260412_New_Fixed_Driver_p__SCNH_PF1118394_66_20260412-BODS_V1_1.xml,16,10
351-None--SCNH-Kettering-2024-01-21-KTCO260412_New_Fixed_Driver_p__SCNH_PF1118394_66_20260412-BODS_V1_1.xml,17,10
351-None--SCNH-Kettering-2024-01-21-KTCO260412_New_Fixed_Driver_p__SCNH_PF1118394_66_20260412-BODS_V1_1.xml,18,8
353-None--SCNH-Kettering-2024-01-21-KTCO260412_New_Fixed_Driver_p__SCNH_PF1118394_69_20260412-BODS_V1_1.xml,6,6
353-None--SCNH-Kettering-2024-01-21-KTCO260412_New_Fixed_Driver_p__SCNH_PF1118394_69_20260412-BODS_V1_1.xml,7,11
353-None--SCNH-Kettering-2024-01-21-KTCO260412_New_Fixed_Driver_p__SCNH_PF1118394_69_20260412-BODS_V1_1.xml,8,12
353-None--SCNH-Kettering-2024-01-21-KTCO260412_New_Fixed_Driver_p__SCNH_PF1118394_69_20260412-BODS_V1_1.xml,9,17
353-None--SCNH-Kettering-2024-01-21-KTCO260412_New_Fixed_Driver_p__SCNH_PF1118394_69_20260412-BODS_V1_1.xml,10,20
353-None--SCNH-Kettering-2024-01-21-KTCO260412_New_Fixed_Driver_p__SCNH_PF1118394_69_20260412-BODS_V1_1.xml,11,20
353-None--SCNH-Kettering-2024-01-21-KTCO260412_New_Fixed_Driver_p__SCNH_PF1118394_69_20260412-BODS_V1_1.xml,12,20
353-None--SCNH-Kettering-2024-01-21-KTCO260412_New_Fixed_Driver_p__SCNH_PF1118394_69_20260412-BODS_V1_1.xml,13,20
353-None--SCNH-Kettering-2024-01-21-KTCO260412_New_Fixed_Driver_p__SCNH_PF1118394_69_20260412-BODS_V1_1.xml,14,20
353-None--SCNH-Kettering-2024-01-21-KTCO260412_New_Fixed_Driver_p__SCNH_PF1118394_69_20260412-BODS_V1_1.xml,15,19
353-None--SCNH-Kettering-2024-01-21-KTCO260412_New_Fixed_Driver_p__SCNH_PF1118394_69_20260412-BODS_V1_1.xml,16,19
353-None--SCNH-Kettering-2024-01-21-KTCO260412_New_Fixed_Driver_p__SCNH_PF1118394_69_20260412-BODS_V1_1.xml,17,14
353-None--SCNH-Kettering-2024-01-21-KTCO260412_New_Fixed_Driver_p__SCNH_PF1118394_69_20260412-BODS_V1_1.xml,18,9
38-None--SSWL-WAME-2026-03-30-Merthyr260330_(Final_Set)_Adj_V4_PR__SSWL_PG0006630_255_20260412-BODS_V1_1.xml,8,2
38-None--SSWL-WAME-2026-03-30-Merthyr260330_(Final_Set)_Adj_V4_PR__SSWL_PG0006630_255_20260412-BODS_V1_1.xml,9,2
38-None--SSWL-WAME-2026-03-30-Merthyr260330_(Final_Set)_Adj_V4_PR__SSWL_PG0006630_255_20260412-BODS_V1_1.xml,10,2
38-None--SSWL-WAME-2026-03-30-Merthyr260330_(Final_Set)_Adj_V4_PR__SSWL_PG0006630_255_20260412-BODS_V1_1.xml,11,2
38-None--SSWL-WAME-2026-03-30-Merthyr260330_(Final_Set)_Adj_V4_PR__SSWL_PG0006630_255_20260412-BODS_V1_1.xml,12,2
38-None--SSWL-WAME-2026-03-30-Merthyr260330_(Final_Set)_Adj_V4_PR__SSWL_PG0006630_255_20260412-BODS_V1_1.xml,13,2
38-None--SSWL-WAME-2026-03-30-Merthyr260330_(Final_Set)_Adj_V4_PR__SSWL_PG0006630_255_20260412-BODS_V1_1.xml,14,2
38-None--SSWL-WAME-2026-03-30-Merthyr260330_(Final_Set)_Adj_V4_PR__SSWL_PG0006630_255_20260412-BODS_V1_1.xml,15,2
38-None--SSWL-WAME-2026-03-30-Merthyr260330_(Final_Set)_Adj_V4_PR__SSWL_PG0006630_255_20260412-BODS_V1_1.xml,16,2
38-None--SSWL-WAME-2026-03-30-Merthyr260330_(Final_Set)_Adj_V4_PR__SSWL_PG0006630_255_20260412-BODS_V1_1.xml,17,2
38-None--SSWL-WAME-2026-03-30-Merthyr260330_(Final_Set)_Adj_V4_PR__SSWL_PG0006630_255_20260412-BODS_V1_1.xml,18,2
4-None--SCNH-Leamington-2024-10-07-LS260502__SCNH_PD0000479_366_20260509-BODS_V1_1.xml,9,1
4-None--SCNH-Leamington-2024-10-07-LS260502__SCNH_PD0000479_366_20260509-BODS_V1_1.xml,10,3
4-None--SCNH-Leamington-2024-10-07-LS260502__SCNH_PD0000479_366_20260509-BODS_V1_1.xml,11,2
4-None--SCNH-Leamington-2024-10-07-LS260502__SCNH_PD0000479_366_20260509-BODS_V1_1.xml,12,3
4-None--SCNH-Leamington-2024-10-07-LS260502__SCNH_PD0000479_366_20260509-BODS_V1_1.xml,13,3
4-None--SCNH-Leamington-2024-10-07-LS260502__SCNH_PD0000479_366_20260509-BODS_V1_1.xml,14,2
4-None--SCNH-Leamington_-2024-10-07-LS260425_-_final_Bods__SCNH_PD0000479_366_20260502-BODS_V1_1.xml,9,1
4-None--SCNH-Leamington_-2024-10-07-LS260425_-_final_Bods__SCNH_PD0000479_366_20260502-BODS_V1_1.xml,10,3
4-None--SCNH-Leamington_-2024-10-07-LS260425_-_final_Bods__SCNH_PD0000479_366_20260502-BODS_V1_1.xml,11,2
4-None--SCNH-Leamington_-2024-10-07-LS260425_-_final_Bods__SCNH_PD0000479_366_20260502-BODS_V1_1.xml,12,3
4-None--SCNH-Leamington_-2024-10-07-LS260425_-_final_Bods__SCNH_PD0000479_366_20260502-BODS_V1_1.xml,13,3
4-None--SCNH-Leamington_-2024-10-07-LS260425_-_final_Bods__SCNH_PD0000479_366_20260502-BODS_V1_1.xml,14,2
404-None--SSWL-WAPO-2026-03-30-Porth260330_Final_Version_v8_proto__SSWL_PG0006630_307_20260412-BODS_V1_1.xml,6,4
404-None--SSWL-WAPO-2026-03-30-Porth260330_Final_Version_v8_proto__SSWL_PG0006630_307_20260412-BODS_V1_1.xml,7,6
404-None--SSWL-WAPO-2026-03-30-Porth260330_Final_Version_v8_proto__SSWL_PG0006630_307_20260412-BODS_V1_1.xml,8,5
404-None--SSWL-WAPO-2026-03-30-Porth260330_Final_Version_v8_proto__SSWL_PG0006630_307_20260412-BODS_V1_1.xml,9,4
404-None--SSWL-WAPO-2026-03-30-Porth260330_Final_Version_v8_proto__SSWL_PG0006630_307_20260412-BODS_V1_1.xml,10,5
404-None--SSWL-WAPO-2026-03-30-Porth260330_Final_Version_v8_proto__SSWL_PG0006630_307_20260412-BODS_V1_1.xml,11,5
404-None--SSWL-WAPO-2026-03-30-Porth260330_Final_Version_v8_proto__SSWL_PG0006630_307_20260412-BODS_V1_1.xml,12,5
404-None--SSWL-WAPO-2026-03-30-Porth260330_Final_Version_v8_proto__SSWL_PG0006630_307_20260412-BODS_V1_1.xml,13,5
404-None--SSWL-WAPO-2026-03-30-Porth260330_Final_Version_v8_proto__SSWL_PG0006630_307_20260412-BODS_V1_1.xml,14,5
404-None--SSWL-WAPO-2026-03-30-Porth260330_Final_Version_v8_proto__SSWL_PG0006630_307_20260412-BODS_V1_1.xml,15,4
404-None--SSWL-WAPO-2026-03-30-Porth260330_Final_Version_v8_proto__SSWL_PG0006630_307_20260412-BODS_V1_1.xml,16,5
404-None--SSWL-WAPO-2026-03-30-Porth260330_Final_Version_v8_proto__SSWL_PG0006630_307_20260412-BODS_V1_1.xml,17,5
404-None--SSWL-WAPO-2026-03-30-Porth260330_Final_Version_v8_proto__SSWL_PG0006630_307_20260412-BODS_V1_1.xml,18,4
404-None--SSWL-WAPO-2026-03-30-Porth260330_Final_Version_v8_proto__SSWL_PG0006630_307_20260412-BODS_V1_1.xml,19,1
45S-K45S--SCNH-Kettering-2024-01-21-KTCO260308_BODS__SCNH_UZ000SCNH_45S_20260308-BODS_V1_1.xml,15,1
48-None--SCNH-Kettering-2024-01-21-KTCO260412_New_Fixed_Driver_pr__SCNH_PF1118394_70_20260412-BODS_V1_1.xml,6,9
48-None--SCNH-Kettering-2024-01-21-KTCO260412_New_Fixed_Driver_pr__SCNH_PF1118394_70_20260412-BODS_V1_1.xml,7,9
48-None--SCNH-Kettering-2024-01-21-KTCO260412_New_Fixed_Driver_pr__SCNH_PF1118394_70_20260412-BODS_V1_1.xml,8,8
48-None--SCNH-Kettering-2024-01-21-KTCO260412_New_Fixed_Driver_pr__SCNH_PF1118394_70_20260412-BODS_V1_1.xml,9,10
48-None--SCNH-Kettering-2024-01-21-KTCO260412_New_Fixed_Driver_pr__SCNH_PF1118394_70_20260412-BODS_V1_1.xml,10,10
48-None--SCNH-Kettering-2024-01-21-KTCO260412_New_Fixed_Driver_pr__SCNH_PF1118394_70_20260412-BODS_V1_1.xml,11,8
48-None--SCNH-Kettering-2024-01-21-KTCO260412_New_Fixed_Driver_pr__SCNH_PF1118394_70_20260412-BODS_V1_1.xml,12,10
48-None--SCNH-Kettering-2024-01-21-KTCO260412_New_Fixed_Driver_pr__SCNH_PF1118394_70_20260412-BODS_V1_1.xml,13,10
48-None--SCNH-Kettering-2024-01-21-KTCO260412_New_Fixed_Driver_pr__SCNH_PF1118394_70_20260412-BODS_V1_1.xml,14,8
48-None--SCNH-Kettering-2024-01-21-KTCO260412_New_Fixed_Driver_pr__SCNH_PF1118394_70_20260412-BODS_V1_1.xml,15,10
48-None--SCNH-Kettering-2024-01-21-KTCO260412_New_Fixed_Driver_pr__SCNH_PF1118394_70_20260412-BODS_V1_1.xml,16,10
48-None--SCNH-Kettering-2024-01-21-KTCO260412_New_Fixed_Driver_pr__SCNH_PF1118394_70_20260412-BODS_V1_1.xml,17,8
48-None--SCNH-Kettering-2024-01-21-KTCO260412_New_Fixed_Driver_pr__SCNH_PF1118394_70_20260412-BODS_V1_1.xml,18,9
48-None--SCNH-Kettering-2024-01-21-KTCO260412_New_Fixed_Driver_pr__SCNH_PF1118394_70_20260412-BODS_V1_1.xml,19,8
48-None--SCNH-Kettering-2024-01-21-KTCO260412_New_Fixed_Driver_pr__SCNH_PF1118394_70_20260412-BODS_V1_1.xml,20,3
48S-K48S--SCNH-Kettering-2024-01-21-KTCO251102_v3_BODS__SCNH_UZ000SCNH_48S_20251102-BODS_V1_1.xml,8,1
4A-None--SCNH-Northampton_-2024-11-25-SCHEDULE_-_NN260503_v4_bods__SCNH_PF1118394_237_20260503-BODS_V1_1.xml,7,4
4A-None--SCNH-Northampton_-2024-11-25-SCHEDULE_-_NN260503_v4_bods__SCNH_PF1118394_237_20260503-BODS_V1_1.xml,8,5
4A-None--SCNH-Northampton_-2024-11-25-SCHEDULE_-_NN260503_v4_bods__SCNH_PF1118394_237_20260503-BODS_V1_1.xml,9,4
4A-None--SCNH-Northampton_-2024-11-25-SCHEDULE_-_NN260503_v4_bods__SCNH_PF1118394_237_20260503-BODS_V1_1.xml,10,4
4A-None--SCNH-Northampton_-2024-11-25-SCHEDULE_-_NN260503_v4_bods__SCNH_PF1118394_237_20260503-BODS_V1_1.xml,11,4
4A-None--SCNH-Northampton_-2024-11-25-SCHEDULE_-_NN260503_v4_bods__SCNH_PF1118394_237_20260503-BODS_V1_1.xml,12,4
4A-None--SCNH-Northampton_-2024-11-25-SCHEDULE_-_NN260503_v4_bods__SCNH_PF1118394_237_20260503-BODS_V1_1.xml,13,4
4A-None--SCNH-Northampton_-2024-11-25-SCHEDULE_-_NN260503_v4_bods__SCNH_PF1118394_237_20260503-BODS_V1_1.xml,14,4
4A-None--SCNH-Northampton_-2024-11-25-SCHEDULE_-_NN260503_v4_bods__SCNH_PF1118394_237_20260503-BODS_V1_1.xml,15,4
4A-None--SCNH-Northampton_-2024-11-25-SCHEDULE_-_NN260503_v4_bods__SCNH_PF1118394_237_20260503-BODS_V1_1.xml,16,4
4A-None--SCNH-Northampton_-2024-11-25-SCHEDULE_-_NN260503_v4_bods__SCNH_PF1118394_237_20260503-BODS_V1_1.xml,17,4
4A-None--SCNH-Northampton_-2024-11-25-SCHEDULE_-_NN260503_v4_bods__SCNH_PF1118394_237_20260503-BODS_V1_1.xml,18,2
4B-None--SCNH-Northampton_-2024-11-25-SCHEDULE_-_NN260503_v4_bods__SCNH_PF1118394_238_20260503-BODS_V1_1.xml,8,2
4B-None--SCNH-Northampton_-2024-11-25-SCHEDULE_-_NN260503_v4_bods__SCNH_PF1118394_238_20260503-BODS_V1_1.xml,9,4
4B-None--SCNH-Northampton_-2024-11-25-SCHEDULE_-_NN260503_v4_bods__SCNH_PF1118394_238_20260503-BODS_V1_1.xml,10,4
4B-None--SCNH-Northampton_-2024-11-25-SCHEDULE_-_NN260503_v4_bods__SCNH_PF1118394_238_20260503-BODS_V1_1.xml,11,4
4B-None--SCNH-Northampton_-2024-11-25-SCHEDULE_-_NN260503_v4_bods__SCNH_PF1118394_238_20260503-BODS_V1_1.xml,12,4
4B-None--SCNH-Northampton_-2024-11-25-SCHEDULE_-_NN260503_v4_bods__SCNH_PF1118394_238_20260503-BODS_V1_1.xml,13,4
4B-None--SCNH-Northampton_-2024-11-25-SCHEDULE_-_NN260503_v4_bods__SCNH_PF1118394_238_20260503-BODS_V1_1.xml,14,4
4B-None--SCNH-Northampton_-2024-11-25-SCHEDULE_-_NN260503_v4_bods__SCNH_PF1118394_238_20260503-BODS_V1_1.xml,15,4
4B-None--SCNH-Northampton_-2024-11-25-SCHEDULE_-_NN260503_v4_bods__SCNH_PF1118394_238_20260503-BODS_V1_1.xml,16,4
4B-None--SCNH-Northampton_-2024-11-25-SCHEDULE_-_NN260503_v4_bods__SCNH_PF1118394_238_20260503-BODS_V1_1.xml,17,4
4B-None--SCNH-Northampton_-2024-11-25-SCHEDULE_-_NN260503_v4_bods__SCNH_PF1118394_238_20260503-BODS_V1_1.xml,18,1
5-None--SCNH-Leamington-2024-10-07-LS260502__SCNH_PD0000479_367_20260509-BODS_V1_1.xml,9,1
5-None--SCNH-Leamington-2024-10-07-LS260502__SCNH_PD0000479_367_20260509-BODS_V1_1.xml,15,3
5-None--SCNH-Leamington-2024-10-07-LS260502__SCNH_PD0000479_367_20260509-BODS_V1_1.xml,16,3
5-None--SCNH-Leamington-2024-10-07-LS260502__SCNH_PD0000479_367_20260509-BODS_V1_1.xml,17,2
5-None--SCNH-Leamington_-2024-10-07-LS260425_-_final_Bods__SCNH_PD0000479_367_20260502-BODS_V1_1.xml,9,1
5-None--SCNH-Leamington_-2024-10-07-LS260425_-_final_Bods__SCNH_PD0000479_367_20260502-BODS_V1_1.xml,15,3
5-None--SCNH-Leamington_-2024-10-07-LS260425_-_final_Bods__SCNH_PD0000479_367_20260502-BODS_V1_1.xml,16,3
5-None--SCNH-Leamington_-2024-10-07-LS260425_-_final_Bods__SCNH_PD0000479_367_20260502-BODS_V1_1.xml,17,2
50A-None--SCNH-Kettering-2024-01-21-KTCO260412_New_Fixed_Driver_p__SCNH_PF1118394_242_20260412-BODS_V1_1.xml,7,1
50A-None--SCNH-Kettering-2024-01-21-KTCO260412_New_Fixed_Driver_p__SCNH_PF1118394_242_20260412-BODS_V1_1.xml,16,1
50A-None--SCNH-Kettering-2024-01-21-KTCO260412_New_Fixed_Driver_p__SCNH_PF1118394_242_20260412-BODS_V1_1.xml,17,1
51-None--SCNH-Leamington-2024-10-07-LS260502__SCNH_PD0000479_414_20260509-BODS_V1_1.xml,6,2
51-None--SCNH-Leamington-2024-10-07-LS260502__SCNH_PD0000479_414_20260509-BODS_V1_1.xml,7,2
51-None--SCNH-Leamington-2024-10-07-LS260502__SCNH_PD0000479_414_20260509-BODS_V1_1.xml,9,3
51-None--SCNH-Leamington-2024-10-07-LS260502__SCNH_PD0000479_414_20260509-BODS_V1_1.xml,10,3
51-None--SCNH-Leamington-2024-10-07-LS260502__SCNH_PD0000479_414_20260509-BODS_V1_1.xml,11,3
51-None--SCNH-Leamington-2024-10-07-LS260502__SCNH_PD0000479_414_20260509-BODS_V1_1.xml,12,3
51-None--SCNH-Leamington-2024-10-07-LS260502__SCNH_PD0000479_414_20260509-BODS_V1_1.xml,13,2
51-None--SCNH-Leamington-2024-10-07-LS260502__SCNH_PD0000479_414_20260509-BODS_V1_1.xml,16,2
51-None--SCNH-Leamington-2024-10-07-LS260502__SCNH_PD0000479_414_20260509-BODS_V1_1.xml,17,2
51-None--SCNH-Leamington-2024-10-07-LS260502__SCNH_PD0000479_414_20260509-BODS_V1_1.xml,18,2
51-None--SCNH-Leamington-2024-10-07-LS260502__SCNH_PD0000479_414_20260509-BODS_V1_1.xml,19,2
51-None--SCNH-Leamington_-2024-10-07-LS260425_-_final_Bods__SCNH_PD0000479_414_20260502-BODS_V1_1.xml,6,2
51-None--SCNH-Leamington_-2024-10-07-LS260425_-_final_Bods__SCNH_PD0000479_414_20260502-BODS_V1_1.xml,7,2
51-None--SCNH-Leamington_-2024-10-07-LS260425_-_final_Bods__SCNH_PD0000479_414_20260502-BODS_V1_1.xml,9,3
51-None--SCNH-Leamington_-2024-10-07-LS260425_-_final_Bods__SCNH_PD0000479_414_20260502-BODS_V1_1.xml,10,3
51-None--SCNH-Leamington_-2024-10-07-LS260425_-_final_Bods__SCNH_PD0000479_414_20260502-BODS_V1_1.xml,11,3
51-None--SCNH-Leamington_-2024-10-07-LS260425_-_final_Bods__SCNH_PD0000479_414_20260502-BODS_V1_1.xml,12,3
51-None--SCNH-Leamington_-2024-10-07-LS260425_-_final_Bods__SCNH_PD0000479_414_20260502-BODS_V1_1.xml,13,2
51-None--SCNH-Leamington_-2024-10-07-LS260425_-_final_Bods__SCNH_PD0000479_414_20260502-BODS_V1_1.xml,16,2
51-None--SCNH-Leamington_-2024-10-07-LS260425_-_final_Bods__SCNH_PD0000479_414_20260502-BODS_V1_1.xml,17,2
51-None--SCNH-Leamington_-2024-10-07-LS260425_-_final_Bods__SCNH_PD0000479_414_20260502-BODS_V1_1.xml,18,2
51-None--SCNH-Leamington_-2024-10-07-LS260425_-_final_Bods__SCNH_PD0000479_414_20260502-BODS_V1_1.xml,19,2
51C-None--SSWL-WAME-2026-03-30-Merthyr260330_(Final_Set)_Adj_V4_P__SSWL_PG0006630_381_20260412-BODS_V1_1.xml,6,6
51C-None--SSWL-WAME-2026-03-30-Merthyr260330_(Final_Set)_Adj_V4_P__SSWL_PG0006630_381_20260412-BODS_V1_1.xml,7,4
51C-None--SSWL-WAME-2026-03-30-Merthyr260330_(Final_Set)_Adj_V4_P__SSWL_PG0006630_381_20260412-BODS_V1_1.xml,8,4
51C-None--SSWL-WAME-2026-03-30-Merthyr260330_(Final_Set)_Adj_V4_P__SSWL_PG0006630_381_20260412-BODS_V1_1.xml,9,4
51C-None--SSWL-WAME-2026-03-30-Merthyr260330_(Final_Set)_Adj_V4_P__SSWL_PG0006630_381_20260412-BODS_V1_1.xml,10,4
51C-None--SSWL-WAME-2026-03-30-Merthyr260330_(Final_Set)_Adj_V4_P__SSWL_PG0006630_381_20260412-BODS_V1_1.xml,11,4
51C-None--SSWL-WAME-2026-03-30-Merthyr260330_(Final_Set)_Adj_V4_P__SSWL_PG0006630_381_20260412-BODS_V1_1.xml,12,4
51C-None--SSWL-WAME-2026-03-30-Merthyr260330_(Final_Set)_Adj_V4_P__SSWL_PG0006630_381_20260412-BODS_V1_1.xml,13,4
51C-None--SSWL-WAME-2026-03-30-Merthyr260330_(Final_Set)_Adj_V4_P__SSWL_PG0006630_381_20260412-BODS_V1_1.xml,14,4
51C-None--SSWL-WAME-2026-03-30-Merthyr260330_(Final_Set)_Adj_V4_P__SSWL_PG0006630_381_20260412-BODS_V1_1.xml,15,4
51C-None--SSWL-WAME-2026-03-30-Merthyr260330_(Final_Set)_Adj_V4_P__SSWL_PG0006630_381_20260412-BODS_V1_1.xml,16,4
51C-None--SSWL-WAME-2026-03-30-Merthyr260330_(Final_Set)_Adj_V4_P__SSWL_PG0006630_381_20260412-BODS_V1_1.xml,17,4
51C-None--SSWL-WAME-2026-03-30-Merthyr260330_(Final_Set)_Adj_V4_P__SSWL_PG0006630_381_20260412-BODS_V1_1.xml,18,2
56-None--SCNH-Northampton_-2024-11-25-SCHEDULE_-_NN260503_v4_bods__SCNH_PF1118394_249_20260503-BODS_V1_1.xml,5,3
56-None--SCNH-Northampton_-2024-11-25-SCHEDULE_-_NN260503_v4_bods__SCNH_PF1118394_249_20260503-BODS_V1_1.xml,7,3
56-None--SCNH-Northampton_-2024-11-25-SCHEDULE_-_NN260503_v4_bods__SCNH_PF1118394_249_20260503-BODS_V1_1.xml,17,3
56-None--SCNH-Northampton_-2024-11-25-SCHEDULE_-_NN260503_v4_bods__SCNH_PF1118394_249_20260503-BODS_V1_1.xml,18,3
58-None--SCGL-WEST-2024-01-01-ST_26-04-12_Exports__SCGL_PH0005031_400_20260412-BODS_V1_1.xml,9,2
58-None--SCGL-WEST-2024-01-01-ST_26-04-12_Exports__SCGL_PH0005031_400_20260412-BODS_V1_1.xml,10,4
58-None--SCGL-WEST-2024-01-01-ST_26-04-12_Exports__SCGL_PH0005031_400_20260412-BODS_V1_1.xml,11,4
58-None--SCGL-WEST-2024-01-01-ST_26-04-12_Exports__SCGL_PH0005031_400_20260412-BODS_V1_1.xml,12,2
58-None--SCGL-WEST-2024-01-01-ST_26-04-12_Exports__SCGL_PH0005031_400_20260412-BODS_V1_1.xml,13,5
58-None--SCGL-WEST-2024-01-01-ST_26-04-12_Exports__SCGL_PH0005031_400_20260412-BODS_V1_1.xml,14,4
58-None--SCGL-WEST-2024-01-01-ST_26-04-12_Exports__SCGL_PH0005031_400_20260412-BODS_V1_1.xml,15,2
58-None--SCGL-WEST-2024-01-01-ST_26-04-12_Full_Set_Data_Exports__SCGL_PH0005031_400_20260526-BODS_V1_1.xml,9,2
58-None--SCGL-WEST-2024-01-01-ST_26-04-12_Full_Set_Data_Exports__SCGL_PH0005031_400_20260526-BODS_V1_1.xml,10,4
58-None--SCGL-WEST-2024-01-01-ST_26-04-12_Full_Set_Data_Exports__SCGL_PH0005031_400_20260526-BODS_V1_1.xml,11,4
58-None--SCGL-WEST-2024-01-01-ST_26-04-12_Full_Set_Data_Exports__SCGL_PH0005031_400_20260526-BODS_V1_1.xml,12,2
58-None--SCGL-WEST-2024-01-01-ST_26-04-12_Full_Set_Data_Exports__SCGL_PH0005031_400_20260526-BODS_V1_1.xml,13,5
58-None--SCGL-WEST-2024-01-01-ST_26-04-12_Full_Set_Data_Exports__SCGL_PH0005031_400_20260526-BODS_V1_1.xml,14,4
58-None--SCGL-WEST-2024-01-01-ST_26-04-12_Full_Set_Data_Exports__SCGL_PH0005031_400_20260526-BODS_V1_1.xml,15,2
58-None--SCGL-WEST-2024-01-01-ST_26-04-12_Full_Set_Data_Exports__SCGL_PH0005031_400_20260531-BODS_V1_1.xml,9,2
58-None--SCGL-WEST-2024-01-01-ST_26-04-12_Full_Set_Data_Exports__SCGL_PH0005031_400_20260531-BODS_V1_1.xml,10,4
58-None--SCGL-WEST-2024-01-01-ST_26-04-12_Full_Set_Data_Exports__SCGL_PH0005031_400_20260531-BODS_V1_1.xml,11,4
58-None--SCGL-WEST-2024-01-01-ST_26-04-12_Full_Set_Data_Exports__SCGL_PH0005031_400_20260531-BODS_V1_1.xml,12,2
58-None--SCGL-WEST-2024-01-01-ST_26-04-12_Full_Set_Data_Exports__SCGL_PH0005031_400_20260531-BODS_V1_1.xml,13,5
58-None--SCGL-WEST-2024-01-01-ST_26-04-12_Full_Set_Data_Exports__SCGL_PH0005031_400_20260531-BODS_V1_1.xml,14,4
58-None--SCGL-WEST-2024-01-01-ST_26-04-12_Full_Set_Data_Exports__SCGL_PH0005031_400_20260531-BODS_V1_1.xml,15,2
585-None--SCNH-Rugby-2024-01-06-RU260411_-_Easter_Changes_BODS__SCNH_PD0000479_332_20260411-BODS_V1_1.xml,9,1
585-None--SCNH-Rugby-2024-01-06-RU260411_-_Easter_Changes_BODS__SCNH_PD0000479_332_20260411-BODS_V1_1.xml,10,1
585-None--SCNH-Rugby-2024-01-06-RU260411_-_Easter_Changes_BODS__SCNH_PD0000479_332_20260411-BODS_V1_1.xml,11,1
585-None--SCNH-Rugby-2024-01-06-RU260411_-_Easter_Changes_BODS__SCNH_PD0000479_332_20260411-BODS_V1_1.xml,12,1
585-None--SCNH-Rugby-2024-01-06-RU260411_-_Easter_Changes_BODS__SCNH_PD0000479_332_20260411-BODS_V1_1.xml,13,1
585-None--SCNH-Rugby-2024-01-06-RU260411_-_Easter_Changes_BODS__SCNH_PD0000479_332_20260411-BODS_V1_1.xml,14,1
585-None--SCNH-Rugby-2024-01-06-RU260411_-_Easter_Changes_BODS__SCNH_PD0000479_332_20260411-BODS_V1_1.xml,15,1
585-None--SCNH-Rugby-2024-01-06-RU260411_-_Easter_Changes_BODS__SCNH_PD0000479_332_20260411-BODS_V1_1.xml,16,1
585-None--SCNH-Rugby-2024-01-06-RU260411_-_Easter_Changes_BODS__SCNH_PD0000479_332_20260411-BODS_V1_1.xml,17,1
585-None--SCNH-Rugby-2024-01-06-RU260411_-_Easter_Changes_BODS__SCNH_PD0000479_332_20260411-BODS_V1_1.xml,18,1
585-None--SCNH-Rugby-2024-01-06-RU260411_-_Easter_Changes_BODS__SCNH_PD0000479_332_20260411-BODS_V1_1.xml,19,1
585-None--SCNH-Rugby-2024-01-06-RU260411_-_Easter_Changes_BODS__SCNH_PD0000479_332_20260411-BODS_V1_1.xml,20,1
585-None--SCNH-Rugby-2024-01-06-RU260411_-_Easter_Changes_BODS__SCNH_PD0000479_332_20260411-BODS_V1_1.xml,21,2
585-None--SCNH-Rugby-2024-01-06-RU260509_D__SCNH_PD0000479_332_20260507-BODS_V1_1.xml,9,1
585-None--SCNH-Rugby-2024-01-06-RU260509_D__SCNH_PD0000479_332_20260507-BODS_V1_1.xml,10,1
585-None--SCNH-Rugby-2024-01-06-RU260509_D__SCNH_PD0000479_332_20260507-BODS_V1_1.xml,11,1
585-None--SCNH-Rugby-2024-01-06-RU260509_D__SCNH_PD0000479_332_20260507-BODS_V1_1.xml,12,1
585-None--SCNH-Rugby-2024-01-06-RU260509_D__SCNH_PD0000479_332_20260507-BODS_V1_1.xml,13,1
585-None--SCNH-Rugby-2024-01-06-RU260509_D__SCNH_PD0000479_332_20260507-BODS_V1_1.xml,15,1
585-None--SCNH-Rugby-2024-01-06-RU260509_D__SCNH_PD0000479_332_20260507-BODS_V1_1.xml,16,1
585-None--SCNH-Rugby-2024-01-06-RU260509_D__SCNH_PD0000479_332_20260507-BODS_V1_1.xml,17,1
585-None--SCNH-Rugby-2024-01-06-RU260509_D__SCNH_PD0000479_332_20260507-BODS_V1_1.xml,18,1
585-None--SCNH-Rugby-2024-01-06-RU260509_D__SCNH_PD0000479_332_20260507-BODS_V1_1.xml,20,1
585-None--SCNH-Rugby-2024-01-06-RU260509_D__SCNH_PD0000479_332_20260507-BODS_V1_1.xml,21,2
585-None--SCNH-Rugby-2024-01-06-RU260509_D__SCNH_PD0000479_332_20260509-BODS_V1_1.xml,9,1
585-None--SCNH-Rugby-2024-01-06-RU260509_D__SCNH_PD0000479_332_20260509-BODS_V1_1.xml,10,1
585-None--SCNH-Rugby-2024-01-06-RU260509_D__SCNH_PD0000479_332_20260509-BODS_V1_1.xml,11,1
585-None--SCNH-Rugby-2024-01-06-RU260509_D__SCNH_PD0000479_332_20260509-BODS_V1_1.xml,12,1
585-None--SCNH-Rugby-2024-01-06-RU260509_D__SCNH_PD0000479_332_20260509-BODS_V1_1.xml,13,1
585-None--SCNH-Rugby-2024-01-06-RU260509_D__SCNH_PD0000479_332_20260509-BODS_V1_1.xml,15,1
585-None--SCNH-Rugby-2024-01-06-RU260509_D__SCNH_PD0000479_332_20260509-BODS_V1_1.xml,16,1
585-None--SCNH-Rugby-2024-01-06-RU260509_D__SCNH_PD0000479_332_20260509-BODS_V1_1.xml,17,1
585-None--SCNH-Rugby-2024-01-06-RU260509_D__SCNH_PD0000479_332_20260509-BODS_V1_1.xml,18,1
585-None--SCNH-Rugby-2024-01-06-RU260509_D__SCNH_PD0000479_332_20260509-BODS_V1_1.xml,20,1
585-None--SCNH-Rugby-2024-01-06-RU260509_D__SCNH_PD0000479_332_20260509-BODS_V1_1.xml,21,2
59-None--SCNH-Northampton_-2024-11-25-SCHEDULE_-_NN260503_v4_bods__SCNH_PF1118394_224_20260503-BODS_V1_1.xml,9,2
59-None--SCNH-Northampton_-2024-11-25-SCHEDULE_-_NN260503_v4_bods__SCNH_PF1118394_224_20260503-BODS_V1_1.xml,12,1
59-None--SCNH-Northampton_-2024-11-25-SCHEDULE_-_NN260503_v4_bods__SCNH_PF1118394_224_20260503-BODS_V1_1.xml,14,1
60-None--SCNH-Northampton_-2024-11-25-SCHEDULE_-_NN260503_v4_bods__SCNH_PF1118394_225_20260503-BODS_V1_1.xml,7,1
60-None--SCNH-Northampton_-2024-11-25-SCHEDULE_-_NN260503_v4_bods__SCNH_PF1118394_225_20260503-BODS_V1_1.xml,8,2
60-None--SCNH-Northampton_-2024-11-25-SCHEDULE_-_NN260503_v4_bods__SCNH_PF1118394_225_20260503-BODS_V1_1.xml,9,4
60-None--SCNH-Northampton_-2024-11-25-SCHEDULE_-_NN260503_v4_bods__SCNH_PF1118394_225_20260503-BODS_V1_1.xml,11,2
60-None--SCNH-Northampton_-2024-11-25-SCHEDULE_-_NN260503_v4_bods__SCNH_PF1118394_225_20260503-BODS_V1_1.xml,12,1
60-None--SCNH-Northampton_-2024-11-25-SCHEDULE_-_NN260503_v4_bods__SCNH_PF1118394_225_20260503-BODS_V1_1.xml,13,2
60-None--SCNH-Northampton_-2024-11-25-SCHEDULE_-_NN260503_v4_bods__SCNH_PF1118394_225_20260503-BODS_V1_1.xml,14,1
60-None--SCNH-Northampton_-2024-11-25-SCHEDULE_-_NN260503_v4_bods__SCNH_PF1118394_225_20260503-BODS_V1_1.xml,15,2
60-None--SCNH-Northampton_-2024-11-25-SCHEDULE_-_NN260503_v4_bods__SCNH_PF1118394_225_20260503-BODS_V1_1.xml,16,1
60-None--SCNH-Northampton_-2024-11-25-SCHEDULE_-_NN260503_v4_bods__SCNH_PF1118394_225_20260503-BODS_V1_1.xml,17,1
60-None--SCNH-Northampton_-2024-11-25-SCHEDULE_-_NN260503_v4_bods__SCNH_PF1118394_225_20260503-BODS_V1_1.xml,18,1
64B-None--SCNH-Rugby-2024-01-06-RU260411_-_Easter_Changes_BODS__SCNH_PD0000479_324_20260411-BODS_V1_1.xml,5,1
64B-None--SCNH-Rugby-2024-01-06-RU260509_D__SCNH_PD0000479_324_20260507-BODS_V1_1.xml,5,1
64B-None--SCNH-Rugby-2024-01-06-RU260509_D__SCNH_PD0000479_324_20260509-BODS_V1_1.xml,5,1
65-ST065B--SCGL-WEGL-2024-01-01-GL_25-11-30_FINAL_(Exports)__SCGL_UZ000SCGL_65_20251126-BODS_V1_1.xml,6,2
65-ST065B--SCGL-WEGL-2024-01-01-GL_25-11-30_FINAL_(Exports)__SCGL_UZ000SCGL_65_20251126-BODS_V1_1.xml,17,3
75-None--SCNH-Leamington-2024-10-07-LS260502__SCNH_PD0000479_368_20260509-BODS_V1_1.xml,5,1
75-None--SCNH-Leamington-2024-10-07-LS260502__SCNH_PD0000479_368_20260509-BODS_V1_1.xml,6,1
75-None--SCNH-Leamington-2024-10-07-LS260502__SCNH_PD0000479_368_20260509-BODS_V1_1.xml,7,1
75-None--SCNH-Leamington-2024-10-07-LS260502__SCNH_PD0000479_368_20260509-BODS_V1_1.xml,9,3
75-None--SCNH-Leamington-2024-10-07-LS260502__SCNH_PD0000479_368_20260509-BODS_V1_1.xml,10,2
75-None--SCNH-Leamington-2024-10-07-LS260502__SCNH_PD0000479_368_20260509-BODS_V1_1.xml,11,2
75-None--SCNH-Leamington-2024-10-07-LS260502__SCNH_PD0000479_368_20260509-BODS_V1_1.xml,12,2
75-None--SCNH-Leamington-2024-10-07-LS260502__SCNH_PD0000479_368_20260509-BODS_V1_1.xml,14,1
75-None--SCNH-Leamington-2024-10-07-LS260502__SCNH_PD0000479_368_20260509-BODS_V1_1.xml,16,1
75-None--SCNH-Leamington-2024-10-07-LS260502__SCNH_PD0000479_368_20260509-BODS_V1_1.xml,17,1
75-None--SCNH-Leamington-2024-10-07-LS260502__SCNH_PD0000479_368_20260509-BODS_V1_1.xml,18,1
75-None--SCNH-Leamington-2024-10-07-LS260502__SCNH_PD0000479_368_20260509-BODS_V1_1.xml,19,3
75-None--SCNH-Leamington-2024-10-07-LS260502__SCNH_PD0000479_368_20260509-BODS_V1_1.xml,20,2
75-None--SCNH-Leamington-2024-10-07-LS260502__SCNH_PD0000479_368_20260509-BODS_V1_1.xml,21,4
75-None--SCNH-Leamington-2024-10-07-LS260502__SCNH_PD0000479_368_20260509-BODS_V1_1.xml,22,4
75-None--SCNH-Leamington_-2024-10-07-LS260425_-_final_Bods__SCNH_PD0000479_368_20260502-BODS_V1_1.xml,5,1
75-None--SCNH-Leamington_-2024-10-07-LS260425_-_final_Bods__SCNH_PD0000479_368_20260502-BODS_V1_1.xml,6,1
75-None--SCNH-Leamington_-2024-10-07-LS260425_-_final_Bods__SCNH_PD0000479_368_20260502-BODS_V1_1.xml,7,1
75-None--SCNH-Leamington_-2024-10-07-LS260425_-_final_Bods__SCNH_PD0000479_368_20260502-BODS_V1_1.xml,9,3
75-None--SCNH-Leamington_-2024-10-07-LS260425_-_final_Bods__SCNH_PD0000479_368_20260502-BODS_V1_1.xml,10,2
75-None--SCNH-Leamington_-2024-10-07-LS260425_-_final_Bods__SCNH_PD0000479_368_20260502-BODS_V1_1.xml,11,2
75-None--SCNH-Leamington_-2024-10-07-LS260425_-_final_Bods__SCNH_PD0000479_368_20260502-BODS_V1_1.xml,12,2
75-None--SCNH-Leamington_-2024-10-07-LS260425_-_final_Bods__SCNH_PD0000479_368_20260502-BODS_V1_1.xml,14,1
75-None--SCNH-Leamington_-2024-10-07-LS260425_-_final_Bods__SCNH_PD0000479_368_20260502-BODS_V1_1.xml,16,1
75-None--SCNH-Leamington_-2024-10-07-LS260425_-_final_Bods__SCNH_PD0000479_368_20260502-BODS_V1_1.xml,17,1
75-None--SCNH-Leamington_-2024-10-07-LS260425_-_final_Bods__SCNH_PD0000479_368_20260502-BODS_V1_1.xml,18,1
75-None--SCNH-Leamington_-2024-10-07-LS260425_-_final_Bods__SCNH_PD0000479_368_20260502-BODS_V1_1.xml,19,3
75-None--SCNH-Leamington_-2024-10-07-LS260425_-_final_Bods__SCNH_PD0000479_368_20260502-BODS_V1_1.xml,20,2
75-None--SCNH-Leamington_-2024-10-07-LS260425_-_final_Bods__SCNH_PD0000479_368_20260502-BODS_V1_1.xml,21,4
75-None--SCNH-Leamington_-2024-10-07-LS260425_-_final_Bods__SCNH_PD0000479_368_20260502-BODS_V1_1.xml,22,4
75A-None--SCNH-Leamington-2024-10-07-LS260502__SCNH_PD0000479_411_20260509-BODS_V1_1.xml,6,1
75A-None--SCNH-Leamington-2024-10-07-LS260502__SCNH_PD0000479_411_20260509-BODS_V1_1.xml,7,3
75A-None--SCNH-Leamington-2024-10-07-LS260502__SCNH_PD0000479_411_20260509-BODS_V1_1.xml,14,1
75A-None--SCNH-Leamington-2024-10-07-LS260502__SCNH_PD0000479_411_20260509-BODS_V1_1.xml,16,1
75A-None--SCNH-Leamington_-2024-10-07-LS260425_-_final_Bods__SCNH_PD0000479_411_20260502-BODS_V1_1.xml,6,1
75A-None--SCNH-Leamington_-2024-10-07-LS260425_-_final_Bods__SCNH_PD0000479_411_20260502-BODS_V1_1.xml,7,3
75A-None--SCNH-Leamington_-2024-10-07-LS260425_-_final_Bods__SCNH_PD0000479_411_20260502-BODS_V1_1.xml,14,1
75A-None--SCNH-Leamington_-2024-10-07-LS260425_-_final_Bods__SCNH_PD0000479_411_20260502-BODS_V1_1.xml,16,1
75S-None--SCNH-Leamington-2024-10-07-LS260502__SCNH_PD0000479_445_20260509-BODS_V1_1.xml,7,2
75S-None--SCNH-Leamington-2024-10-07-LS260502__SCNH_PD0000479_445_20260509-BODS_V1_1.xml,15,1
75S-None--SCNH-Leamington_-2024-10-07-LS260425_-_final_Bods__SCNH_PD0000479_445_20260502-BODS_V1_1.xml,7,2
75S-None--SCNH-Leamington_-2024-10-07-LS260425_-_final_Bods__SCNH_PD0000479_445_20260502-BODS_V1_1.xml,15,1
76-None--SCNH-Leamington-2024-10-07-LS260502__SCNH_PD0000479_369_20260509-BODS_V1_1.xml,7,2
76-None--SCNH-Leamington-2024-10-07-LS260502__SCNH_PD0000479_369_20260509-BODS_V1_1.xml,9,4
76-None--SCNH-Leamington-2024-10-07-LS260502__SCNH_PD0000479_369_20260509-BODS_V1_1.xml,10,2
76-None--SCNH-Leamington-2024-10-07-LS260502__SCNH_PD0000479_369_20260509-BODS_V1_1.xml,12,2
76-None--SCNH-Leamington-2024-10-07-LS260502__SCNH_PD0000479_369_20260509-BODS_V1_1.xml,13,2
76-None--SCNH-Leamington-2024-10-07-LS260502__SCNH_PD0000479_369_20260509-BODS_V1_1.xml,14,2
76-None--SCNH-Leamington-2024-10-07-LS260502__SCNH_PD0000479_369_20260509-BODS_V1_1.xml,15,2
76-None--SCNH-Leamington-2024-10-07-LS260502__SCNH_PD0000479_369_20260509-BODS_V1_1.xml,16,2
76-None--SCNH-Leamington-2024-10-07-LS260502__SCNH_PD0000479_369_20260509-BODS_V1_1.xml,18,3
76-None--SCNH-Leamington-2024-10-07-LS260502__SCNH_PD0000479_369_20260509-BODS_V1_1.xml,19,1
76-None--SCNH-Leamington_-2024-10-07-LS260425_-_final_Bods__SCNH_PD0000479_369_20260502-BODS_V1_1.xml,7,2
76-None--SCNH-Leamington_-2024-10-07-LS260425_-_final_Bods__SCNH_PD0000479_369_20260502-BODS_V1_1.xml,9,4
76-None--SCNH-Leamington_-2024-10-07-LS260425_-_final_Bods__SCNH_PD0000479_369_20260502-BODS_V1_1.xml,10,2
76-None--SCNH-Leamington_-2024-10-07-LS260425_-_final_Bods__SCNH_PD0000479_369_20260502-BODS_V1_1.xml,12,2
76-None--SCNH-Leamington_-2024-10-07-LS260425_-_final_Bods__SCNH_PD0000479_369_20260502-BODS_V1_1.xml,13,2
76-None--SCNH-Leamington_-2024-10-07-LS260425_-_final_Bods__SCNH_PD0000479_369_20260502-BODS_V1_1.xml,14,2
76-None--SCNH-Leamington_-2024-10-07-LS260425_-_final_Bods__SCNH_PD0000479_369_20260502-BODS_V1_1.xml,15,2
76-None--SCNH-Leamington_-2024-10-07-LS260425_-_final_Bods__SCNH_PD0000479_369_20260502-BODS_V1_1.xml,16,2
76-None--SCNH-Leamington_-2024-10-07-LS260425_-_final_Bods__SCNH_PD0000479_369_20260502-BODS_V1_1.xml,18,3
76-None--SCNH-Leamington_-2024-10-07-LS260425_-_final_Bods__SCNH_PD0000479_369_20260502-BODS_V1_1.xml,19,1
76-None--SSWL-WAME-2026-03-30-Merthyr260330_(Final_Set)_Adj_V4_PR__SSWL_PG0006630_281_20260412-BODS_V1_1.xml,5,2
76-None--SSWL-WAME-2026-03-30-Merthyr260330_(Final_Set)_Adj_V4_PR__SSWL_PG0006630_281_20260412-BODS_V1_1.xml,6,6
76-None--SSWL-WAME-2026-03-30-Merthyr260330_(Final_Set)_Adj_V4_PR__SSWL_PG0006630_281_20260412-BODS_V1_1.xml,7,6
76-None--SSWL-WAME-2026-03-30-Merthyr260330_(Final_Set)_Adj_V4_PR__SSWL_PG0006630_281_20260412-BODS_V1_1.xml,8,4
76-None--SSWL-WAME-2026-03-30-Merthyr260330_(Final_Set)_Adj_V4_PR__SSWL_PG0006630_281_20260412-BODS_V1_1.xml,9,4
76-None--SSWL-WAME-2026-03-30-Merthyr260330_(Final_Set)_Adj_V4_PR__SSWL_PG0006630_281_20260412-BODS_V1_1.xml,10,4
76-None--SSWL-WAME-2026-03-30-Merthyr260330_(Final_Set)_Adj_V4_PR__SSWL_PG0006630_281_20260412-BODS_V1_1.xml,11,4
76-None--SSWL-WAME-2026-03-30-Merthyr260330_(Final_Set)_Adj_V4_PR__SSWL_PG0006630_281_20260412-BODS_V1_1.xml,12,4
76-None--SSWL-WAME-2026-03-30-Merthyr260330_(Final_Set)_Adj_V4_PR__SSWL_PG0006630_281_20260412-BODS_V1_1.xml,13,4
76-None--SSWL-WAME-2026-03-30-Merthyr260330_(Final_Set)_Adj_V4_PR__SSWL_PG0006630_281_20260412-BODS_V1_1.xml,14,4
76-None--SSWL-WAME-2026-03-30-Merthyr260330_(Final_Set)_Adj_V4_PR__SSWL_PG0006630_281_20260412-BODS_V1_1.xml,15,4
76-None--SSWL-WAME-2026-03-30-Merthyr260330_(Final_Set)_Adj_V4_PR__SSWL_PG0006630_281_20260412-BODS_V1_1.xml,16,3
76-None--SSWL-WAME-2026-03-30-Merthyr260330_(Final_Set)_Adj_V4_PR__SSWL_PG0006630_281_20260412-BODS_V1_1.xml,17,5
76-None--SSWL-WAME-2026-03-30-Merthyr260330_(Final_Set)_Adj_V4_PR__SSWL_PG0006630_281_20260412-BODS_V1_1.xml,18,4
76-None--SSWL-WAME-2026-03-30-Merthyr260330_(Final_Set)_Adj_V4_PR__SSWL_PG0006630_281_20260412-BODS_V1_1.xml,19,4
76-None--SSWL-WAME-2026-03-30-Merthyr260330_(Final_Set)_Adj_V4_PR__SSWL_PG0006630_281_20260412-BODS_V1_1.xml,20,4
77-None--SCNH-Leamington-2024-10-07-LS260502__SCNH_PD0000479_373_20260509-BODS_V1_1.xml,7,2
77-None--SCNH-Leamington-2024-10-07-LS260502__SCNH_PD0000479_373_20260509-BODS_V1_1.xml,9,6
77-None--SCNH-Leamington-2024-10-07-LS260502__SCNH_PD0000479_373_20260509-BODS_V1_1.xml,11,6
77-None--SCNH-Leamington-2024-10-07-LS260502__SCNH_PD0000479_373_20260509-BODS_V1_1.xml,13,4
77-None--SCNH-Leamington-2024-10-07-LS260502__SCNH_PD0000479_373_20260509-BODS_V1_1.xml,14,2
77-None--SCNH-Leamington-2024-10-07-LS260502__SCNH_PD0000479_373_20260509-BODS_V1_1.xml,16,6
77-None--SCNH-Leamington-2024-10-07-LS260502__SCNH_PD0000479_373_20260509-BODS_V1_1.xml,18,5
77-None--SCNH-Leamington_-2024-10-07-LS260425_-_final_Bods__SCNH_PD0000479_373_20260502-BODS_V1_1.xml,7,2
77-None--SCNH-Leamington_-2024-10-07-LS260425_-_final_Bods__SCNH_PD0000479_373_20260502-BODS_V1_1.xml,9,6
77-None--SCNH-Leamington_-2024-10-07-LS260425_-_final_Bods__SCNH_PD0000479_373_20260502-BODS_V1_1.xml,11,6
77-None--SCNH-Leamington_-2024-10-07-LS260425_-_final_Bods__SCNH_PD0000479_373_20260502-BODS_V1_1.xml,13,4
77-None--SCNH-Leamington_-2024-10-07-LS260425_-_final_Bods__SCNH_PD0000479_373_20260502-BODS_V1_1.xml,14,2
77-None--SCNH-Leamington_-2024-10-07-LS260425_-_final_Bods__SCNH_PD0000479_373_20260502-BODS_V1_1.xml,16,6
77-None--SCNH-Leamington_-2024-10-07-LS260425_-_final_Bods__SCNH_PD0000479_373_20260502-BODS_V1_1.xml,18,5
77A-None--SCNH-Leamington-2024-10-07-LS260502__SCNH_PD0000479_374_20260509-BODS_V1_1.xml,8,3
77A-None--SCNH-Leamington-2024-10-07-LS260502__SCNH_PD0000479_374_20260509-BODS_V1_1.xml,10,6
77A-None--SCNH-Leamington-2024-10-07-LS260502__SCNH_PD0000479_374_20260509-BODS_V1_1.xml,12,6
77A-None--SCNH-Leamington-2024-10-07-LS260502__SCNH_PD0000479_374_20260509-BODS_V1_1.xml,13,2
77A-None--SCNH-Leamington-2024-10-07-LS260502__SCNH_PD0000479_374_20260509-BODS_V1_1.xml,14,3
77A-None--SCNH-Leamington-2024-10-07-LS260502__SCNH_PD0000479_374_20260509-BODS_V1_1.xml,15,1
77A-None--SCNH-Leamington-2024-10-07-LS260502__SCNH_PD0000479_374_20260509-BODS_V1_1.xml,17,2
77A-None--SCNH-Leamington_-2024-10-07-LS260425_-_final_Bods__SCNH_PD0000479_374_20260502-BODS_V1_1.xml,8,3
77A-None--SCNH-Leamington_-2024-10-07-LS260425_-_final_Bods__SCNH_PD0000479_374_20260502-BODS_V1_1.xml,10,6
77A-None--SCNH-Leamington_-2024-10-07-LS260425_-_final_Bods__SCNH_PD0000479_374_20260502-BODS_V1_1.xml,12,6
77A-None--SCNH-Leamington_-2024-10-07-LS260425_-_final_Bods__SCNH_PD0000479_374_20260502-BODS_V1_1.xml,13,2
77A-None--SCNH-Leamington_-2024-10-07-LS260425_-_final_Bods__SCNH_PD0000479_374_20260502-BODS_V1_1.xml,14,3
77A-None--SCNH-Leamington_-2024-10-07-LS260425_-_final_Bods__SCNH_PD0000479_374_20260502-BODS_V1_1.xml,15,1
77A-None--SCNH-Leamington_-2024-10-07-LS260425_-_final_Bods__SCNH_PD0000479_374_20260502-BODS_V1_1.xml,17,2
77B-None--SCNH-Leamington-2024-10-07-LS260502__SCNH_PD0000479_370_20260509-BODS_V1_1.xml,5,1
77B-None--SCNH-Leamington-2024-10-07-LS260502__SCNH_PD0000479_370_20260509-BODS_V1_1.xml,18,1
77B-None--SCNH-Leamington_-2024-10-07-LS260425_-_final_Bods__SCNH_PD0000479_370_20260502-BODS_V1_1.xml,5,1
77B-None--SCNH-Leamington_-2024-10-07-LS260425_-_final_Bods__SCNH_PD0000479_370_20260502-BODS_V1_1.xml,18,1
77C-None--SCNH-Leamington-2024-10-07-LS260502__SCNH_PD0000479_372_20260502-BODS_V1_1.xml,6,2
77C-None--SCNH-Leamington-2024-10-07-LS260502__SCNH_PD0000479_372_20260502-BODS_V1_1.xml,7,2
77C-None--SCNH-Leamington-2024-10-07-LS260502__SCNH_PD0000479_372_20260502-BODS_V1_1.xml,16,2
77C-None--SCNH-Leamington-2024-10-07-LS260502__SCNH_PD0000479_372_20260502-BODS_V1_1.xml,18,2
77C-None--SCNH-Leamington-2024-10-07-LS260502__SCNH_PD0000479_372_20260509-BODS_V1_1.xml,6,2
77C-None--SCNH-Leamington-2024-10-07-LS260502__SCNH_PD0000479_372_20260509-BODS_V1_1.xml,7,2
77C-None--SCNH-Leamington-2024-10-07-LS260502__SCNH_PD0000479_372_20260509-BODS_V1_1.xml,16,2
77C-None--SCNH-Leamington-2024-10-07-LS260502__SCNH_PD0000479_372_20260509-BODS_V1_1.xml,18,2
77E-None--SCNH-Leamington-2024-10-07-LS260502__SCNH_PD0000479_428_20260509-BODS_V1_1.xml,5,3
77E-None--SCNH-Leamington-2024-10-07-LS260502__SCNH_PD0000479_428_20260509-BODS_V1_1.xml,6,4
77E-None--SCNH-Leamington-2024-10-07-LS260502__SCNH_PD0000479_428_20260509-BODS_V1_1.xml,7,2
77E-None--SCNH-Leamington-2024-10-07-LS260502__SCNH_PD0000479_428_20260509-BODS_V1_1.xml,15,1
77E-None--SCNH-Leamington-2024-10-07-LS260502__SCNH_PD0000479_428_20260509-BODS_V1_1.xml,17,3
77E-None--SCNH-Leamington_-2024-10-07-LS260425_-_final_Bods__SCNH_PD0000479_428_20260502-BODS_V1_1.xml,5,3
77E-None--SCNH-Leamington_-2024-10-07-LS260425_-_final_Bods__SCNH_PD0000479_428_20260502-BODS_V1_1.xml,6,4
77E-None--SCNH-Leamington_-2024-10-07-LS260425_-_final_Bods__SCNH_PD0000479_428_20260502-BODS_V1_1.xml,7,2
77E-None--SCNH-Leamington_-2024-10-07-LS260425_-_final_Bods__SCNH_PD0000479_428_20260502-BODS_V1_1.xml,15,1
77E-None--SCNH-Leamington_-2024-10-07-LS260425_-_final_Bods__SCNH_PD0000479_428_20260502-BODS_V1_1.xml,17,3
77S-None--SCNH-Leamington-2024-10-07-LS260502__SCNH_PD0000479_371_20260509-BODS_V1_1.xml,15,1
77S-None--SCNH-Leamington_-2024-10-07-LS260425_-_final_Bods__SCNH_PD0000479_371_20260502-BODS_V1_1.xml,15,1
78-None--SSWL-WAME-2026-03-30-Merthyr260330_(Final_Set)_Adj_V4_PR__SSWL_PG0006630_259_20260412-BODS_V1_1.xml,5,3
78-None--SSWL-WAME-2026-03-30-Merthyr260330_(Final_Set)_Adj_V4_PR__SSWL_PG0006630_259_20260412-BODS_V1_1.xml,6,5
78-None--SSWL-WAME-2026-03-30-Merthyr260330_(Final_Set)_Adj_V4_PR__SSWL_PG0006630_259_20260412-BODS_V1_1.xml,7,4
78-None--SSWL-WAME-2026-03-30-Merthyr260330_(Final_Set)_Adj_V4_PR__SSWL_PG0006630_259_20260412-BODS_V1_1.xml,8,4
78-None--SSWL-WAME-2026-03-30-Merthyr260330_(Final_Set)_Adj_V4_PR__SSWL_PG0006630_259_20260412-BODS_V1_1.xml,9,4
78-None--SSWL-WAME-2026-03-30-Merthyr260330_(Final_Set)_Adj_V4_PR__SSWL_PG0006630_259_20260412-BODS_V1_1.xml,10,4
78-None--SSWL-WAME-2026-03-30-Merthyr260330_(Final_Set)_Adj_V4_PR__SSWL_PG0006630_259_20260412-BODS_V1_1.xml,11,4
78-None--SSWL-WAME-2026-03-30-Merthyr260330_(Final_Set)_Adj_V4_PR__SSWL_PG0006630_259_20260412-BODS_V1_1.xml,12,4
78-None--SSWL-WAME-2026-03-30-Merthyr260330_(Final_Set)_Adj_V4_PR__SSWL_PG0006630_259_20260412-BODS_V1_1.xml,13,4
78-None--SSWL-WAME-2026-03-30-Merthyr260330_(Final_Set)_Adj_V4_PR__SSWL_PG0006630_259_20260412-BODS_V1_1.xml,14,4
78-None--SSWL-WAME-2026-03-30-Merthyr260330_(Final_Set)_Adj_V4_PR__SSWL_PG0006630_259_20260412-BODS_V1_1.xml,15,4
78-None--SSWL-WAME-2026-03-30-Merthyr260330_(Final_Set)_Adj_V4_PR__SSWL_PG0006630_259_20260412-BODS_V1_1.xml,16,4
78-None--SSWL-WAME-2026-03-30-Merthyr260330_(Final_Set)_Adj_V4_PR__SSWL_PG0006630_259_20260412-BODS_V1_1.xml,17,4
78-None--SSWL-WAME-2026-03-30-Merthyr260330_(Final_Set)_Adj_V4_PR__SSWL_PG0006630_259_20260412-BODS_V1_1.xml,18,2
79-None--SSWL-WAME-2026-03-30-Merthyr260330_(Final_Set)_Adj_V4_PR__SSWL_PG0006630_260_20260412-BODS_V1_1.xml,6,3
79-None--SSWL-WAME-2026-03-30-Merthyr260330_(Final_Set)_Adj_V4_PR__SSWL_PG0006630_260_20260412-BODS_V1_1.xml,7,3
79-None--SSWL-WAME-2026-03-30-Merthyr260330_(Final_Set)_Adj_V4_PR__SSWL_PG0006630_260_20260412-BODS_V1_1.xml,8,4
79-None--SSWL-WAME-2026-03-30-Merthyr260330_(Final_Set)_Adj_V4_PR__SSWL_PG0006630_260_20260412-BODS_V1_1.xml,9,4
79-None--SSWL-WAME-2026-03-30-Merthyr260330_(Final_Set)_Adj_V4_PR__SSWL_PG0006630_260_20260412-BODS_V1_1.xml,10,4
79-None--SSWL-WAME-2026-03-30-Merthyr260330_(Final_Set)_Adj_V4_PR__SSWL_PG0006630_260_20260412-BODS_V1_1.xml,11,4
79-None--SSWL-WAME-2026-03-30-Merthyr260330_(Final_Set)_Adj_V4_PR__SSWL_PG0006630_260_20260412-BODS_V1_1.xml,12,4
79-None--SSWL-WAME-2026-03-30-Merthyr260330_(Final_Set)_Adj_V4_PR__SSWL_PG0006630_260_20260412-BODS_V1_1.xml,13,4
79-None--SSWL-WAME-2026-03-30-Merthyr260330_(Final_Set)_Adj_V4_PR__SSWL_PG0006630_260_20260412-BODS_V1_1.xml,14,4
79-None--SSWL-WAME-2026-03-30-Merthyr260330_(Final_Set)_Adj_V4_PR__SSWL_PG0006630_260_20260412-BODS_V1_1.xml,15,4
79-None--SSWL-WAME-2026-03-30-Merthyr260330_(Final_Set)_Adj_V4_PR__SSWL_PG0006630_260_20260412-BODS_V1_1.xml,16,4
79-None--SSWL-WAME-2026-03-30-Merthyr260330_(Final_Set)_Adj_V4_PR__SSWL_PG0006630_260_20260412-BODS_V1_1.xml,17,4
79-None--SSWL-WAME-2026-03-30-Merthyr260330_(Final_Set)_Adj_V4_PR__SSWL_PG0006630_260_20260412-BODS_V1_1.xml,18,4
79-None--SSWL-WAME-2026-03-30-Merthyr260330_(Final_Set)_Adj_V4_PR__SSWL_PG0006630_260_20260412-BODS_V1_1.xml,19,2
8-None--SCNH-Northampton_-2024-11-25-SCHEDULE_-_NN260503_v4_bods__SCNH_PF1118394_90_20260503-BODS_V1_1.xml,5,1
8-None--SCNH-Northampton_-2024-11-25-SCHEDULE_-_NN260503_v4_bods__SCNH_PF1118394_90_20260503-BODS_V1_1.xml,6,11
8-None--SCNH-Northampton_-2024-11-25-SCHEDULE_-_NN260503_v4_bods__SCNH_PF1118394_90_20260503-BODS_V1_1.xml,7,8
8-None--SCNH-Northampton_-2024-11-25-SCHEDULE_-_NN260503_v4_bods__SCNH_PF1118394_90_20260503-BODS_V1_1.xml,8,11
8-None--SCNH-Northampton_-2024-11-25-SCHEDULE_-_NN260503_v4_bods__SCNH_PF1118394_90_20260503-BODS_V1_1.xml,9,12
8-None--SCNH-Northampton_-2024-11-25-SCHEDULE_-_NN260503_v4_bods__SCNH_PF1118394_90_20260503-BODS_V1_1.xml,10,12
8-None--SCNH-Northampton_-2024-11-25-SCHEDULE_-_NN260503_v4_bods__SCNH_PF1118394_90_20260503-BODS_V1_1.xml,11,12
8-None--SCNH-Northampton_-2024-11-25-SCHEDULE_-_NN260503_v4_bods__SCNH_PF1118394_90_20260503-BODS_V1_1.xml,12,12
8-None--SCNH-Northampton_-2024-11-25-SCHEDULE_-_NN260503_v4_bods__SCNH_PF1118394_90_20260503-BODS_V1_1.xml,13,12
8-None--SCNH-Northampton_-2024-11-25-SCHEDULE_-_NN260503_v4_bods__SCNH_PF1118394_90_20260503-BODS_V1_1.xml,14,12
8-None--SCNH-Northampton_-2024-11-25-SCHEDULE_-_NN260503_v4_bods__SCNH_PF1118394_90_20260503-BODS_V1_1.xml,15,12
8-None--SCNH-Northampton_-2024-11-25-SCHEDULE_-_NN260503_v4_bods__SCNH_PF1118394_90_20260503-BODS_V1_1.xml,16,10
8-None--SCNH-Northampton_-2024-11-25-SCHEDULE_-_NN260503_v4_bods__SCNH_PF1118394_90_20260503-BODS_V1_1.xml,17,10
8-None--SCNH-Northampton_-2024-11-25-SCHEDULE_-_NN260503_v4_bods__SCNH_PF1118394_90_20260503-BODS_V1_1.xml,18,10
8-None--SCNH-Northampton_-2024-11-25-SCHEDULE_-_NN260503_v4_bods__SCNH_PF1118394_90_20260503-BODS_V1_1.xml,19,8
8-None--SCNH-Northampton_-2024-11-25-SCHEDULE_-_NN260503_v4_bods__SCNH_PF1118394_90_20260503-BODS_V1_1.xml,20,4
80-None--SCNH-Northampton_-2024-11-25-SCHEDULE_-_NN260503_v4_bods__SCNH_PF1118394_155_20260503-BODS_V1_1.xml,7,1
80-None--SCNH-Northampton_-2024-11-25-SCHEDULE_-_NN260503_v4_bods__SCNH_PF1118394_155_20260503-BODS_V1_1.xml,15,1
801802803-None--SSWL-WACW-2026-03-29-Cwmbran260329_Roster_New_Pro__SSWL_PG0006630_383_20260413-BODS_V1_1.xml,7,3
801802803-None--SSWL-WACW-2026-03-29-Cwmbran260329_Roster_New_Pro__SSWL_PG0006630_383_20260413-BODS_V1_1.xml,15,3
807-None--SSWL-WACW-2026-03-29-Cwmbran260329_Roster_New_Protocols__SSWL_PG0006630_384_20260413-BODS_V1_1.xml,7,1
807-None--SSWL-WACW-2026-03-29-Cwmbran260329_Roster_New_Protocols__SSWL_PG0006630_384_20260413-BODS_V1_1.xml,15,1
81-None--SSWL-WAME-2026-03-30-Merthyr260330_(Final_Set)_Adj_V4_PR__SSWL_PG0006630_261_20260412-BODS_V1_1.xml,6,4
81-None--SSWL-WAME-2026-03-30-Merthyr260330_(Final_Set)_Adj_V4_PR__SSWL_PG0006630_261_20260412-BODS_V1_1.xml,7,6
81-None--SSWL-WAME-2026-03-30-Merthyr260330_(Final_Set)_Adj_V4_PR__SSWL_PG0006630_261_20260412-BODS_V1_1.xml,8,8
81-None--SSWL-WAME-2026-03-30-Merthyr260330_(Final_Set)_Adj_V4_PR__SSWL_PG0006630_261_20260412-BODS_V1_1.xml,9,8
81-None--SSWL-WAME-2026-03-30-Merthyr260330_(Final_Set)_Adj_V4_PR__SSWL_PG0006630_261_20260412-BODS_V1_1.xml,10,8
81-None--SSWL-WAME-2026-03-30-Merthyr260330_(Final_Set)_Adj_V4_PR__SSWL_PG0006630_261_20260412-BODS_V1_1.xml,11,8
81-None--SSWL-WAME-2026-03-30-Merthyr260330_(Final_Set)_Adj_V4_PR__SSWL_PG0006630_261_20260412-BODS_V1_1.xml,12,8
81-None--SSWL-WAME-2026-03-30-Merthyr260330_(Final_Set)_Adj_V4_PR__SSWL_PG0006630_261_20260412-BODS_V1_1.xml,13,8
81-None--SSWL-WAME-2026-03-30-Merthyr260330_(Final_Set)_Adj_V4_PR__SSWL_PG0006630_261_20260412-BODS_V1_1.xml,14,8
81-None--SSWL-WAME-2026-03-30-Merthyr260330_(Final_Set)_Adj_V4_PR__SSWL_PG0006630_261_20260412-BODS_V1_1.xml,15,8
81-None--SSWL-WAME-2026-03-30-Merthyr260330_(Final_Set)_Adj_V4_PR__SSWL_PG0006630_261_20260412-BODS_V1_1.xml,16,8
81-None--SSWL-WAME-2026-03-30-Merthyr260330_(Final_Set)_Adj_V4_PR__SSWL_PG0006630_261_20260412-BODS_V1_1.xml,17,7
81-None--SSWL-WAME-2026-03-30-Merthyr260330_(Final_Set)_Adj_V4_PR__SSWL_PG0006630_261_20260412-BODS_V1_1.xml,18,5
81-None--SSWL-WAME-2026-03-30-Merthyr260330_(Final_Set)_Adj_V4_PR__SSWL_PG0006630_261_20260412-BODS_V1_1.xml,19,2
82-None--SSWL-WACW-2026-03-29-Cwmbran260329_Roster_New_Protocols__SSWL_PG0006630_380_20260413-BODS_V1_1.xml,8,1
82-None--SSWL-WACW-2026-03-29-Cwmbran260329_Roster_New_Protocols__SSWL_PG0006630_380_20260413-BODS_V1_1.xml,16,1
86X-None--SSWL-WACA-2026-03-30-TaffsWellPlan260330_FinalV4_Protoc__SSWL_PG0006630_376_20260411-BODS_V1_1.xml,5,1
86X-None--SSWL-WACA-2026-03-30-TaffsWellPlan260330_FinalV4_Protoc__SSWL_PG0006630_376_20260411-BODS_V1_1.xml,6,3
86X-None--SSWL-WACA-2026-03-30-TaffsWellPlan260330_FinalV4_Protoc__SSWL_PG0006630_376_20260411-BODS_V1_1.xml,7,4
86X-None--SSWL-WACA-2026-03-30-TaffsWellPlan260330_FinalV4_Protoc__SSWL_PG0006630_376_20260411-BODS_V1_1.xml,8,4
86X-None--SSWL-WACA-2026-03-30-TaffsWellPlan260330_FinalV4_Protoc__SSWL_PG0006630_376_20260411-BODS_V1_1.xml,9,4
86X-None--SSWL-WACA-2026-03-30-TaffsWellPlan260330_FinalV4_Protoc__SSWL_PG0006630_376_20260411-BODS_V1_1.xml,10,4
86X-None--SSWL-WACA-2026-03-30-TaffsWellPlan260330_FinalV4_Protoc__SSWL_PG0006630_376_20260411-BODS_V1_1.xml,11,4
86X-None--SSWL-WACA-2026-03-30-TaffsWellPlan260330_FinalV4_Protoc__SSWL_PG0006630_376_20260411-BODS_V1_1.xml,12,4
86X-None--SSWL-WACA-2026-03-30-TaffsWellPlan260330_FinalV4_Protoc__SSWL_PG0006630_376_20260411-BODS_V1_1.xml,13,4
86X-None--SSWL-WACA-2026-03-30-TaffsWellPlan260330_FinalV4_Protoc__SSWL_PG0006630_376_20260411-BODS_V1_1.xml,14,3
86X-None--SSWL-WACA-2026-03-30-TaffsWellPlan260330_FinalV4_Protoc__SSWL_PG0006630_376_20260411-BODS_V1_1.xml,15,4
86X-None--SSWL-WACA-2026-03-30-TaffsWellPlan260330_FinalV4_Protoc__SSWL_PG0006630_376_20260411-BODS_V1_1.xml,16,4
86X-None--SSWL-WACA-2026-03-30-TaffsWellPlan260330_FinalV4_Protoc__SSWL_PG0006630_376_20260411-BODS_V1_1.xml,17,3
86X-None--SSWL-WACA-2026-03-30-TaffsWellPlan260330_FinalV4_Protoc__SSWL_PG0006630_376_20260411-BODS_V1_1.xml,18,4
86X-None--SSWL-WACA-2026-03-30-TaffsWellPlan260330_FinalV4_Protoc__SSWL_PG0006630_376_20260411-BODS_V1_1.xml,19,2
87-None--SCNH-Northampton_-2024-11-25-SCHEDULE_-_NN260503_v4_bods__SCNH_PF1118394_152_20260503-BODS_V1_1.xml,6,2
87-None--SCNH-Northampton_-2024-11-25-SCHEDULE_-_NN260503_v4_bods__SCNH_PF1118394_152_20260503-BODS_V1_1.xml,7,1
87-None--SCNH-Northampton_-2024-11-25-SCHEDULE_-_NN260503_v4_bods__SCNH_PF1118394_152_20260503-BODS_V1_1.xml,9,4
87-None--SCNH-Northampton_-2024-11-25-SCHEDULE_-_NN260503_v4_bods__SCNH_PF1118394_152_20260503-BODS_V1_1.xml,10,1
87-None--SCNH-Northampton_-2024-11-25-SCHEDULE_-_NN260503_v4_bods__SCNH_PF1118394_152_20260503-BODS_V1_1.xml,11,1
87-None--SCNH-Northampton_-2024-11-25-SCHEDULE_-_NN260503_v4_bods__SCNH_PF1118394_152_20260503-BODS_V1_1.xml,12,2
87-None--SCNH-Northampton_-2024-11-25-SCHEDULE_-_NN260503_v4_bods__SCNH_PF1118394_152_20260503-BODS_V1_1.xml,13,2
87-None--SCNH-Northampton_-2024-11-25-SCHEDULE_-_NN260503_v4_bods__SCNH_PF1118394_152_20260503-BODS_V1_1.xml,15,1
87-None--SCNH-Northampton_-2024-11-25-SCHEDULE_-_NN260503_v4_bods__SCNH_PF1118394_152_20260503-BODS_V1_1.xml,17,4
8A-None--SCNH-Northampton_-2024-11-25-SCHEDULE_-_NN260503_v4_bods__SCNH_PF1118394_248_20260503-BODS_V1_1.xml,6,4
8A-None--SCNH-Northampton_-2024-11-25-SCHEDULE_-_NN260503_v4_bods__SCNH_PF1118394_248_20260503-BODS_V1_1.xml,7,4
8A-None--SCNH-Northampton_-2024-11-25-SCHEDULE_-_NN260503_v4_bods__SCNH_PF1118394_248_20260503-BODS_V1_1.xml,8,4
8A-None--SCNH-Northampton_-2024-11-25-SCHEDULE_-_NN260503_v4_bods__SCNH_PF1118394_248_20260503-BODS_V1_1.xml,9,4
8A-None--SCNH-Northampton_-2024-11-25-SCHEDULE_-_NN260503_v4_bods__SCNH_PF1118394_248_20260503-BODS_V1_1.xml,10,4
8A-None--SCNH-Northampton_-2024-11-25-SCHEDULE_-_NN260503_v4_bods__SCNH_PF1118394_248_20260503-BODS_V1_1.xml,11,4
8A-None--SCNH-Northampton_-2024-11-25-SCHEDULE_-_NN260503_v4_bods__SCNH_PF1118394_248_20260503-BODS_V1_1.xml,12,4
8A-None--SCNH-Northampton_-2024-11-25-SCHEDULE_-_NN260503_v4_bods__SCNH_PF1118394_248_20260503-BODS_V1_1.xml,13,4
8A-None--SCNH-Northampton_-2024-11-25-SCHEDULE_-_NN260503_v4_bods__SCNH_PF1118394_248_20260503-BODS_V1_1.xml,14,4
8A-None--SCNH-Northampton_-2024-11-25-SCHEDULE_-_NN260503_v4_bods__SCNH_PF1118394_248_20260503-BODS_V1_1.xml,15,4
8A-None--SCNH-Northampton_-2024-11-25-SCHEDULE_-_NN260503_v4_bods__SCNH_PF1118394_248_20260503-BODS_V1_1.xml,16,4
8A-None--SCNH-Northampton_-2024-11-25-SCHEDULE_-_NN260503_v4_bods__SCNH_PF1118394_248_20260503-BODS_V1_1.xml,17,4
8A-None--SCNH-Northampton_-2024-11-25-SCHEDULE_-_NN260503_v4_bods__SCNH_PF1118394_248_20260503-BODS_V1_1.xml,18,4
8A-None--SCNH-Northampton_-2024-11-25-SCHEDULE_-_NN260503_v4_bods__SCNH_PF1118394_248_20260503-BODS_V1_1.xml,19,4
8A-None--SCNH-Northampton_-2024-11-25-SCHEDULE_-_NN260503_v4_bods__SCNH_PF1118394_248_20260503-BODS_V1_1.xml,20,4
91-None--SSWL-WAPO-2026-03-30-Porth260330_Final_Version_v8_protoc__SSWL_PG0006630_368_20260412-BODS_V1_1.xml,8,2
91-None--SSWL-WAPO-2026-03-30-Porth260330_Final_Version_v8_protoc__SSWL_PG0006630_368_20260412-BODS_V1_1.xml,9,4
91-None--SSWL-WAPO-2026-03-30-Porth260330_Final_Version_v8_protoc__SSWL_PG0006630_368_20260412-BODS_V1_1.xml,10,2
91-None--SSWL-WAPO-2026-03-30-Porth260330_Final_Version_v8_protoc__SSWL_PG0006630_368_20260412-BODS_V1_1.xml,11,4
91-None--SSWL-WAPO-2026-03-30-Porth260330_Final_Version_v8_protoc__SSWL_PG0006630_368_20260412-BODS_V1_1.xml,12,2
91-None--SSWL-WAPO-2026-03-30-Porth260330_Final_Version_v8_protoc__SSWL_PG0006630_368_20260412-BODS_V1_1.xml,13,2
91-None--SSWL-WAPO-2026-03-30-Porth260330_Final_Version_v8_protoc__SSWL_PG0006630_368_20260412-BODS_V1_1.xml,14,4
91-None--SSWL-WAPO-2026-03-30-Porth260330_Final_Version_v8_protoc__SSWL_PG0006630_368_20260412-BODS_V1_1.xml,15,2
91-None--SSWL-WAPO-2026-03-30-Porth260330_Final_Version_v8_protoc__SSWL_PG0006630_368_20260412-BODS_V1_1.xml,16,4
91-None--SSWL-WAPO-2026-03-30-Porth260330_Final_Version_v8_protoc__SSWL_PG0006630_368_20260412-BODS_V1_1.xml,17,2
99-None--SSWL-WAPO-2026-03-30-Porth260330_Final_Version_v8_protoc__SSWL_PG0006630_242_20260412-BODS_V1_1.xml,9,6
99-None--SSWL-WAPO-2026-03-30-Porth260330_Final_Version_v8_protoc__SSWL_PG0006630_242_20260412-BODS_V1_1.xml,10,8
99-None--SSWL-WAPO-2026-03-30-Porth260330_Final_Version_v8_protoc__SSWL_PG0006630_242_20260412-BODS_V1_1.xml,11,8
99-None--SSWL-WAPO-2026-03-30-Porth260330_Final_Version_v8_protoc__SSWL_PG0006630_242_20260412-BODS_V1_1.xml,12,4
99-None--SSWL-WAPO-2026-03-30-Porth260330_Final_Version_v8_protoc__SSWL_PG0006630_242_20260412-BODS_V1_1.xml,13,8
99-None--SSWL-WAPO-2026-03-30-Porth260330_Final_Version_v8_protoc__SSWL_PG0006630_242_20260412-BODS_V1_1.xml,14,8
99-None--SSWL-WAPO-2026-03-30-Porth260330_Final_Version_v8_protoc__SSWL_PG0006630_242_20260412-BODS_V1_1.xml,15,8
99-None--SSWL-WAPO-2026-03-30-Porth260330_Final_Version_v8_protoc__SSWL_PG0006630_242_20260412-BODS_V1_1.xml,16,6
99-None--SSWL-WAPO-2026-03-30-Porth260330_Final_Version_v8_protoc__SSWL_PG0006630_242_20260412-BODS_V1_1.xml,17,2
9B-None--SCNH-Northampton_-2024-11-25-SCHEDULE_-_NN260503_v4_bods__SCNH_PF1118394_10_20260503-BODS_V1_1.xml,6,1
9B-None--SCNH-Northampton_-2024-11-25-SCHEDULE_-_NN260503_v4_bods__SCNH_PF1118394_10_20260503-BODS_V1_1.xml,8,4
9B-None--SCNH-Northampton_-2024-11-25-SCHEDULE_-_NN260503_v4_bods__SCNH_PF1118394_10_20260503-BODS_V1_1.xml,9,4
9B-None--SCNH-Northampton_-2024-11-25-SCHEDULE_-_NN260503_v4_bods__SCNH_PF1118394_10_20260503-BODS_V1_1.xml,10,4
9B-None--SCNH-Northampton_-2024-11-25-SCHEDULE_-_NN260503_v4_bods__SCNH_PF1118394_10_20260503-BODS_V1_1.xml,11,4
9B-None--SCNH-Northampton_-2024-11-25-SCHEDULE_-_NN260503_v4_bods__SCNH_PF1118394_10_20260503-BODS_V1_1.xml,12,4
9B-None--SCNH-Northampton_-2024-11-25-SCHEDULE_-_NN260503_v4_bods__SCNH_PF1118394_10_20260503-BODS_V1_1.xml,13,4
9B-None--SCNH-Northampton_-2024-11-25-SCHEDULE_-_NN260503_v4_bods__SCNH_PF1118394_10_20260503-BODS_V1_1.xml,14,4
9B-None--SCNH-Northampton_-2024-11-25-SCHEDULE_-_NN260503_v4_bods__SCNH_PF1118394_10_20260503-BODS_V1_1.xml,15,4
9B-None--SCNH-Northampton_-2024-11-25-SCHEDULE_-_NN260503_v4_bods__SCNH_PF1118394_10_20260503-BODS_V1_1.xml,16,4
9B-None--SCNH-Northampton_-2024-11-25-SCHEDULE_-_NN260503_v4_bods__SCNH_PF1118394_10_20260503-BODS_V1_1.xml,17,4
9B-None--SCNH-Northampton_-2024-11-25-SCHEDULE_-_NN260503_v4_bods__SCNH_PF1118394_10_20260503-BODS_V1_1.xml,18,3
9B-None--SCNH-Northampton_-2024-11-25-SCHEDULE_-_NN260503_v4_bods__SCNH_PF1118394_10_20260503-BODS_V1_1.xml,19,7
9B-None--SCNH-Northampton_-2024-11-25-SCHEDULE_-_NN260503_v4_bods__SCNH_PF1118394_10_20260503-BODS_V1_1.xml,20,10
9B-None--SCNH-Northampton_-2024-11-25-SCHEDULE_-_NN260503_v4_bods__SCNH_PF1118394_10_20260503-BODS_V1_1.xml,21,10
9B-None--SCNH-Northampton_-2024-11-25-SCHEDULE_-_NN260503_v4_bods__SCNH_PF1118394_10_20260503-BODS_V1_1.xml,22,8
9C-None--SCNH-Northampton_-2024-11-25-SCHEDULE_-_NN260503_v4_bods__SCNH_PF1118394_160_20260503-BODS_V1_1.xml,4,1
A-None--SSWL-WACA-2026-03-30-TaffsWellPlan260330_FinalV4_Protocl__SSWL_PG0006630_181_20260411-BODS_V1_1.xml,5,2
A-None--SSWL-WACA-2026-03-30-TaffsWellPlan260330_FinalV4_Protocl__SSWL_PG0006630_181_20260411-BODS_V1_1.xml,6,6
A-None--SSWL-WACA-2026-03-30-TaffsWellPlan260330_FinalV4_Protocl__SSWL_PG0006630_181_20260411-BODS_V1_1.xml,7,10
A-None--SSWL-WACA-2026-03-30-TaffsWellPlan260330_FinalV4_Protocl__SSWL_PG0006630_181_20260411-BODS_V1_1.xml,8,12
A-None--SSWL-WACA-2026-03-30-TaffsWellPlan260330_FinalV4_Protocl__SSWL_PG0006630_181_20260411-BODS_V1_1.xml,9,15
A-None--SSWL-WACA-2026-03-30-TaffsWellPlan260330_FinalV4_Protocl__SSWL_PG0006630_181_20260411-BODS_V1_1.xml,10,14
A-None--SSWL-WACA-2026-03-30-TaffsWellPlan260330_FinalV4_Protocl__SSWL_PG0006630_181_20260411-BODS_V1_1.xml,11,14
A-None--SSWL-WACA-2026-03-30-TaffsWellPlan260330_FinalV4_Protocl__SSWL_PG0006630_181_20260411-BODS_V1_1.xml,12,14
A-None--SSWL-WACA-2026-03-30-TaffsWellPlan260330_FinalV4_Protocl__SSWL_PG0006630_181_20260411-BODS_V1_1.xml,13,14
A-None--SSWL-WACA-2026-03-30-TaffsWellPlan260330_FinalV4_Protocl__SSWL_PG0006630_181_20260411-BODS_V1_1.xml,14,14
A-None--SSWL-WACA-2026-03-30-TaffsWellPlan260330_FinalV4_Protocl__SSWL_PG0006630_181_20260411-BODS_V1_1.xml,15,13
A-None--SSWL-WACA-2026-03-30-TaffsWellPlan260330_FinalV4_Protocl__SSWL_PG0006630_181_20260411-BODS_V1_1.xml,16,12
A-None--SSWL-WACA-2026-03-30-TaffsWellPlan260330_FinalV4_Protocl__SSWL_PG0006630_181_20260411-BODS_V1_1.xml,17,11
A-None--SSWL-WACA-2026-03-30-TaffsWellPlan260330_FinalV4_Protocl__SSWL_PG0006630_181_20260411-BODS_V1_1.xml,18,6
A-None--SSWL-WACA-2026-03-30-TaffsWellPlan260330_FinalV4_Protocl__SSWL_PG0006630_181_20260411-BODS_V1_1.xml,19,5
A-None--SSWL-WACA-2026-03-30-TaffsWellPlan260330_FinalV4_Protocl__SSWL_PG0006630_181_20260411-BODS_V1_1.xml,20,8
A-None--SSWL-WACA-2026-03-30-TaffsWellPlan260330_FinalV4_Protocl__SSWL_PG0006630_181_20260411-BODS_V1_1.xml,21,6
A-None--SSWL-WACA-2026-03-30-TaffsWellPlan260330_FinalV4_Protocl__SSWL_PG0006630_181_20260411-BODS_V1_1.xml,22,4
A-None--SSWL-WACA-2026-03-30-TaffsWellPlan260330_FinalV4_Protocl__SSWL_PG0006630_181_20260411-BODS_V1_1.xml,23,4
AB01-None--SSWL-WAME-2026-03-30-Merthyr260330_(Final_Set)_Adj_V4___SSWL_PG0006630_269_20260412-BODS_V1_1.xml,6,2
AB01-None--SSWL-WAME-2026-03-30-Merthyr260330_(Final_Set)_Adj_V4___SSWL_PG0006630_269_20260412-BODS_V1_1.xml,7,2
AB01-None--SSWL-WAME-2026-03-30-Merthyr260330_(Final_Set)_Adj_V4___SSWL_PG0006630_269_20260412-BODS_V1_1.xml,9,2
AB01-None--SSWL-WAME-2026-03-30-Merthyr260330_(Final_Set)_Adj_V4___SSWL_PG0006630_269_20260412-BODS_V1_1.xml,10,2
AB01-None--SSWL-WAME-2026-03-30-Merthyr260330_(Final_Set)_Adj_V4___SSWL_PG0006630_269_20260412-BODS_V1_1.xml,11,2
AB01-None--SSWL-WAME-2026-03-30-Merthyr260330_(Final_Set)_Adj_V4___SSWL_PG0006630_269_20260412-BODS_V1_1.xml,12,2
AB01-None--SSWL-WAME-2026-03-30-Merthyr260330_(Final_Set)_Adj_V4___SSWL_PG0006630_269_20260412-BODS_V1_1.xml,13,2
AB01-None--SSWL-WAME-2026-03-30-Merthyr260330_(Final_Set)_Adj_V4___SSWL_PG0006630_269_20260412-BODS_V1_1.xml,14,2
AB01-None--SSWL-WAME-2026-03-30-Merthyr260330_(Final_Set)_Adj_V4___SSWL_PG0006630_269_20260412-BODS_V1_1.xml,15,2
AB01-None--SSWL-WAME-2026-03-30-Merthyr260330_(Final_Set)_Adj_V4___SSWL_PG0006630_269_20260412-BODS_V1_1.xml,16,2
AB01-None--SSWL-WAME-2026-03-30-Merthyr260330_(Final_Set)_Adj_V4___SSWL_PG0006630_269_20260412-BODS_V1_1.xml,17,2
AB02-None--SSWL-WAME-2026-03-30-Merthyr260330_(Final_Set)_Adj_V4___SSWL_PG0006630_274_20260412-BODS_V1_1.xml,8,2
AB02-None--SSWL-WAME-2026-03-30-Merthyr260330_(Final_Set)_Adj_V4___SSWL_PG0006630_274_20260412-BODS_V1_1.xml,9,2
AB02-None--SSWL-WAME-2026-03-30-Merthyr260330_(Final_Set)_Adj_V4___SSWL_PG0006630_274_20260412-BODS_V1_1.xml,10,2
AB02-None--SSWL-WAME-2026-03-30-Merthyr260330_(Final_Set)_Adj_V4___SSWL_PG0006630_274_20260412-BODS_V1_1.xml,11,2
AB02-None--SSWL-WAME-2026-03-30-Merthyr260330_(Final_Set)_Adj_V4___SSWL_PG0006630_274_20260412-BODS_V1_1.xml,12,2
AB02-None--SSWL-WAME-2026-03-30-Merthyr260330_(Final_Set)_Adj_V4___SSWL_PG0006630_274_20260412-BODS_V1_1.xml,13,2
AB02-None--SSWL-WAME-2026-03-30-Merthyr260330_(Final_Set)_Adj_V4___SSWL_PG0006630_274_20260412-BODS_V1_1.xml,14,2
AB02-None--SSWL-WAME-2026-03-30-Merthyr260330_(Final_Set)_Adj_V4___SSWL_PG0006630_274_20260412-BODS_V1_1.xml,15,2
AB02-None--SSWL-WAME-2026-03-30-Merthyr260330_(Final_Set)_Adj_V4___SSWL_PG0006630_274_20260412-BODS_V1_1.xml,16,2
AB02-None--SSWL-WAME-2026-03-30-Merthyr260330_(Final_Set)_Adj_V4___SSWL_PG0006630_274_20260412-BODS_V1_1.xml,17,2
AB06-None--SSWL-WAPO-2026-03-30-Porth260330_Final_Version_v8_prot__SSWL_PG0006630_265_20260412-BODS_V1_1.xml,7,3
AB06-None--SSWL-WAPO-2026-03-30-Porth260330_Final_Version_v8_prot__SSWL_PG0006630_265_20260412-BODS_V1_1.xml,8,3
AB06-None--SSWL-WAPO-2026-03-30-Porth260330_Final_Version_v8_prot__SSWL_PG0006630_265_20260412-BODS_V1_1.xml,9,4
AB06-None--SSWL-WAPO-2026-03-30-Porth260330_Final_Version_v8_prot__SSWL_PG0006630_265_20260412-BODS_V1_1.xml,10,4
AB06-None--SSWL-WAPO-2026-03-30-Porth260330_Final_Version_v8_prot__SSWL_PG0006630_265_20260412-BODS_V1_1.xml,11,4
AB06-None--SSWL-WAPO-2026-03-30-Porth260330_Final_Version_v8_prot__SSWL_PG0006630_265_20260412-BODS_V1_1.xml,12,4
AB06-None--SSWL-WAPO-2026-03-30-Porth260330_Final_Version_v8_prot__SSWL_PG0006630_265_20260412-BODS_V1_1.xml,13,4
AB06-None--SSWL-WAPO-2026-03-30-Porth260330_Final_Version_v8_prot__SSWL_PG0006630_265_20260412-BODS_V1_1.xml,14,4
AB06-None--SSWL-WAPO-2026-03-30-Porth260330_Final_Version_v8_prot__SSWL_PG0006630_265_20260412-BODS_V1_1.xml,15,4
AB06-None--SSWL-WAPO-2026-03-30-Porth260330_Final_Version_v8_prot__SSWL_PG0006630_265_20260412-BODS_V1_1.xml,16,4
AB06-None--SSWL-WAPO-2026-03-30-Porth260330_Final_Version_v8_prot__SSWL_PG0006630_265_20260412-BODS_V1_1.xml,17,4
AB06-None--SSWL-WAPO-2026-03-30-Porth260330_Final_Version_v8_prot__SSWL_PG0006630_265_20260412-BODS_V1_1.xml,18,2
AB08-None--SSWL-WAME-2026-03-30-Merthyr260330_(Final_Set)_Adj_V4___SSWL_PG0006630_267_20260412-BODS_V1_1.xml,5,2
AB08-None--SSWL-WAME-2026-03-30-Merthyr260330_(Final_Set)_Adj_V4___SSWL_PG0006630_267_20260412-BODS_V1_1.xml,6,6
AB08-None--SSWL-WAME-2026-03-30-Merthyr260330_(Final_Set)_Adj_V4___SSWL_PG0006630_267_20260412-BODS_V1_1.xml,7,4
AB08-None--SSWL-WAME-2026-03-30-Merthyr260330_(Final_Set)_Adj_V4___SSWL_PG0006630_267_20260412-BODS_V1_1.xml,8,4
AB08-None--SSWL-WAME-2026-03-30-Merthyr260330_(Final_Set)_Adj_V4___SSWL_PG0006630_267_20260412-BODS_V1_1.xml,9,4
AB08-None--SSWL-WAME-2026-03-30-Merthyr260330_(Final_Set)_Adj_V4___SSWL_PG0006630_267_20260412-BODS_V1_1.xml,10,4
AB08-None--SSWL-WAME-2026-03-30-Merthyr260330_(Final_Set)_Adj_V4___SSWL_PG0006630_267_20260412-BODS_V1_1.xml,11,4
AB08-None--SSWL-WAME-2026-03-30-Merthyr260330_(Final_Set)_Adj_V4___SSWL_PG0006630_267_20260412-BODS_V1_1.xml,12,4
AB08-None--SSWL-WAME-2026-03-30-Merthyr260330_(Final_Set)_Adj_V4___SSWL_PG0006630_267_20260412-BODS_V1_1.xml,13,4
AB08-None--SSWL-WAME-2026-03-30-Merthyr260330_(Final_Set)_Adj_V4___SSWL_PG0006630_267_20260412-BODS_V1_1.xml,14,4
AB08-None--SSWL-WAME-2026-03-30-Merthyr260330_(Final_Set)_Adj_V4___SSWL_PG0006630_267_20260412-BODS_V1_1.xml,15,4
AB08-None--SSWL-WAME-2026-03-30-Merthyr260330_(Final_Set)_Adj_V4___SSWL_PG0006630_267_20260412-BODS_V1_1.xml,16,4
AB08-None--SSWL-WAME-2026-03-30-Merthyr260330_(Final_Set)_Adj_V4___SSWL_PG0006630_267_20260412-BODS_V1_1.xml,17,4
AB08-None--SSWL-WAME-2026-03-30-Merthyr260330_(Final_Set)_Adj_V4___SSWL_PG0006630_267_20260412-BODS_V1_1.xml,18,4
AB08-None--SSWL-WAME-2026-03-30-Merthyr260330_(Final_Set)_Adj_V4___SSWL_PG0006630_267_20260412-BODS_V1_1.xml,19,4
AB09-None--SSWL-WAME-2026-03-30-Merthyr260330_(Final_Set)_Adj_V4___SSWL_PG0006630_268_20260412-BODS_V1_1.xml,5,2
AB09-None--SSWL-WAME-2026-03-30-Merthyr260330_(Final_Set)_Adj_V4___SSWL_PG0006630_268_20260412-BODS_V1_1.xml,6,5
AB09-None--SSWL-WAME-2026-03-30-Merthyr260330_(Final_Set)_Adj_V4___SSWL_PG0006630_268_20260412-BODS_V1_1.xml,7,7
AB09-None--SSWL-WAME-2026-03-30-Merthyr260330_(Final_Set)_Adj_V4___SSWL_PG0006630_268_20260412-BODS_V1_1.xml,8,9
AB09-None--SSWL-WAME-2026-03-30-Merthyr260330_(Final_Set)_Adj_V4___SSWL_PG0006630_268_20260412-BODS_V1_1.xml,9,9
AB09-None--SSWL-WAME-2026-03-30-Merthyr260330_(Final_Set)_Adj_V4___SSWL_PG0006630_268_20260412-BODS_V1_1.xml,10,10
AB09-None--SSWL-WAME-2026-03-30-Merthyr260330_(Final_Set)_Adj_V4___SSWL_PG0006630_268_20260412-BODS_V1_1.xml,11,10
AB09-None--SSWL-WAME-2026-03-30-Merthyr260330_(Final_Set)_Adj_V4___SSWL_PG0006630_268_20260412-BODS_V1_1.xml,12,10
AB09-None--SSWL-WAME-2026-03-30-Merthyr260330_(Final_Set)_Adj_V4___SSWL_PG0006630_268_20260412-BODS_V1_1.xml,13,10
AB09-None--SSWL-WAME-2026-03-30-Merthyr260330_(Final_Set)_Adj_V4___SSWL_PG0006630_268_20260412-BODS_V1_1.xml,14,10
AB09-None--SSWL-WAME-2026-03-30-Merthyr260330_(Final_Set)_Adj_V4___SSWL_PG0006630_268_20260412-BODS_V1_1.xml,15,10
AB09-None--SSWL-WAME-2026-03-30-Merthyr260330_(Final_Set)_Adj_V4___SSWL_PG0006630_268_20260412-BODS_V1_1.xml,16,8
AB09-None--SSWL-WAME-2026-03-30-Merthyr260330_(Final_Set)_Adj_V4___SSWL_PG0006630_268_20260412-BODS_V1_1.xml,17,8
AB09-None--SSWL-WAME-2026-03-30-Merthyr260330_(Final_Set)_Adj_V4___SSWL_PG0006630_268_20260412-BODS_V1_1.xml,18,7
AB09-None--SSWL-WAME-2026-03-30-Merthyr260330_(Final_Set)_Adj_V4___SSWL_PG0006630_268_20260412-BODS_V1_1.xml,19,8
AB09-None--SSWL-WAME-2026-03-30-Merthyr260330_(Final_Set)_Adj_V4___SSWL_PG0006630_268_20260412-BODS_V1_1.xml,20,4
AB09-None--SSWL-WAME-2026-03-30-Merthyr260330_(Final_Set)_Adj_V4___SSWL_PG0006630_268_20260412-BODS_V1_1.xml,21,2
AB106-None--SSWL-WAPO-2026-03-30-Porth260330_Final_Version_v8_pro__SSWL_PG0006630_369_20260412-BODS_V1_1.xml,6,4
AB106-None--SSWL-WAPO-2026-03-30-Porth260330_Final_Version_v8_pro__SSWL_PG0006630_369_20260412-BODS_V1_1.xml,7,4
AB106-None--SSWL-WAPO-2026-03-30-Porth260330_Final_Version_v8_pro__SSWL_PG0006630_369_20260412-BODS_V1_1.xml,8,4
AB106-None--SSWL-WAPO-2026-03-30-Porth260330_Final_Version_v8_pro__SSWL_PG0006630_369_20260412-BODS_V1_1.xml,9,4
AB106-None--SSWL-WAPO-2026-03-30-Porth260330_Final_Version_v8_pro__SSWL_PG0006630_369_20260412-BODS_V1_1.xml,10,4
AB106-None--SSWL-WAPO-2026-03-30-Porth260330_Final_Version_v8_pro__SSWL_PG0006630_369_20260412-BODS_V1_1.xml,11,4
AB106-None--SSWL-WAPO-2026-03-30-Porth260330_Final_Version_v8_pro__SSWL_PG0006630_369_20260412-BODS_V1_1.xml,12,4
AB106-None--SSWL-WAPO-2026-03-30-Porth260330_Final_Version_v8_pro__SSWL_PG0006630_369_20260412-BODS_V1_1.xml,13,4
AB106-None--SSWL-WAPO-2026-03-30-Porth260330_Final_Version_v8_pro__SSWL_PG0006630_369_20260412-BODS_V1_1.xml,14,4
AB106-None--SSWL-WAPO-2026-03-30-Porth260330_Final_Version_v8_pro__SSWL_PG0006630_369_20260412-BODS_V1_1.xml,15,4
AB106-None--SSWL-WAPO-2026-03-30-Porth260330_Final_Version_v8_pro__SSWL_PG0006630_369_20260412-BODS_V1_1.xml,16,4
AB106-None--SSWL-WAPO-2026-03-30-Porth260330_Final_Version_v8_pro__SSWL_PG0006630_369_20260412-BODS_V1_1.xml,17,4
AB106-None--SSWL-WAPO-2026-03-30-Porth260330_Final_Version_v8_pro__SSWL_PG0006630_369_20260412-BODS_V1_1.xml,18,4
AB11-None--SSWL-WAME-2026-03-30-Merthyr260330_(Final_Set)_Adj_V4___SSWL_PG0006630_271_20260412-BODS_V1_1.xml,7,2
AB11-None--SSWL-WAME-2026-03-30-Merthyr260330_(Final_Set)_Adj_V4___SSWL_PG0006630_271_20260412-BODS_V1_1.xml,8,2
AB11-None--SSWL-WAME-2026-03-30-Merthyr260330_(Final_Set)_Adj_V4___SSWL_PG0006630_271_20260412-BODS_V1_1.xml,9,2
AB11-None--SSWL-WAME-2026-03-30-Merthyr260330_(Final_Set)_Adj_V4___SSWL_PG0006630_271_20260412-BODS_V1_1.xml,10,2
AB11-None--SSWL-WAME-2026-03-30-Merthyr260330_(Final_Set)_Adj_V4___SSWL_PG0006630_271_20260412-BODS_V1_1.xml,11,2
AB11-None--SSWL-WAME-2026-03-30-Merthyr260330_(Final_Set)_Adj_V4___SSWL_PG0006630_271_20260412-BODS_V1_1.xml,12,2
AB11-None--SSWL-WAME-2026-03-30-Merthyr260330_(Final_Set)_Adj_V4___SSWL_PG0006630_271_20260412-BODS_V1_1.xml,13,2
AB11-None--SSWL-WAME-2026-03-30-Merthyr260330_(Final_Set)_Adj_V4___SSWL_PG0006630_271_20260412-BODS_V1_1.xml,14,2
AB11-None--SSWL-WAME-2026-03-30-Merthyr260330_(Final_Set)_Adj_V4___SSWL_PG0006630_271_20260412-BODS_V1_1.xml,15,2
AB11-None--SSWL-WAME-2026-03-30-Merthyr260330_(Final_Set)_Adj_V4___SSWL_PG0006630_271_20260412-BODS_V1_1.xml,16,2
AB11-None--SSWL-WAME-2026-03-30-Merthyr260330_(Final_Set)_Adj_V4___SSWL_PG0006630_271_20260412-BODS_V1_1.xml,17,2
AB11-None--SSWL-WAME-2026-03-30-Merthyr260330_(Final_Set)_Adj_V4___SSWL_PG0006630_271_20260412-BODS_V1_1.xml,18,2
AB11-None--SSWL-WAME-2026-03-30-Merthyr260330_(Final_Set)_Adj_V4___SSWL_PG0006630_271_20260412-BODS_V1_1.xml,19,2
AB11-None--SSWL-WAME-2026-03-30-Merthyr260330_(Final_Set)_Adj_V4___SSWL_PG0006630_271_20260412-BODS_V1_1.xml,21,2
AB11-None--SSWL-WAME-2026-03-30-Merthyr260330_(Final_Set)_Adj_V4___SSWL_PG0006630_271_20260412-BODS_V1_1.xml,22,2
AB113-None--SSWL-WAME-2026-03-30-Merthyr260330_(Final_Set)_Adj_V4__SSWL_PG0006630_270_20260412-BODS_V1_1.xml,7,4
AB113-None--SSWL-WAME-2026-03-30-Merthyr260330_(Final_Set)_Adj_V4__SSWL_PG0006630_270_20260412-BODS_V1_1.xml,8,2
AB113-None--SSWL-WAME-2026-03-30-Merthyr260330_(Final_Set)_Adj_V4__SSWL_PG0006630_270_20260412-BODS_V1_1.xml,9,2
AB113-None--SSWL-WAME-2026-03-30-Merthyr260330_(Final_Set)_Adj_V4__SSWL_PG0006630_270_20260412-BODS_V1_1.xml,10,2
AB113-None--SSWL-WAME-2026-03-30-Merthyr260330_(Final_Set)_Adj_V4__SSWL_PG0006630_270_20260412-BODS_V1_1.xml,11,2
AB113-None--SSWL-WAME-2026-03-30-Merthyr260330_(Final_Set)_Adj_V4__SSWL_PG0006630_270_20260412-BODS_V1_1.xml,12,2
AB113-None--SSWL-WAME-2026-03-30-Merthyr260330_(Final_Set)_Adj_V4__SSWL_PG0006630_270_20260412-BODS_V1_1.xml,13,2
AB113-None--SSWL-WAME-2026-03-30-Merthyr260330_(Final_Set)_Adj_V4__SSWL_PG0006630_270_20260412-BODS_V1_1.xml,14,2
AB113-None--SSWL-WAME-2026-03-30-Merthyr260330_(Final_Set)_Adj_V4__SSWL_PG0006630_270_20260412-BODS_V1_1.xml,15,2
AB113-None--SSWL-WAME-2026-03-30-Merthyr260330_(Final_Set)_Adj_V4__SSWL_PG0006630_270_20260412-BODS_V1_1.xml,16,2
AB113-None--SSWL-WAME-2026-03-30-Merthyr260330_(Final_Set)_Adj_V4__SSWL_PG0006630_270_20260412-BODS_V1_1.xml,17,2
AB113-None--SSWL-WAME-2026-03-30-Merthyr260330_(Final_Set)_Adj_V4__SSWL_PG0006630_270_20260412-BODS_V1_1.xml,18,2
AB113-None--SSWL-WAME-2026-03-30-Merthyr260330_(Final_Set)_Adj_V4__SSWL_PG0006630_270_20260412-BODS_V1_1.xml,20,2
AB113-None--SSWL-WAME-2026-03-30-Merthyr260330_(Final_Set)_Adj_V4__SSWL_PG0006630_270_20260412-BODS_V1_1.xml,21,2
AB14-None--SSWL-WAME-2026-03-30-Merthyr260330_(Final_Set)_Adj_V4___SSWL_PG0006630_352_20260412-BODS_V1_1.xml,7,4
AB14-None--SSWL-WAME-2026-03-30-Merthyr260330_(Final_Set)_Adj_V4___SSWL_PG0006630_352_20260412-BODS_V1_1.xml,8,13
AB14-None--SSWL-WAME-2026-03-30-Merthyr260330_(Final_Set)_Adj_V4___SSWL_PG0006630_352_20260412-BODS_V1_1.xml,9,14
AB14-None--SSWL-WAME-2026-03-30-Merthyr260330_(Final_Set)_Adj_V4___SSWL_PG0006630_352_20260412-BODS_V1_1.xml,10,14
AB14-None--SSWL-WAME-2026-03-30-Merthyr260330_(Final_Set)_Adj_V4___SSWL_PG0006630_352_20260412-BODS_V1_1.xml,11,14
AB14-None--SSWL-WAME-2026-03-30-Merthyr260330_(Final_Set)_Adj_V4___SSWL_PG0006630_352_20260412-BODS_V1_1.xml,12,14
AB14-None--SSWL-WAME-2026-03-30-Merthyr260330_(Final_Set)_Adj_V4___SSWL_PG0006630_352_20260412-BODS_V1_1.xml,13,14
AB14-None--SSWL-WAME-2026-03-30-Merthyr260330_(Final_Set)_Adj_V4___SSWL_PG0006630_352_20260412-BODS_V1_1.xml,14,14
AB14-None--SSWL-WAME-2026-03-30-Merthyr260330_(Final_Set)_Adj_V4___SSWL_PG0006630_352_20260412-BODS_V1_1.xml,15,14
AB14-None--SSWL-WAME-2026-03-30-Merthyr260330_(Final_Set)_Adj_V4___SSWL_PG0006630_352_20260412-BODS_V1_1.xml,16,14
AB14-None--SSWL-WAME-2026-03-30-Merthyr260330_(Final_Set)_Adj_V4___SSWL_PG0006630_352_20260412-BODS_V1_1.xml,17,13
AB14-None--SSWL-WAME-2026-03-30-Merthyr260330_(Final_Set)_Adj_V4___SSWL_PG0006630_352_20260412-BODS_V1_1.xml,18,6
AB172-None--SSWL-WAPO-2026-03-30-Porth260330_Final_Version_v8_pro__SSWL_PG0006630_273_20260412-BODS_V1_1.xml,4,1
AB172-None--SSWL-WAPO-2026-03-30-Porth260330_Final_Version_v8_pro__SSWL_PG0006630_273_20260412-BODS_V1_1.xml,5,1
AB172-None--SSWL-WAPO-2026-03-30-Porth260330_Final_Version_v8_pro__SSWL_PG0006630_273_20260412-BODS_V1_1.xml,6,3
AB172-None--SSWL-WAPO-2026-03-30-Porth260330_Final_Version_v8_pro__SSWL_PG0006630_273_20260412-BODS_V1_1.xml,7,2
AB172-None--SSWL-WAPO-2026-03-30-Porth260330_Final_Version_v8_pro__SSWL_PG0006630_273_20260412-BODS_V1_1.xml,8,3
AB172-None--SSWL-WAPO-2026-03-30-Porth260330_Final_Version_v8_pro__SSWL_PG0006630_273_20260412-BODS_V1_1.xml,9,5
AB172-None--SSWL-WAPO-2026-03-30-Porth260330_Final_Version_v8_pro__SSWL_PG0006630_273_20260412-BODS_V1_1.xml,10,4
AB172-None--SSWL-WAPO-2026-03-30-Porth260330_Final_Version_v8_pro__SSWL_PG0006630_273_20260412-BODS_V1_1.xml,11,6
AB172-None--SSWL-WAPO-2026-03-30-Porth260330_Final_Version_v8_pro__SSWL_PG0006630_273_20260412-BODS_V1_1.xml,12,4
AB172-None--SSWL-WAPO-2026-03-30-Porth260330_Final_Version_v8_pro__SSWL_PG0006630_273_20260412-BODS_V1_1.xml,13,5
AB172-None--SSWL-WAPO-2026-03-30-Porth260330_Final_Version_v8_pro__SSWL_PG0006630_273_20260412-BODS_V1_1.xml,14,5
AB172-None--SSWL-WAPO-2026-03-30-Porth260330_Final_Version_v8_pro__SSWL_PG0006630_273_20260412-BODS_V1_1.xml,15,4
AB172-None--SSWL-WAPO-2026-03-30-Porth260330_Final_Version_v8_pro__SSWL_PG0006630_273_20260412-BODS_V1_1.xml,16,6
AB172-None--SSWL-WAPO-2026-03-30-Porth260330_Final_Version_v8_pro__SSWL_PG0006630_273_20260412-BODS_V1_1.xml,17,3
AB172-None--SSWL-WAPO-2026-03-30-Porth260330_Final_Version_v8_pro__SSWL_PG0006630_273_20260412-BODS_V1_1.xml,18,6
AB172-None--SSWL-WAPO-2026-03-30-Porth260330_Final_Version_v8_pro__SSWL_PG0006630_273_20260412-BODS_V1_1.xml,19,1
AB172-None--SSWL-WAPO-2026-03-30-Porth260330_Final_Version_v8_pro__SSWL_PG0006630_273_20260412-BODS_V1_1.xml,20,3
AB25-None--SSWL-WAPO-2026-03-30-Porth260330_Final_Version_v8_prot__SSWL_PG0006630_306_20260412-BODS_V1_1.xml,18,2
AB25-None--SSWL-WAPO-2026-03-30-Porth260330_Final_Version_v8_prot__SSWL_PG0006630_306_20260412-BODS_V1_1.xml,19,4
AB25-None--SSWL-WAPO-2026-03-30-Porth260330_Final_Version_v8_prot__SSWL_PG0006630_306_20260412-BODS_V1_1.xml,20,5
AB25-None--SSWL-WAPO-2026-03-30-Porth260330_Final_Version_v8_prot__SSWL_PG0006630_306_20260412-BODS_V1_1.xml,21,4
AB25-None--SSWL-WAPO-2026-03-30-Porth260330_Final_Version_v8_prot__SSWL_PG0006630_306_20260412-BODS_V1_1.xml,22,4
AB60-None--SSWL-WAPO-2026-03-30-Porth260330_Final_Version_v8_prot__SSWL_PG0006630_275_20260413-BODS_V1_1.xml,5,4
AB60-None--SSWL-WAPO-2026-03-30-Porth260330_Final_Version_v8_prot__SSWL_PG0006630_275_20260413-BODS_V1_1.xml,6,7
AB60-None--SSWL-WAPO-2026-03-30-Porth260330_Final_Version_v8_prot__SSWL_PG0006630_275_20260413-BODS_V1_1.xml,7,11
AB60-None--SSWL-WAPO-2026-03-30-Porth260330_Final_Version_v8_prot__SSWL_PG0006630_275_20260413-BODS_V1_1.xml,8,11
AB60-None--SSWL-WAPO-2026-03-30-Porth260330_Final_Version_v8_prot__SSWL_PG0006630_275_20260413-BODS_V1_1.xml,9,14
AB60-None--SSWL-WAPO-2026-03-30-Porth260330_Final_Version_v8_prot__SSWL_PG0006630_275_20260413-BODS_V1_1.xml,10,13
AB60-None--SSWL-WAPO-2026-03-30-Porth260330_Final_Version_v8_prot__SSWL_PG0006630_275_20260413-BODS_V1_1.xml,11,13
AB60-None--SSWL-WAPO-2026-03-30-Porth260330_Final_Version_v8_prot__SSWL_PG0006630_275_20260413-BODS_V1_1.xml,12,13
AB60-None--SSWL-WAPO-2026-03-30-Porth260330_Final_Version_v8_prot__SSWL_PG0006630_275_20260413-BODS_V1_1.xml,13,13
AB60-None--SSWL-WAPO-2026-03-30-Porth260330_Final_Version_v8_prot__SSWL_PG0006630_275_20260413-BODS_V1_1.xml,14,13
AB60-None--SSWL-WAPO-2026-03-30-Porth260330_Final_Version_v8_prot__SSWL_PG0006630_275_20260413-BODS_V1_1.xml,15,11
AB60-None--SSWL-WAPO-2026-03-30-Porth260330_Final_Version_v8_prot__SSWL_PG0006630_275_20260413-BODS_V1_1.xml,16,11
AB60-None--SSWL-WAPO-2026-03-30-Porth260330_Final_Version_v8_prot__SSWL_PG0006630_275_20260413-BODS_V1_1.xml,17,7
AB60-None--SSWL-WAPO-2026-03-30-Porth260330_Final_Version_v8_prot__SSWL_PG0006630_275_20260413-BODS_V1_1.xml,18,8
AB60-None--SSWL-WAPO-2026-03-30-Porth260330_Final_Version_v8_prot__SSWL_PG0006630_275_20260413-BODS_V1_1.xml,19,6
AB60-None--SSWL-WAPO-2026-03-30-Porth260330_Final_Version_v8_prot__SSWL_PG0006630_275_20260413-BODS_V1_1.xml,20,5
AB60-None--SSWL-WAPO-2026-03-30-Porth260330_Final_Version_v8_prot__SSWL_PG0006630_275_20260413-BODS_V1_1.xml,21,4
AB60-None--SSWL-WAPO-2026-03-30-Porth260330_Final_Version_v8_prot__SSWL_PG0006630_275_20260413-BODS_V1_1.xml,22,4
AB60-None--SSWL-WAPO-2026-03-30-Porth260330_Final_Version_v8_prot__SSWL_PG0006630_275_20260413-BODS_V1_1.xml,23,2
AB72-None--SSWL-WAPO-2026-03-30-Porth260330_Final_Version_v8_prot__SSWL_PG0006630_277_20260412-BODS_V1_1.xml,10,1
AB72-None--SSWL-WAPO-2026-03-30-Porth260330_Final_Version_v8_prot__SSWL_PG0006630_277_20260412-BODS_V1_1.xml,11,1
AB72-None--SSWL-WAPO-2026-03-30-Porth260330_Final_Version_v8_prot__SSWL_PG0006630_277_20260412-BODS_V1_1.xml,12,1
AB72-None--SSWL-WAPO-2026-03-30-Porth260330_Final_Version_v8_prot__SSWL_PG0006630_277_20260412-BODS_V1_1.xml,13,1
AB72-None--SSWL-WAPO-2026-03-30-Porth260330_Final_Version_v8_prot__SSWL_PG0006630_277_20260412-BODS_V1_1.xml,15,1
AB72-None--SSWL-WAPO-2026-03-30-Porth260330_Final_Version_v8_prot__SSWL_PG0006630_277_20260412-BODS_V1_1.xml,16,1
AB72-None--SSWL-WAPO-2026-03-30-Porth260330_Final_Version_v8_prot__SSWL_PG0006630_277_20260412-BODS_V1_1.xml,17,1
AB72-None--SSWL-WAPO-2026-03-30-Porth260330_Final_Version_v8_prot__SSWL_PG0006630_277_20260412-BODS_V1_1.xml,18,1
AB72-None--SSWL-WAPO-2026-03-30-Porth260330_Final_Version_v8_prot__SSWL_PG0006630_277_20260412-BODS_V1_1.xml,19,1
AB72-None--SSWL-WAPO-2026-03-30-Porth260330_Final_Version_v8_prot__SSWL_PG0006630_277_20260412-BODS_V1_1.xml,20,1
AB89-None--SSWL-WAME-2026-03-30-Merthyr260330_(Final_Set)_Adj_V4___SSWL_PG0006630_370_20260412-BODS_V1_1.xml,13,1
AB89-None--SSWL-WAME-2026-03-30-Merthyr260330_(Final_Set)_Adj_V4___SSWL_PG0006630_370_20260412-BODS_V1_1.xml,14,1
AB89-None--SSWL-WAME-2026-03-30-Merthyr260330_(Final_Set)_Adj_V4___SSWL_PG0006630_370_20260412-BODS_V1_1.xml,15,1
AB89-None--SSWL-WAME-2026-03-30-Merthyr260330_(Final_Set)_Adj_V4___SSWL_PG0006630_370_20260412-BODS_V1_1.xml,16,1
AB89-None--SSWL-WAME-2026-03-30-Merthyr260330_(Final_Set)_Adj_V4___SSWL_PG0006630_370_20260412-BODS_V1_1.xml,17,1
AB89-None--SSWL-WAME-2026-03-30-Merthyr260330_(Final_Set)_Adj_V4___SSWL_PG0006630_370_20260412-BODS_V1_1.xml,18,1
AB95-None--SSWL-WAME-2026-03-30-Merthyr260330_(Final_Set)_Adj_V4___SSWL_PG0006630_287_20260412-BODS_V1_1.xml,7,3
AB95-None--SSWL-WAME-2026-03-30-Merthyr260330_(Final_Set)_Adj_V4___SSWL_PG0006630_287_20260412-BODS_V1_1.xml,8,2
AB95-None--SSWL-WAME-2026-03-30-Merthyr260330_(Final_Set)_Adj_V4___SSWL_PG0006630_287_20260412-BODS_V1_1.xml,9,2
AB95-None--SSWL-WAME-2026-03-30-Merthyr260330_(Final_Set)_Adj_V4___SSWL_PG0006630_287_20260412-BODS_V1_1.xml,10,2
AB95-None--SSWL-WAME-2026-03-30-Merthyr260330_(Final_Set)_Adj_V4___SSWL_PG0006630_287_20260412-BODS_V1_1.xml,11,2
AB95-None--SSWL-WAME-2026-03-30-Merthyr260330_(Final_Set)_Adj_V4___SSWL_PG0006630_287_20260412-BODS_V1_1.xml,13,2
AB95-None--SSWL-WAME-2026-03-30-Merthyr260330_(Final_Set)_Adj_V4___SSWL_PG0006630_287_20260412-BODS_V1_1.xml,14,2
AB95-None--SSWL-WAME-2026-03-30-Merthyr260330_(Final_Set)_Adj_V4___SSWL_PG0006630_287_20260412-BODS_V1_1.xml,15,2
AB95-None--SSWL-WAME-2026-03-30-Merthyr260330_(Final_Set)_Adj_V4___SSWL_PG0006630_287_20260412-BODS_V1_1.xml,16,2
AB95-None--SSWL-WAME-2026-03-30-Merthyr260330_(Final_Set)_Adj_V4___SSWL_PG0006630_287_20260412-BODS_V1_1.xml,17,2
AS1-None--SCNH-Leamington-2024-10-07-LS260502__SCNH_PD0000479_403_20260509-BODS_V1_1.xml,7,2
AS1-None--SCNH-Leamington-2024-10-07-LS260502__SCNH_PD0000479_403_20260509-BODS_V1_1.xml,15,2
AS1-None--SCNH-Leamington_-2024-10-07-LS260425_-_final_Bods__SCNH_PD0000479_403_20260502-BODS_V1_1.xml,7,2
AS1-None--SCNH-Leamington_-2024-10-07-LS260425_-_final_Bods__SCNH_PD0000479_403_20260502-BODS_V1_1.xml,15,2
BB8-None--SCNH-Northampton_-2024-11-25-SCHEDULE_-_NN260503_v4_bod__SCNH_PF1118394_888_20260503-BODS_V1_1.xml,7,1
BB8-None--SCNH-Northampton_-2024-11-25-SCHEDULE_-_NN260503_v4_bod__SCNH_PF1118394_888_20260503-BODS_V1_1.xml,15,1
BL5-None--SSWL-WACW-2026-03-29-Cwmbran260329_Roster_New_Protocols__SSWL_PG0006630_196_20260413-BODS_V1_1.xml,6,2
BL5-None--SSWL-WACW-2026-03-29-Cwmbran260329_Roster_New_Protocols__SSWL_PG0006630_196_20260413-BODS_V1_1.xml,7,4
BL5-None--SSWL-WACW-2026-03-29-Cwmbran260329_Roster_New_Protocols__SSWL_PG0006630_196_20260413-BODS_V1_1.xml,8,4
BL5-None--SSWL-WACW-2026-03-29-Cwmbran260329_Roster_New_Protocols__SSWL_PG0006630_196_20260413-BODS_V1_1.xml,9,4
BL5-None--SSWL-WACW-2026-03-29-Cwmbran260329_Roster_New_Protocols__SSWL_PG0006630_196_20260413-BODS_V1_1.xml,10,4
BL5-None--SSWL-WACW-2026-03-29-Cwmbran260329_Roster_New_Protocols__SSWL_PG0006630_196_20260413-BODS_V1_1.xml,11,4
BL5-None--SSWL-WACW-2026-03-29-Cwmbran260329_Roster_New_Protocols__SSWL_PG0006630_196_20260413-BODS_V1_1.xml,12,4
BL5-None--SSWL-WACW-2026-03-29-Cwmbran260329_Roster_New_Protocols__SSWL_PG0006630_196_20260413-BODS_V1_1.xml,13,4
BL5-None--SSWL-WACW-2026-03-29-Cwmbran260329_Roster_New_Protocols__SSWL_PG0006630_196_20260413-BODS_V1_1.xml,14,4
BL5-None--SSWL-WACW-2026-03-29-Cwmbran260329_Roster_New_Protocols__SSWL_PG0006630_196_20260413-BODS_V1_1.xml,15,4
BL5-None--SSWL-WACW-2026-03-29-Cwmbran260329_Roster_New_Protocols__SSWL_PG0006630_196_20260413-BODS_V1_1.xml,16,4
BL5-None--SSWL-WACW-2026-03-29-Cwmbran260329_Roster_New_Protocols__SSWL_PG0006630_196_20260413-BODS_V1_1.xml,17,2
BL5-None--SSWL-WACW-2026-03-29-Cwmbran260329_Roster_New_Protocols__SSWL_PG0006630_196_20260413-BODS_V1_1.xml,18,4
BL5-None--SSWL-WACW-2026-03-29-Cwmbran260329_Roster_New_Protocols__SSWL_PG0006630_196_20260413-BODS_V1_1.xml,19,2
BL5-None--SSWL-WACW-2026-03-29-Cwmbran260329_Roster_New_Protocols__SSWL_PG0006630_196_20260413-BODS_V1_1.xml,20,4
BL5-None--SSWL-WACW-2026-03-29-Cwmbran260329_Roster_New_Protocols__SSWL_PG0006630_196_20260413-BODS_V1_1.xml,21,2
BL5-None--SSWL-WACW-2026-03-29-Cwmbran260329_Roster_New_Protocols__SSWL_PG0006630_196_20260413-BODS_V1_1.xml,22,4
BS009-None--SSWL-WEBS-2026-04-05-Bristol260405_FinalV7_Protocols__SSWL_PH2086026_01010008_20260428-BODS_V1_1.xml,6,16
BS009-None--SSWL-WEBS-2026-04-05-Bristol260405_FinalV7_Protocols__SSWL_PH2086026_01010008_20260428-BODS_V1_1.xml,7,20
BS009-None--SSWL-WEBS-2026-04-05-Bristol260405_FinalV7_Protocols__SSWL_PH2086026_01010008_20260428-BODS_V1_1.xml,8,20
BS009-None--SSWL-WEBS-2026-04-05-Bristol260405_FinalV7_Protocols__SSWL_PH2086026_01010008_20260428-BODS_V1_1.xml,9,20
BS009-None--SSWL-WEBS-2026-04-05-Bristol260405_FinalV7_Protocols__SSWL_PH2086026_01010008_20260428-BODS_V1_1.xml,10,24
BS009-None--SSWL-WEBS-2026-04-05-Bristol260405_FinalV7_Protocols__SSWL_PH2086026_01010008_20260428-BODS_V1_1.xml,11,24
BS009-None--SSWL-WEBS-2026-04-05-Bristol260405_FinalV7_Protocols__SSWL_PH2086026_01010008_20260428-BODS_V1_1.xml,12,24
BS009-None--SSWL-WEBS-2026-04-05-Bristol260405_FinalV7_Protocols__SSWL_PH2086026_01010008_20260428-BODS_V1_1.xml,13,24
BS009-None--SSWL-WEBS-2026-04-05-Bristol260405_FinalV7_Protocols__SSWL_PH2086026_01010008_20260428-BODS_V1_1.xml,14,24
BS009-None--SSWL-WEBS-2026-04-05-Bristol260405_FinalV7_Protocols__SSWL_PH2086026_01010008_20260428-BODS_V1_1.xml,15,24
BS009-None--SSWL-WEBS-2026-04-05-Bristol260405_FinalV7_Protocols__SSWL_PH2086026_01010008_20260428-BODS_V1_1.xml,16,27
BS009-None--SSWL-WEBS-2026-04-05-Bristol260405_FinalV7_Protocols__SSWL_PH2086026_01010008_20260428-BODS_V1_1.xml,17,27
BS009-None--SSWL-WEBS-2026-04-05-Bristol260405_FinalV7_Protocols__SSWL_PH2086026_01010008_20260428-BODS_V1_1.xml,18,14
BS009-None--SSWL-WEBS-2026-04-05-Bristol260405_FinalV7_Protocols__SSWL_PH2086026_01010008_20260428-BODS_V1_1.xml,19,13
BS009-None--SSWL-WEBS-2026-04-05-Bristol260405_FinalV7_Protocols__SSWL_PH2086026_01010008_20260428-BODS_V1_1.xml,20,10
BS009-None--SSWL-WEBS-2026-04-05-Bristol260405_FinalV7_Protocols__SSWL_PH2086026_01010008_20260428-BODS_V1_1.xml,21,4
BS009-None--SSWL-WEBS-2026-04-05-Bristol260405_FinalV7_Protocols__SSWL_PH2086026_01010008_20260428-BODS_V1_1.xml,22,4
BS009-None--SSWL-WEBS-2026-04-05-Bristol260405_FinalV7_Protocols__SSWL_PH2086026_01010008_20260428-BODS_V1_1.xml,23,2
BS013-None--SSWL-WEBS-2026-04-05-Bristol260405_FinalV7_Protocols__SSWL_PH2086026_01010005_20260428-BODS_V1_1.xml,6,2
BS013-None--SSWL-WEBS-2026-04-05-Bristol260405_FinalV7_Protocols__SSWL_PH2086026_01010005_20260428-BODS_V1_1.xml,7,3
BS013-None--SSWL-WEBS-2026-04-05-Bristol260405_FinalV7_Protocols__SSWL_PH2086026_01010005_20260428-BODS_V1_1.xml,8,4
BS013-None--SSWL-WEBS-2026-04-05-Bristol260405_FinalV7_Protocols__SSWL_PH2086026_01010005_20260428-BODS_V1_1.xml,9,4
BS013-None--SSWL-WEBS-2026-04-05-Bristol260405_FinalV7_Protocols__SSWL_PH2086026_01010005_20260428-BODS_V1_1.xml,10,4
BS013-None--SSWL-WEBS-2026-04-05-Bristol260405_FinalV7_Protocols__SSWL_PH2086026_01010005_20260428-BODS_V1_1.xml,11,4
BS013-None--SSWL-WEBS-2026-04-05-Bristol260405_FinalV7_Protocols__SSWL_PH2086026_01010005_20260428-BODS_V1_1.xml,12,4
BS013-None--SSWL-WEBS-2026-04-05-Bristol260405_FinalV7_Protocols__SSWL_PH2086026_01010005_20260428-BODS_V1_1.xml,13,4
BS013-None--SSWL-WEBS-2026-04-05-Bristol260405_FinalV7_Protocols__SSWL_PH2086026_01010005_20260428-BODS_V1_1.xml,14,4
BS013-None--SSWL-WEBS-2026-04-05-Bristol260405_FinalV7_Protocols__SSWL_PH2086026_01010005_20260428-BODS_V1_1.xml,15,4
BS013-None--SSWL-WEBS-2026-04-05-Bristol260405_FinalV7_Protocols__SSWL_PH2086026_01010005_20260428-BODS_V1_1.xml,16,4
BS013-None--SSWL-WEBS-2026-04-05-Bristol260405_FinalV7_Protocols__SSWL_PH2086026_01010005_20260428-BODS_V1_1.xml,17,4
BS013-None--SSWL-WEBS-2026-04-05-Bristol260405_FinalV7_Protocols__SSWL_PH2086026_01010005_20260428-BODS_V1_1.xml,18,2
BS086-None--SSWL-WEBS-2026-04-05-Bristol260405_FinalV7_Protocols__SSWL_PH2086026_01010003_20260428-BODS_V1_1.xml,7,4
BS086-None--SSWL-WEBS-2026-04-05-Bristol260405_FinalV7_Protocols__SSWL_PH2086026_01010003_20260428-BODS_V1_1.xml,8,2
BS086-None--SSWL-WEBS-2026-04-05-Bristol260405_FinalV7_Protocols__SSWL_PH2086026_01010003_20260428-BODS_V1_1.xml,9,2
BS086-None--SSWL-WEBS-2026-04-05-Bristol260405_FinalV7_Protocols__SSWL_PH2086026_01010003_20260428-BODS_V1_1.xml,10,2
BS086-None--SSWL-WEBS-2026-04-05-Bristol260405_FinalV7_Protocols__SSWL_PH2086026_01010003_20260428-BODS_V1_1.xml,11,2
BS086-None--SSWL-WEBS-2026-04-05-Bristol260405_FinalV7_Protocols__SSWL_PH2086026_01010003_20260428-BODS_V1_1.xml,12,2
BS086-None--SSWL-WEBS-2026-04-05-Bristol260405_FinalV7_Protocols__SSWL_PH2086026_01010003_20260428-BODS_V1_1.xml,13,2
BS086-None--SSWL-WEBS-2026-04-05-Bristol260405_FinalV7_Protocols__SSWL_PH2086026_01010003_20260428-BODS_V1_1.xml,14,2
BS086-None--SSWL-WEBS-2026-04-05-Bristol260405_FinalV7_Protocols__SSWL_PH2086026_01010003_20260428-BODS_V1_1.xml,15,2
BS086-None--SSWL-WEBS-2026-04-05-Bristol260405_FinalV7_Protocols__SSWL_PH2086026_01010003_20260428-BODS_V1_1.xml,16,1
BS086-None--SSWL-WEBS-2026-04-05-Bristol260405_FinalV7_Protocols__SSWL_PH2086026_01010003_20260428-BODS_V1_1.xml,17,2
BS086-None--SSWL-WEBS-2026-04-05-Bristol260405_FinalV7_Protocols__SSWL_PH2086026_01010003_20260428-BODS_V1_1.xml,18,2
BS086-None--SSWL-WEBS-2026-04-05-Bristol260405_FinalV7_Protocols__SSWL_PH2086026_01010003_20260428-BODS_V1_1.xml,19,1
BS25-None--SSWL-WEBS-2026-04-05-Bristol260405_FinalV7_Protocols__SSWL_PH2086026_01010009_20260428-BODS_V1_1.xml,8,4
BS25-None--SSWL-WEBS-2026-04-05-Bristol260405_FinalV7_Protocols__SSWL_PH2086026_01010009_20260428-BODS_V1_1.xml,9,4
BS25-None--SSWL-WEBS-2026-04-05-Bristol260405_FinalV7_Protocols__SSWL_PH2086026_01010009_20260428-BODS_V1_1.xml,10,4
BS25-None--SSWL-WEBS-2026-04-05-Bristol260405_FinalV7_Protocols__SSWL_PH2086026_01010009_20260428-BODS_V1_1.xml,11,4
BS25-None--SSWL-WEBS-2026-04-05-Bristol260405_FinalV7_Protocols__SSWL_PH2086026_01010009_20260428-BODS_V1_1.xml,12,4
BS25-None--SSWL-WEBS-2026-04-05-Bristol260405_FinalV7_Protocols__SSWL_PH2086026_01010009_20260428-BODS_V1_1.xml,13,4
BS25-None--SSWL-WEBS-2026-04-05-Bristol260405_FinalV7_Protocols__SSWL_PH2086026_01010009_20260428-BODS_V1_1.xml,14,4
BS25-None--SSWL-WEBS-2026-04-05-Bristol260405_FinalV7_Protocols__SSWL_PH2086026_01010009_20260428-BODS_V1_1.xml,15,4
BS25-None--SSWL-WEBS-2026-04-05-Bristol260405_FinalV7_Protocols__SSWL_PH2086026_01010009_20260428-BODS_V1_1.xml,16,4
BS25-None--SSWL-WEBS-2026-04-05-Bristol260405_FinalV7_Protocols__SSWL_PH2086026_01010009_20260428-BODS_V1_1.xml,17,4
BS505-None--SSWL-WEBS-2026-04-05-Bristol260405_FinalV7_Protocols__SSWL_PH2086026_01010002_20260428-BODS_V1_1.xml,5,2
BS505-None--SSWL-WEBS-2026-04-05-Bristol260405_FinalV7_Protocols__SSWL_PH2086026_01010002_20260428-BODS_V1_1.xml,6,4
BS505-None--SSWL-WEBS-2026-04-05-Bristol260405_FinalV7_Protocols__SSWL_PH2086026_01010002_20260428-BODS_V1_1.xml,7,8
BS505-None--SSWL-WEBS-2026-04-05-Bristol260405_FinalV7_Protocols__SSWL_PH2086026_01010002_20260428-BODS_V1_1.xml,8,6
BS505-None--SSWL-WEBS-2026-04-05-Bristol260405_FinalV7_Protocols__SSWL_PH2086026_01010002_20260428-BODS_V1_1.xml,9,8
BS505-None--SSWL-WEBS-2026-04-05-Bristol260405_FinalV7_Protocols__SSWL_PH2086026_01010002_20260428-BODS_V1_1.xml,10,10
BS505-None--SSWL-WEBS-2026-04-05-Bristol260405_FinalV7_Protocols__SSWL_PH2086026_01010002_20260428-BODS_V1_1.xml,11,10
BS505-None--SSWL-WEBS-2026-04-05-Bristol260405_FinalV7_Protocols__SSWL_PH2086026_01010002_20260428-BODS_V1_1.xml,12,10
BS505-None--SSWL-WEBS-2026-04-05-Bristol260405_FinalV7_Protocols__SSWL_PH2086026_01010002_20260428-BODS_V1_1.xml,13,10
BS505-None--SSWL-WEBS-2026-04-05-Bristol260405_FinalV7_Protocols__SSWL_PH2086026_01010002_20260428-BODS_V1_1.xml,14,10
BS505-None--SSWL-WEBS-2026-04-05-Bristol260405_FinalV7_Protocols__SSWL_PH2086026_01010002_20260428-BODS_V1_1.xml,15,10
BS505-None--SSWL-WEBS-2026-04-05-Bristol260405_FinalV7_Protocols__SSWL_PH2086026_01010002_20260428-BODS_V1_1.xml,16,9
BS505-None--SSWL-WEBS-2026-04-05-Bristol260405_FinalV7_Protocols__SSWL_PH2086026_01010002_20260428-BODS_V1_1.xml,17,10
BS505-None--SSWL-WEBS-2026-04-05-Bristol260405_FinalV7_Protocols__SSWL_PH2086026_01010002_20260428-BODS_V1_1.xml,18,9
BS505-None--SSWL-WEBS-2026-04-05-Bristol260405_FinalV7_Protocols__SSWL_PH2086026_01010002_20260428-BODS_V1_1.xml,19,5
BS505-None--SSWL-WEBS-2026-04-05-Bristol260405_FinalV7_Protocols__SSWL_PH2086026_01010002_20260428-BODS_V1_1.xml,20,4
BS505-None--SSWL-WEBS-2026-04-05-Bristol260405_FinalV7_Protocols__SSWL_PH2086026_01010002_20260428-BODS_V1_1.xml,21,4
BS505-None--SSWL-WEBS-2026-04-05-Bristol260405_FinalV7_Protocols__SSWL_PH2086026_01010002_20260428-BODS_V1_1.xml,22,4
BS525-None--SSWL-WEBS-2026-04-05-Bristol260405_FinalV7_Protocols__SSWL_PH2086026_01010001_20260428-BODS_V1_1.xml,5,4
BS525-None--SSWL-WEBS-2026-04-05-Bristol260405_FinalV7_Protocols__SSWL_PH2086026_01010001_20260428-BODS_V1_1.xml,6,4
BS525-None--SSWL-WEBS-2026-04-05-Bristol260405_FinalV7_Protocols__SSWL_PH2086026_01010001_20260428-BODS_V1_1.xml,7,6
BS525-None--SSWL-WEBS-2026-04-05-Bristol260405_FinalV7_Protocols__SSWL_PH2086026_01010001_20260428-BODS_V1_1.xml,8,6
BS525-None--SSWL-WEBS-2026-04-05-Bristol260405_FinalV7_Protocols__SSWL_PH2086026_01010001_20260428-BODS_V1_1.xml,9,6
BS525-None--SSWL-WEBS-2026-04-05-Bristol260405_FinalV7_Protocols__SSWL_PH2086026_01010001_20260428-BODS_V1_1.xml,10,6
BS525-None--SSWL-WEBS-2026-04-05-Bristol260405_FinalV7_Protocols__SSWL_PH2086026_01010001_20260428-BODS_V1_1.xml,11,6
BS525-None--SSWL-WEBS-2026-04-05-Bristol260405_FinalV7_Protocols__SSWL_PH2086026_01010001_20260428-BODS_V1_1.xml,12,6
BS525-None--SSWL-WEBS-2026-04-05-Bristol260405_FinalV7_Protocols__SSWL_PH2086026_01010001_20260428-BODS_V1_1.xml,13,6
BS525-None--SSWL-WEBS-2026-04-05-Bristol260405_FinalV7_Protocols__SSWL_PH2086026_01010001_20260428-BODS_V1_1.xml,14,5
BS525-None--SSWL-WEBS-2026-04-05-Bristol260405_FinalV7_Protocols__SSWL_PH2086026_01010001_20260428-BODS_V1_1.xml,15,6
BS525-None--SSWL-WEBS-2026-04-05-Bristol260405_FinalV7_Protocols__SSWL_PH2086026_01010001_20260428-BODS_V1_1.xml,16,6
BS525-None--SSWL-WEBS-2026-04-05-Bristol260405_FinalV7_Protocols__SSWL_PH2086026_01010001_20260428-BODS_V1_1.xml,17,6
BS525-None--SSWL-WEBS-2026-04-05-Bristol260405_FinalV7_Protocols__SSWL_PH2086026_01010001_20260428-BODS_V1_1.xml,18,6
BS525-None--SSWL-WEBS-2026-04-05-Bristol260405_FinalV7_Protocols__SSWL_PH2086026_01010001_20260428-BODS_V1_1.xml,19,6
BS525-None--SSWL-WEBS-2026-04-05-Bristol260405_FinalV7_Protocols__SSWL_PH2086026_01010001_20260428-BODS_V1_1.xml,20,1
BX-None--SSWL-WACA-2026-03-30-TaffsWellPlan260330_FinalV4_Protocl__SSWL_PG0006630_182_20260411-BODS_V1_1.xml,5,2
BX-None--SSWL-WACA-2026-03-30-TaffsWellPlan260330_FinalV4_Protocl__SSWL_PG0006630_182_20260411-BODS_V1_1.xml,6,8
BX-None--SSWL-WACA-2026-03-30-TaffsWellPlan260330_FinalV4_Protocl__SSWL_PG0006630_182_20260411-BODS_V1_1.xml,7,13
BX-None--SSWL-WACA-2026-03-30-TaffsWellPlan260330_FinalV4_Protocl__SSWL_PG0006630_182_20260411-BODS_V1_1.xml,8,9
BX-None--SSWL-WACA-2026-03-30-TaffsWellPlan260330_FinalV4_Protocl__SSWL_PG0006630_182_20260411-BODS_V1_1.xml,9,13
BX-None--SSWL-WACA-2026-03-30-TaffsWellPlan260330_FinalV4_Protocl__SSWL_PG0006630_182_20260411-BODS_V1_1.xml,10,15
BX-None--SSWL-WACA-2026-03-30-TaffsWellPlan260330_FinalV4_Protocl__SSWL_PG0006630_182_20260411-BODS_V1_1.xml,11,14
BX-None--SSWL-WACA-2026-03-30-TaffsWellPlan260330_FinalV4_Protocl__SSWL_PG0006630_182_20260411-BODS_V1_1.xml,12,14
BX-None--SSWL-WACA-2026-03-30-TaffsWellPlan260330_FinalV4_Protocl__SSWL_PG0006630_182_20260411-BODS_V1_1.xml,13,14
BX-None--SSWL-WACA-2026-03-30-TaffsWellPlan260330_FinalV4_Protocl__SSWL_PG0006630_182_20260411-BODS_V1_1.xml,14,15
BX-None--SSWL-WACA-2026-03-30-TaffsWellPlan260330_FinalV4_Protocl__SSWL_PG0006630_182_20260411-BODS_V1_1.xml,15,13
BX-None--SSWL-WACA-2026-03-30-TaffsWellPlan260330_FinalV4_Protocl__SSWL_PG0006630_182_20260411-BODS_V1_1.xml,16,12
BX-None--SSWL-WACA-2026-03-30-TaffsWellPlan260330_FinalV4_Protocl__SSWL_PG0006630_182_20260411-BODS_V1_1.xml,17,12
BX-None--SSWL-WACA-2026-03-30-TaffsWellPlan260330_FinalV4_Protocl__SSWL_PG0006630_182_20260411-BODS_V1_1.xml,18,10
BX-None--SSWL-WACA-2026-03-30-TaffsWellPlan260330_FinalV4_Protocl__SSWL_PG0006630_182_20260411-BODS_V1_1.xml,19,9
BX-None--SSWL-WACA-2026-03-30-TaffsWellPlan260330_FinalV4_Protocl__SSWL_PG0006630_182_20260411-BODS_V1_1.xml,20,4
BX-None--SSWL-WACA-2026-03-30-TaffsWellPlan260330_FinalV4_Protocl__SSWL_PG0006630_182_20260411-BODS_V1_1.xml,21,6
BX-None--SSWL-WACA-2026-03-30-TaffsWellPlan260330_FinalV4_Protocl__SSWL_PG0006630_182_20260411-BODS_V1_1.xml,22,6
BX-None--SSWL-WACA-2026-03-30-TaffsWellPlan260330_FinalV4_Protocl__SSWL_PG0006630_182_20260411-BODS_V1_1.xml,23,2
BrX15-None--SSWL-WACW-2026-03-29-Cwmbran260329_Roster_New_Protoco__SSWL_PG0006630_43_20260413-BODS_V1_1.xml,5,2
BrX15-None--SSWL-WACW-2026-03-29-Cwmbran260329_Roster_New_Protoco__SSWL_PG0006630_43_20260413-BODS_V1_1.xml,6,6
BrX15-None--SSWL-WACW-2026-03-29-Cwmbran260329_Roster_New_Protoco__SSWL_PG0006630_43_20260413-BODS_V1_1.xml,7,5
BrX15-None--SSWL-WACW-2026-03-29-Cwmbran260329_Roster_New_Protoco__SSWL_PG0006630_43_20260413-BODS_V1_1.xml,8,6
BrX15-None--SSWL-WACW-2026-03-29-Cwmbran260329_Roster_New_Protoco__SSWL_PG0006630_43_20260413-BODS_V1_1.xml,9,6
BrX15-None--SSWL-WACW-2026-03-29-Cwmbran260329_Roster_New_Protoco__SSWL_PG0006630_43_20260413-BODS_V1_1.xml,10,6
BrX15-None--SSWL-WACW-2026-03-29-Cwmbran260329_Roster_New_Protoco__SSWL_PG0006630_43_20260413-BODS_V1_1.xml,11,6
BrX15-None--SSWL-WACW-2026-03-29-Cwmbran260329_Roster_New_Protoco__SSWL_PG0006630_43_20260413-BODS_V1_1.xml,12,6
BrX15-None--SSWL-WACW-2026-03-29-Cwmbran260329_Roster_New_Protoco__SSWL_PG0006630_43_20260413-BODS_V1_1.xml,13,6
BrX15-None--SSWL-WACW-2026-03-29-Cwmbran260329_Roster_New_Protoco__SSWL_PG0006630_43_20260413-BODS_V1_1.xml,14,6
BrX15-None--SSWL-WACW-2026-03-29-Cwmbran260329_Roster_New_Protoco__SSWL_PG0006630_43_20260413-BODS_V1_1.xml,15,6
BrX15-None--SSWL-WACW-2026-03-29-Cwmbran260329_Roster_New_Protoco__SSWL_PG0006630_43_20260413-BODS_V1_1.xml,16,7
BrX15-None--SSWL-WACW-2026-03-29-Cwmbran260329_Roster_New_Protoco__SSWL_PG0006630_43_20260413-BODS_V1_1.xml,17,5
BrX15-None--SSWL-WACW-2026-03-29-Cwmbran260329_Roster_New_Protoco__SSWL_PG0006630_43_20260413-BODS_V1_1.xml,18,5
BrX15-None--SSWL-WACW-2026-03-29-Cwmbran260329_Roster_New_Protoco__SSWL_PG0006630_43_20260413-BODS_V1_1.xml,19,3
BrX15-None--SSWL-WACW-2026-03-29-Cwmbran260329_Roster_New_Protoco__SSWL_PG0006630_43_20260413-BODS_V1_1.xml,20,6
BrX15-None--SSWL-WACW-2026-03-29-Cwmbran260329_Roster_New_Protoco__SSWL_PG0006630_43_20260413-BODS_V1_1.xml,21,2
BrX15-None--SSWL-WACW-2026-03-29-Cwmbran260329_Roster_New_Protoco__SSWL_PG0006630_43_20260413-BODS_V1_1.xml,22,6
C-None--SSWL-WACA-2026-03-30-TaffsWellPlan260330_FinalV4_Protocl__SSWL_PG0006630_183_20260411-BODS_V1_1.xml,7,4
C-None--SSWL-WACA-2026-03-30-TaffsWellPlan260330_FinalV4_Protocl__SSWL_PG0006630_183_20260411-BODS_V1_1.xml,8,4
C-None--SSWL-WACA-2026-03-30-TaffsWellPlan260330_FinalV4_Protocl__SSWL_PG0006630_183_20260411-BODS_V1_1.xml,9,5
C-None--SSWL-WACA-2026-03-30-TaffsWellPlan260330_FinalV4_Protocl__SSWL_PG0006630_183_20260411-BODS_V1_1.xml,10,4
C-None--SSWL-WACA-2026-03-30-TaffsWellPlan260330_FinalV4_Protocl__SSWL_PG0006630_183_20260411-BODS_V1_1.xml,11,5
C-None--SSWL-WACA-2026-03-30-TaffsWellPlan260330_FinalV4_Protocl__SSWL_PG0006630_183_20260411-BODS_V1_1.xml,12,5
C-None--SSWL-WACA-2026-03-30-TaffsWellPlan260330_FinalV4_Protocl__SSWL_PG0006630_183_20260411-BODS_V1_1.xml,13,4
C-None--SSWL-WACA-2026-03-30-TaffsWellPlan260330_FinalV4_Protocl__SSWL_PG0006630_183_20260411-BODS_V1_1.xml,14,5
C-None--SSWL-WACA-2026-03-30-TaffsWellPlan260330_FinalV4_Protocl__SSWL_PG0006630_183_20260411-BODS_V1_1.xml,15,5
C-None--SSWL-WACA-2026-03-30-TaffsWellPlan260330_FinalV4_Protocl__SSWL_PG0006630_183_20260411-BODS_V1_1.xml,16,4
C-None--SSWL-WACA-2026-03-30-TaffsWellPlan260330_FinalV4_Protocl__SSWL_PG0006630_183_20260411-BODS_V1_1.xml,17,5
C-None--SSWL-WACA-2026-03-30-TaffsWellPlan260330_FinalV4_Protocl__SSWL_PG0006630_183_20260411-BODS_V1_1.xml,18,3
C-None--SSWL-WACA-2026-03-30-TaffsWellPlan260330_FinalV4_Protocl__SSWL_PG0006630_183_20260411-BODS_V1_1.xml,19,2
C-None--SSWL-WACA-2026-03-30-TaffsWellPlan260330_FinalV4_Protocl__SSWL_PG0006630_183_20260411-BODS_V1_1.xml,20,3
C-None--SSWL-WACA-2026-03-30-TaffsWellPlan260330_FinalV4_Protocl__SSWL_PG0006630_183_20260411-BODS_V1_1.xml,21,2
C-None--SSWL-WACA-2026-03-30-TaffsWellPlan260330_FinalV4_Protocl__SSWL_PG0006630_183_20260411-BODS_V1_1.xml,22,2
C16-None--SSWL-WACA-2026-03-30-TaffsWellPlan260330_FinalV4_Protoc__SSWL_PG0006630_367_20260411-BODS_V1_1.xml,9,1
C16-None--SSWL-WACA-2026-03-30-TaffsWellPlan260330_FinalV4_Protoc__SSWL_PG0006630_367_20260411-BODS_V1_1.xml,10,1
C16-None--SSWL-WACA-2026-03-30-TaffsWellPlan260330_FinalV4_Protoc__SSWL_PG0006630_367_20260411-BODS_V1_1.xml,12,1
C16-None--SSWL-WACA-2026-03-30-TaffsWellPlan260330_FinalV4_Protoc__SSWL_PG0006630_367_20260411-BODS_V1_1.xml,13,1
C16-None--SSWL-WACA-2026-03-30-TaffsWellPlan260330_FinalV4_Protoc__SSWL_PG0006630_367_20260411-BODS_V1_1.xml,15,1
C16-None--SSWL-WACA-2026-03-30-TaffsWellPlan260330_FinalV4_Protoc__SSWL_PG0006630_367_20260411-BODS_V1_1.xml,16,1
C16-None--SSWL-WACA-2026-03-30-TaffsWellPlan260330_FinalV4_Protoc__SSWL_PG0006630_367_20260411-BODS_V1_1.xml,18,3
C16-None--SSWL-WACA-2026-03-30-TaffsWellPlan260330_FinalV4_Protoc__SSWL_PG0006630_367_20260411-BODS_V1_1.xml,19,5
C16-None--SSWL-WACA-2026-03-30-TaffsWellPlan260330_FinalV4_Protoc__SSWL_PG0006630_367_20260411-BODS_V1_1.xml,20,5
C16-None--SSWL-WACA-2026-03-30-TaffsWellPlan260330_FinalV4_Protoc__SSWL_PG0006630_367_20260411-BODS_V1_1.xml,21,5
C16-None--SSWL-WACA-2026-03-30-TaffsWellPlan260330_FinalV4_Protoc__SSWL_PG0006630_367_20260411-BODS_V1_1.xml,22,4
C18-None--SSWL-WAME-2026-03-30-Merthyr260330_(Final_Set)_Adj_V4_P__SSWL_PG0006630_262_20260412-BODS_V1_1.xml,9,1
C18-None--SSWL-WAME-2026-03-30-Merthyr260330_(Final_Set)_Adj_V4_P__SSWL_PG0006630_262_20260412-BODS_V1_1.xml,11,1
C18-None--SSWL-WAME-2026-03-30-Merthyr260330_(Final_Set)_Adj_V4_P__SSWL_PG0006630_262_20260412-BODS_V1_1.xml,13,1
C18-None--SSWL-WAME-2026-03-30-Merthyr260330_(Final_Set)_Adj_V4_P__SSWL_PG0006630_262_20260412-BODS_V1_1.xml,15,1
C18-None--SSWL-WAME-2026-03-30-Merthyr260330_(Final_Set)_Adj_V4_P__SSWL_PG0006630_262_20260412-BODS_V1_1.xml,17,1
C18-None--SSWL-WAME-2026-03-30-Merthyr260330_(Final_Set)_Adj_V4_P__SSWL_PG0006630_262_20260412-BODS_V1_1.xml,19,3
C18-None--SSWL-WAME-2026-03-30-Merthyr260330_(Final_Set)_Adj_V4_P__SSWL_PG0006630_262_20260412-BODS_V1_1.xml,21,3
C9-None--SSWL-WAME-2026-03-30-Merthyr260330_(Final_Set)_Adj_V4_PR__SSWL_PG0006630_215_20260412-BODS_V1_1.xml,6,2
C9-None--SSWL-WAME-2026-03-30-Merthyr260330_(Final_Set)_Adj_V4_PR__SSWL_PG0006630_215_20260412-BODS_V1_1.xml,7,6
C9-None--SSWL-WAME-2026-03-30-Merthyr260330_(Final_Set)_Adj_V4_PR__SSWL_PG0006630_215_20260412-BODS_V1_1.xml,8,4
C9-None--SSWL-WAME-2026-03-30-Merthyr260330_(Final_Set)_Adj_V4_PR__SSWL_PG0006630_215_20260412-BODS_V1_1.xml,9,4
C9-None--SSWL-WAME-2026-03-30-Merthyr260330_(Final_Set)_Adj_V4_PR__SSWL_PG0006630_215_20260412-BODS_V1_1.xml,10,4
C9-None--SSWL-WAME-2026-03-30-Merthyr260330_(Final_Set)_Adj_V4_PR__SSWL_PG0006630_215_20260412-BODS_V1_1.xml,11,4
C9-None--SSWL-WAME-2026-03-30-Merthyr260330_(Final_Set)_Adj_V4_PR__SSWL_PG0006630_215_20260412-BODS_V1_1.xml,12,2
C9-None--SSWL-WAME-2026-03-30-Merthyr260330_(Final_Set)_Adj_V4_PR__SSWL_PG0006630_215_20260412-BODS_V1_1.xml,13,4
C9-None--SSWL-WAME-2026-03-30-Merthyr260330_(Final_Set)_Adj_V4_PR__SSWL_PG0006630_215_20260412-BODS_V1_1.xml,14,4
C9-None--SSWL-WAME-2026-03-30-Merthyr260330_(Final_Set)_Adj_V4_PR__SSWL_PG0006630_215_20260412-BODS_V1_1.xml,15,6
C9-None--SSWL-WAME-2026-03-30-Merthyr260330_(Final_Set)_Adj_V4_PR__SSWL_PG0006630_215_20260412-BODS_V1_1.xml,16,4
C9-None--SSWL-WAME-2026-03-30-Merthyr260330_(Final_Set)_Adj_V4_PR__SSWL_PG0006630_215_20260412-BODS_V1_1.xml,17,2
C9-None--SSWL-WAME-2026-03-30-Merthyr260330_(Final_Set)_Adj_V4_PR__SSWL_PG0006630_215_20260412-BODS_V1_1.xml,18,6
CM100-None--SCGL-WECM-2025-08-31-CH_26-03-15__SCGL_PH0005031_396_20260412-BODS_V1_1.xml,7,7
CM100-None--SCGL-WECM-2025-08-31-CH_26-03-15__SCGL_PH0005031_396_20260412-BODS_V1_1.xml,8,13
CM100-None--SCGL-WECM-2025-08-31-CH_26-03-15__SCGL_PH0005031_396_20260412-BODS_V1_1.xml,9,17
CM100-None--SCGL-WECM-2025-08-31-CH_26-03-15__SCGL_PH0005031_396_20260412-BODS_V1_1.xml,10,20
CM100-None--SCGL-WECM-2025-08-31-CH_26-03-15__SCGL_PH0005031_396_20260412-BODS_V1_1.xml,11,20
CM100-None--SCGL-WECM-2025-08-31-CH_26-03-15__SCGL_PH0005031_396_20260412-BODS_V1_1.xml,12,20
CM100-None--SCGL-WECM-2025-08-31-CH_26-03-15__SCGL_PH0005031_396_20260412-BODS_V1_1.xml,13,20
CM100-None--SCGL-WECM-2025-08-31-CH_26-03-15__SCGL_PH0005031_396_20260412-BODS_V1_1.xml,14,20
CM100-None--SCGL-WECM-2025-08-31-CH_26-03-15__SCGL_PH0005031_396_20260412-BODS_V1_1.xml,15,20
CM100-None--SCGL-WECM-2025-08-31-CH_26-03-15__SCGL_PH0005031_396_20260412-BODS_V1_1.xml,16,20
CM100-None--SCGL-WECM-2025-08-31-CH_26-03-15__SCGL_PH0005031_396_20260412-BODS_V1_1.xml,17,15
CM100-None--SCGL-WECM-2025-08-31-CH_26-03-15__SCGL_PH0005031_396_20260412-BODS_V1_1.xml,18,12
CM100-None--SCGL-WECM-2025-08-31-CH_26-03-15__SCGL_PH0005031_396_20260412-BODS_V1_1.xml,19,2
CM100-None--SCGL-WECM-2025-08-31-CH_26-03-15__SCGL_PH0005031_396_20260526-BODS_V1_1.xml,7,7
CM100-None--SCGL-WECM-2025-08-31-CH_26-03-15__SCGL_PH0005031_396_20260526-BODS_V1_1.xml,8,13
CM100-None--SCGL-WECM-2025-08-31-CH_26-03-15__SCGL_PH0005031_396_20260526-BODS_V1_1.xml,9,17
CM100-None--SCGL-WECM-2025-08-31-CH_26-03-15__SCGL_PH0005031_396_20260526-BODS_V1_1.xml,10,20
CM100-None--SCGL-WECM-2025-08-31-CH_26-03-15__SCGL_PH0005031_396_20260526-BODS_V1_1.xml,11,20
CM100-None--SCGL-WECM-2025-08-31-CH_26-03-15__SCGL_PH0005031_396_20260526-BODS_V1_1.xml,12,20
CM100-None--SCGL-WECM-2025-08-31-CH_26-03-15__SCGL_PH0005031_396_20260526-BODS_V1_1.xml,13,20
CM100-None--SCGL-WECM-2025-08-31-CH_26-03-15__SCGL_PH0005031_396_20260526-BODS_V1_1.xml,14,20
CM100-None--SCGL-WECM-2025-08-31-CH_26-03-15__SCGL_PH0005031_396_20260526-BODS_V1_1.xml,15,20
CM100-None--SCGL-WECM-2025-08-31-CH_26-03-15__SCGL_PH0005031_396_20260526-BODS_V1_1.xml,16,20
CM100-None--SCGL-WECM-2025-08-31-CH_26-03-15__SCGL_PH0005031_396_20260526-BODS_V1_1.xml,17,15
CM100-None--SCGL-WECM-2025-08-31-CH_26-03-15__SCGL_PH0005031_396_20260526-BODS_V1_1.xml,18,12
CM100-None--SCGL-WECM-2025-08-31-CH_26-03-15__SCGL_PH0005031_396_20260526-BODS_V1_1.xml,19,2
CM100-None--SCGL-WECM-2025-08-31-CH_26-05-31_V3__SCGL_PH0005031_396_20260531-BODS_V1_1.xml,7,7
CM100-None--SCGL-WECM-2025-08-31-CH_26-05-31_V3__SCGL_PH0005031_396_20260531-BODS_V1_1.xml,8,13
CM100-None--SCGL-WECM-2025-08-31-CH_26-05-31_V3__SCGL_PH0005031_396_20260531-BODS_V1_1.xml,9,17
CM100-None--SCGL-WECM-2025-08-31-CH_26-05-31_V3__SCGL_PH0005031_396_20260531-BODS_V1_1.xml,10,20
CM100-None--SCGL-WECM-2025-08-31-CH_26-05-31_V3__SCGL_PH0005031_396_20260531-BODS_V1_1.xml,11,20
CM100-None--SCGL-WECM-2025-08-31-CH_26-05-31_V3__SCGL_PH0005031_396_20260531-BODS_V1_1.xml,12,20
CM100-None--SCGL-WECM-2025-08-31-CH_26-05-31_V3__SCGL_PH0005031_396_20260531-BODS_V1_1.xml,13,20
CM100-None--SCGL-WECM-2025-08-31-CH_26-05-31_V3__SCGL_PH0005031_396_20260531-BODS_V1_1.xml,14,20
CM100-None--SCGL-WECM-2025-08-31-CH_26-05-31_V3__SCGL_PH0005031_396_20260531-BODS_V1_1.xml,15,20
CM100-None--SCGL-WECM-2025-08-31-CH_26-05-31_V3__SCGL_PH0005031_396_20260531-BODS_V1_1.xml,16,20
CM100-None--SCGL-WECM-2025-08-31-CH_26-05-31_V3__SCGL_PH0005031_396_20260531-BODS_V1_1.xml,17,15
CM100-None--SCGL-WECM-2025-08-31-CH_26-05-31_V3__SCGL_PH0005031_396_20260531-BODS_V1_1.xml,18,12
CM100-None--SCGL-WECM-2025-08-31-CH_26-05-31_V3__SCGL_PH0005031_396_20260531-BODS_V1_1.xml,19,2
CM41-None--SCGL-WECM-2025-08-31-CH_26-03-15__SCGL_PH0005031_186_20260412-BODS_V1_1.xml,0,4
CM41-None--SCGL-WECM-2025-08-31-CH_26-03-15__SCGL_PH0005031_186_20260412-BODS_V1_1.xml,5,2
CM41-None--SCGL-WECM-2025-08-31-CH_26-03-15__SCGL_PH0005031_186_20260412-BODS_V1_1.xml,6,5
CM41-None--SCGL-WECM-2025-08-31-CH_26-03-15__SCGL_PH0005031_186_20260412-BODS_V1_1.xml,7,4
CM41-None--SCGL-WECM-2025-08-31-CH_26-03-15__SCGL_PH0005031_186_20260412-BODS_V1_1.xml,8,10
CM41-None--SCGL-WECM-2025-08-31-CH_26-03-15__SCGL_PH0005031_186_20260412-BODS_V1_1.xml,9,10
CM41-None--SCGL-WECM-2025-08-31-CH_26-03-15__SCGL_PH0005031_186_20260412-BODS_V1_1.xml,10,10
CM41-None--SCGL-WECM-2025-08-31-CH_26-03-15__SCGL_PH0005031_186_20260412-BODS_V1_1.xml,11,10
CM41-None--SCGL-WECM-2025-08-31-CH_26-03-15__SCGL_PH0005031_186_20260412-BODS_V1_1.xml,12,10
CM41-None--SCGL-WECM-2025-08-31-CH_26-03-15__SCGL_PH0005031_186_20260412-BODS_V1_1.xml,13,10
CM41-None--SCGL-WECM-2025-08-31-CH_26-03-15__SCGL_PH0005031_186_20260412-BODS_V1_1.xml,14,10
CM41-None--SCGL-WECM-2025-08-31-CH_26-03-15__SCGL_PH0005031_186_20260412-BODS_V1_1.xml,15,10
CM41-None--SCGL-WECM-2025-08-31-CH_26-03-15__SCGL_PH0005031_186_20260412-BODS_V1_1.xml,16,10
CM41-None--SCGL-WECM-2025-08-31-CH_26-03-15__SCGL_PH0005031_186_20260412-BODS_V1_1.xml,17,8
CM41-None--SCGL-WECM-2025-08-31-CH_26-03-15__SCGL_PH0005031_186_20260412-BODS_V1_1.xml,18,6
CM41-None--SCGL-WECM-2025-08-31-CH_26-03-15__SCGL_PH0005031_186_20260412-BODS_V1_1.xml,19,6
CM41-None--SCGL-WECM-2025-08-31-CH_26-03-15__SCGL_PH0005031_186_20260412-BODS_V1_1.xml,20,7
CM41-None--SCGL-WECM-2025-08-31-CH_26-03-15__SCGL_PH0005031_186_20260412-BODS_V1_1.xml,21,8
CM41-None--SCGL-WECM-2025-08-31-CH_26-03-15__SCGL_PH0005031_186_20260412-BODS_V1_1.xml,22,7
CM41-None--SCGL-WECM-2025-08-31-CH_26-03-15__SCGL_PH0005031_186_20260412-BODS_V1_1.xml,23,6
CM41-None--SCGL-WECM-2025-08-31-CH_26-03-15__SCGL_PH0005031_186_20260526-BODS_V1_1.xml,0,4
CM41-None--SCGL-WECM-2025-08-31-CH_26-03-15__SCGL_PH0005031_186_20260526-BODS_V1_1.xml,5,2
CM41-None--SCGL-WECM-2025-08-31-CH_26-03-15__SCGL_PH0005031_186_20260526-BODS_V1_1.xml,6,5
CM41-None--SCGL-WECM-2025-08-31-CH_26-03-15__SCGL_PH0005031_186_20260526-BODS_V1_1.xml,7,4
CM41-None--SCGL-WECM-2025-08-31-CH_26-03-15__SCGL_PH0005031_186_20260526-BODS_V1_1.xml,8,10
CM41-None--SCGL-WECM-2025-08-31-CH_26-03-15__SCGL_PH0005031_186_20260526-BODS_V1_1.xml,9,10
CM41-None--SCGL-WECM-2025-08-31-CH_26-03-15__SCGL_PH0005031_186_20260526-BODS_V1_1.xml,10,10
CM41-None--SCGL-WECM-2025-08-31-CH_26-03-15__SCGL_PH0005031_186_20260526-BODS_V1_1.xml,11,10
CM41-None--SCGL-WECM-2025-08-31-CH_26-03-15__SCGL_PH0005031_186_20260526-BODS_V1_1.xml,12,10
CM41-None--SCGL-WECM-2025-08-31-CH_26-03-15__SCGL_PH0005031_186_20260526-BODS_V1_1.xml,13,10
CM41-None--SCGL-WECM-2025-08-31-CH_26-03-15__SCGL_PH0005031_186_20260526-BODS_V1_1.xml,14,10
CM41-None--SCGL-WECM-2025-08-31-CH_26-03-15__SCGL_PH0005031_186_20260526-BODS_V1_1.xml,15,10
CM41-None--SCGL-WECM-2025-08-31-CH_26-03-15__SCGL_PH0005031_186_20260526-BODS_V1_1.xml,16,10
CM41-None--SCGL-WECM-2025-08-31-CH_26-03-15__SCGL_PH0005031_186_20260526-BODS_V1_1.xml,17,8
CM41-None--SCGL-WECM-2025-08-31-CH_26-03-15__SCGL_PH0005031_186_20260526-BODS_V1_1.xml,18,6
CM41-None--SCGL-WECM-2025-08-31-CH_26-03-15__SCGL_PH0005031_186_20260526-BODS_V1_1.xml,19,6
CM41-None--SCGL-WECM-2025-08-31-CH_26-03-15__SCGL_PH0005031_186_20260526-BODS_V1_1.xml,20,6
CM41-None--SCGL-WECM-2025-08-31-CH_26-03-15__SCGL_PH0005031_186_20260526-BODS_V1_1.xml,21,6
CM41-None--SCGL-WECM-2025-08-31-CH_26-03-15__SCGL_PH0005031_186_20260526-BODS_V1_1.xml,22,5
CM41-None--SCGL-WECM-2025-08-31-CH_26-03-15__SCGL_PH0005031_186_20260526-BODS_V1_1.xml,23,5
CM41-None--SCGL-WECM-2025-08-31-CH_26-05-31_V3__SCGL_PH0005031_186_20260531-BODS_V1_1.xml,0,4
CM41-None--SCGL-WECM-2025-08-31-CH_26-05-31_V3__SCGL_PH0005031_186_20260531-BODS_V1_1.xml,5,2
CM41-None--SCGL-WECM-2025-08-31-CH_26-05-31_V3__SCGL_PH0005031_186_20260531-BODS_V1_1.xml,6,5
CM41-None--SCGL-WECM-2025-08-31-CH_26-05-31_V3__SCGL_PH0005031_186_20260531-BODS_V1_1.xml,7,4
CM41-None--SCGL-WECM-2025-08-31-CH_26-05-31_V3__SCGL_PH0005031_186_20260531-BODS_V1_1.xml,8,10
CM41-None--SCGL-WECM-2025-08-31-CH_26-05-31_V3__SCGL_PH0005031_186_20260531-BODS_V1_1.xml,9,10
CM41-None--SCGL-WECM-2025-08-31-CH_26-05-31_V3__SCGL_PH0005031_186_20260531-BODS_V1_1.xml,10,10
CM41-None--SCGL-WECM-2025-08-31-CH_26-05-31_V3__SCGL_PH0005031_186_20260531-BODS_V1_1.xml,11,10
CM41-None--SCGL-WECM-2025-08-31-CH_26-05-31_V3__SCGL_PH0005031_186_20260531-BODS_V1_1.xml,12,10
CM41-None--SCGL-WECM-2025-08-31-CH_26-05-31_V3__SCGL_PH0005031_186_20260531-BODS_V1_1.xml,13,10
CM41-None--SCGL-WECM-2025-08-31-CH_26-05-31_V3__SCGL_PH0005031_186_20260531-BODS_V1_1.xml,14,10
CM41-None--SCGL-WECM-2025-08-31-CH_26-05-31_V3__SCGL_PH0005031_186_20260531-BODS_V1_1.xml,15,10
CM41-None--SCGL-WECM-2025-08-31-CH_26-05-31_V3__SCGL_PH0005031_186_20260531-BODS_V1_1.xml,16,10
CM41-None--SCGL-WECM-2025-08-31-CH_26-05-31_V3__SCGL_PH0005031_186_20260531-BODS_V1_1.xml,17,8
CM41-None--SCGL-WECM-2025-08-31-CH_26-05-31_V3__SCGL_PH0005031_186_20260531-BODS_V1_1.xml,18,6
CM41-None--SCGL-WECM-2025-08-31-CH_26-05-31_V3__SCGL_PH0005031_186_20260531-BODS_V1_1.xml,19,6
CM41-None--SCGL-WECM-2025-08-31-CH_26-05-31_V3__SCGL_PH0005031_186_20260531-BODS_V1_1.xml,20,6
CM41-None--SCGL-WECM-2025-08-31-CH_26-05-31_V3__SCGL_PH0005031_186_20260531-BODS_V1_1.xml,21,6
CM41-None--SCGL-WECM-2025-08-31-CH_26-05-31_V3__SCGL_PH0005031_186_20260531-BODS_V1_1.xml,22,5
CM41-None--SCGL-WECM-2025-08-31-CH_26-05-31_V3__SCGL_PH0005031_186_20260531-BODS_V1_1.xml,23,5
CM42-None--SCGL-WECM-2025-08-31-CH_26-03-15__SCGL_PH0005031_290_20260412-BODS_V1_1.xml,5,1
CM42-None--SCGL-WECM-2025-08-31-CH_26-03-15__SCGL_PH0005031_290_20260412-BODS_V1_1.xml,6,2
CM42-None--SCGL-WECM-2025-08-31-CH_26-03-15__SCGL_PH0005031_290_20260412-BODS_V1_1.xml,7,9
CM42-None--SCGL-WECM-2025-08-31-CH_26-03-15__SCGL_PH0005031_290_20260412-BODS_V1_1.xml,8,8
CM42-None--SCGL-WECM-2025-08-31-CH_26-03-15__SCGL_PH0005031_290_20260412-BODS_V1_1.xml,9,10
CM42-None--SCGL-WECM-2025-08-31-CH_26-03-15__SCGL_PH0005031_290_20260412-BODS_V1_1.xml,10,10
CM42-None--SCGL-WECM-2025-08-31-CH_26-03-15__SCGL_PH0005031_290_20260412-BODS_V1_1.xml,11,10
CM42-None--SCGL-WECM-2025-08-31-CH_26-03-15__SCGL_PH0005031_290_20260412-BODS_V1_1.xml,12,10
CM42-None--SCGL-WECM-2025-08-31-CH_26-03-15__SCGL_PH0005031_290_20260412-BODS_V1_1.xml,13,10
CM42-None--SCGL-WECM-2025-08-31-CH_26-03-15__SCGL_PH0005031_290_20260412-BODS_V1_1.xml,14,10
CM42-None--SCGL-WECM-2025-08-31-CH_26-03-15__SCGL_PH0005031_290_20260412-BODS_V1_1.xml,15,10
CM42-None--SCGL-WECM-2025-08-31-CH_26-03-15__SCGL_PH0005031_290_20260412-BODS_V1_1.xml,16,9
CM42-None--SCGL-WECM-2025-08-31-CH_26-03-15__SCGL_PH0005031_290_20260412-BODS_V1_1.xml,17,9
CM42-None--SCGL-WECM-2025-08-31-CH_26-03-15__SCGL_PH0005031_290_20260412-BODS_V1_1.xml,18,5
CM42-None--SCGL-WECM-2025-08-31-CH_26-03-15__SCGL_PH0005031_290_20260412-BODS_V1_1.xml,19,3
CM42-None--SCGL-WECM-2025-08-31-CH_26-03-15__SCGL_PH0005031_290_20260526-BODS_V1_1.xml,5,1
CM42-None--SCGL-WECM-2025-08-31-CH_26-03-15__SCGL_PH0005031_290_20260526-BODS_V1_1.xml,6,2
CM42-None--SCGL-WECM-2025-08-31-CH_26-03-15__SCGL_PH0005031_290_20260526-BODS_V1_1.xml,7,9
CM42-None--SCGL-WECM-2025-08-31-CH_26-03-15__SCGL_PH0005031_290_20260526-BODS_V1_1.xml,8,8
CM42-None--SCGL-WECM-2025-08-31-CH_26-03-15__SCGL_PH0005031_290_20260526-BODS_V1_1.xml,9,10
CM42-None--SCGL-WECM-2025-08-31-CH_26-03-15__SCGL_PH0005031_290_20260526-BODS_V1_1.xml,10,10
CM42-None--SCGL-WECM-2025-08-31-CH_26-03-15__SCGL_PH0005031_290_20260526-BODS_V1_1.xml,11,10
CM42-None--SCGL-WECM-2025-08-31-CH_26-03-15__SCGL_PH0005031_290_20260526-BODS_V1_1.xml,12,10
CM42-None--SCGL-WECM-2025-08-31-CH_26-03-15__SCGL_PH0005031_290_20260526-BODS_V1_1.xml,13,10
CM42-None--SCGL-WECM-2025-08-31-CH_26-03-15__SCGL_PH0005031_290_20260526-BODS_V1_1.xml,14,10
CM42-None--SCGL-WECM-2025-08-31-CH_26-03-15__SCGL_PH0005031_290_20260526-BODS_V1_1.xml,15,10
CM42-None--SCGL-WECM-2025-08-31-CH_26-03-15__SCGL_PH0005031_290_20260526-BODS_V1_1.xml,16,9
CM42-None--SCGL-WECM-2025-08-31-CH_26-03-15__SCGL_PH0005031_290_20260526-BODS_V1_1.xml,17,9
CM42-None--SCGL-WECM-2025-08-31-CH_26-03-15__SCGL_PH0005031_290_20260526-BODS_V1_1.xml,18,5
CM42-None--SCGL-WECM-2025-08-31-CH_26-03-15__SCGL_PH0005031_290_20260526-BODS_V1_1.xml,19,3
CM42-None--SCGL-WECM-2025-08-31-CH_26-05-31_V3__SCGL_PH0005031_290_20260531-BODS_V1_1.xml,5,1
CM42-None--SCGL-WECM-2025-08-31-CH_26-05-31_V3__SCGL_PH0005031_290_20260531-BODS_V1_1.xml,6,2
CM42-None--SCGL-WECM-2025-08-31-CH_26-05-31_V3__SCGL_PH0005031_290_20260531-BODS_V1_1.xml,7,9
CM42-None--SCGL-WECM-2025-08-31-CH_26-05-31_V3__SCGL_PH0005031_290_20260531-BODS_V1_1.xml,8,8
CM42-None--SCGL-WECM-2025-08-31-CH_26-05-31_V3__SCGL_PH0005031_290_20260531-BODS_V1_1.xml,9,10
CM42-None--SCGL-WECM-2025-08-31-CH_26-05-31_V3__SCGL_PH0005031_290_20260531-BODS_V1_1.xml,10,10
CM42-None--SCGL-WECM-2025-08-31-CH_26-05-31_V3__SCGL_PH0005031_290_20260531-BODS_V1_1.xml,11,10
CM42-None--SCGL-WECM-2025-08-31-CH_26-05-31_V3__SCGL_PH0005031_290_20260531-BODS_V1_1.xml,12,10
CM42-None--SCGL-WECM-2025-08-31-CH_26-05-31_V3__SCGL_PH0005031_290_20260531-BODS_V1_1.xml,13,10
CM42-None--SCGL-WECM-2025-08-31-CH_26-05-31_V3__SCGL_PH0005031_290_20260531-BODS_V1_1.xml,14,10
CM42-None--SCGL-WECM-2025-08-31-CH_26-05-31_V3__SCGL_PH0005031_290_20260531-BODS_V1_1.xml,15,10
CM42-None--SCGL-WECM-2025-08-31-CH_26-05-31_V3__SCGL_PH0005031_290_20260531-BODS_V1_1.xml,16,9
CM42-None--SCGL-WECM-2025-08-31-CH_26-05-31_V3__SCGL_PH0005031_290_20260531-BODS_V1_1.xml,17,9
CM42-None--SCGL-WECM-2025-08-31-CH_26-05-31_V3__SCGL_PH0005031_290_20260531-BODS_V1_1.xml,18,5
CM42-None--SCGL-WECM-2025-08-31-CH_26-05-31_V3__SCGL_PH0005031_290_20260531-BODS_V1_1.xml,19,3
CM94-None--SCGL-WECM-2025-08-31-CH_26-03-15__SCGL_PH0005031_188_20260412-BODS_V1_1.xml,0,10
CM94-None--SCGL-WECM-2025-08-31-CH_26-03-15__SCGL_PH0005031_188_20260412-BODS_V1_1.xml,1,10
CM94-None--SCGL-WECM-2025-08-31-CH_26-03-15__SCGL_PH0005031_188_20260412-BODS_V1_1.xml,2,10
CM94-None--SCGL-WECM-2025-08-31-CH_26-03-15__SCGL_PH0005031_188_20260412-BODS_V1_1.xml,3,10
CM94-None--SCGL-WECM-2025-08-31-CH_26-03-15__SCGL_PH0005031_188_20260412-BODS_V1_1.xml,4,9
CM94-None--SCGL-WECM-2025-08-31-CH_26-03-15__SCGL_PH0005031_188_20260412-BODS_V1_1.xml,5,13
CM94-None--SCGL-WECM-2025-08-31-CH_26-03-15__SCGL_PH0005031_188_20260412-BODS_V1_1.xml,6,15
CM94-None--SCGL-WECM-2025-08-31-CH_26-03-15__SCGL_PH0005031_188_20260412-BODS_V1_1.xml,7,27
CM94-None--SCGL-WECM-2025-08-31-CH_26-03-15__SCGL_PH0005031_188_20260412-BODS_V1_1.xml,8,26
CM94-None--SCGL-WECM-2025-08-31-CH_26-03-15__SCGL_PH0005031_188_20260412-BODS_V1_1.xml,9,34
CM94-None--SCGL-WECM-2025-08-31-CH_26-03-15__SCGL_PH0005031_188_20260412-BODS_V1_1.xml,10,40
CM94-None--SCGL-WECM-2025-08-31-CH_26-03-15__SCGL_PH0005031_188_20260412-BODS_V1_1.xml,11,40
CM94-None--SCGL-WECM-2025-08-31-CH_26-03-15__SCGL_PH0005031_188_20260412-BODS_V1_1.xml,12,40
CM94-None--SCGL-WECM-2025-08-31-CH_26-03-15__SCGL_PH0005031_188_20260412-BODS_V1_1.xml,13,40
CM94-None--SCGL-WECM-2025-08-31-CH_26-03-15__SCGL_PH0005031_188_20260412-BODS_V1_1.xml,14,41
CM94-None--SCGL-WECM-2025-08-31-CH_26-03-15__SCGL_PH0005031_188_20260412-BODS_V1_1.xml,15,40
CM94-None--SCGL-WECM-2025-08-31-CH_26-03-15__SCGL_PH0005031_188_20260412-BODS_V1_1.xml,16,37
CM94-None--SCGL-WECM-2025-08-31-CH_26-03-15__SCGL_PH0005031_188_20260412-BODS_V1_1.xml,17,29
CM94-None--SCGL-WECM-2025-08-31-CH_26-03-15__SCGL_PH0005031_188_20260412-BODS_V1_1.xml,18,24
CM94-None--SCGL-WECM-2025-08-31-CH_26-03-15__SCGL_PH0005031_188_20260412-BODS_V1_1.xml,19,18
CM94-None--SCGL-WECM-2025-08-31-CH_26-03-15__SCGL_PH0005031_188_20260412-BODS_V1_1.xml,20,15
CM94-None--SCGL-WECM-2025-08-31-CH_26-03-15__SCGL_PH0005031_188_20260412-BODS_V1_1.xml,21,14
CM94-None--SCGL-WECM-2025-08-31-CH_26-03-15__SCGL_PH0005031_188_20260412-BODS_V1_1.xml,22,11
CM94-None--SCGL-WECM-2025-08-31-CH_26-03-15__SCGL_PH0005031_188_20260412-BODS_V1_1.xml,23,9
CM94-None--SCGL-WECM-2025-08-31-CH_26-03-15__SCGL_PH0005031_188_20260526-BODS_V1_1.xml,0,8
CM94-None--SCGL-WECM-2025-08-31-CH_26-03-15__SCGL_PH0005031_188_20260526-BODS_V1_1.xml,1,8
CM94-None--SCGL-WECM-2025-08-31-CH_26-03-15__SCGL_PH0005031_188_20260526-BODS_V1_1.xml,2,8
CM94-None--SCGL-WECM-2025-08-31-CH_26-03-15__SCGL_PH0005031_188_20260526-BODS_V1_1.xml,3,8
CM94-None--SCGL-WECM-2025-08-31-CH_26-03-15__SCGL_PH0005031_188_20260526-BODS_V1_1.xml,4,8
CM94-None--SCGL-WECM-2025-08-31-CH_26-03-15__SCGL_PH0005031_188_20260526-BODS_V1_1.xml,5,15
CM94-None--SCGL-WECM-2025-08-31-CH_26-03-15__SCGL_PH0005031_188_20260526-BODS_V1_1.xml,6,17
CM94-None--SCGL-WECM-2025-08-31-CH_26-03-15__SCGL_PH0005031_188_20260526-BODS_V1_1.xml,7,28
CM94-None--SCGL-WECM-2025-08-31-CH_26-03-15__SCGL_PH0005031_188_20260526-BODS_V1_1.xml,8,27
CM94-None--SCGL-WECM-2025-08-31-CH_26-03-15__SCGL_PH0005031_188_20260526-BODS_V1_1.xml,9,34
CM94-None--SCGL-WECM-2025-08-31-CH_26-03-15__SCGL_PH0005031_188_20260526-BODS_V1_1.xml,10,40
CM94-None--SCGL-WECM-2025-08-31-CH_26-03-15__SCGL_PH0005031_188_20260526-BODS_V1_1.xml,11,40
CM94-None--SCGL-WECM-2025-08-31-CH_26-03-15__SCGL_PH0005031_188_20260526-BODS_V1_1.xml,12,40
CM94-None--SCGL-WECM-2025-08-31-CH_26-03-15__SCGL_PH0005031_188_20260526-BODS_V1_1.xml,13,40
CM94-None--SCGL-WECM-2025-08-31-CH_26-03-15__SCGL_PH0005031_188_20260526-BODS_V1_1.xml,14,41
CM94-None--SCGL-WECM-2025-08-31-CH_26-03-15__SCGL_PH0005031_188_20260526-BODS_V1_1.xml,15,40
CM94-None--SCGL-WECM-2025-08-31-CH_26-03-15__SCGL_PH0005031_188_20260526-BODS_V1_1.xml,16,38
CM94-None--SCGL-WECM-2025-08-31-CH_26-03-15__SCGL_PH0005031_188_20260526-BODS_V1_1.xml,17,30
CM94-None--SCGL-WECM-2025-08-31-CH_26-03-15__SCGL_PH0005031_188_20260526-BODS_V1_1.xml,18,24
CM94-None--SCGL-WECM-2025-08-31-CH_26-03-15__SCGL_PH0005031_188_20260526-BODS_V1_1.xml,19,18
CM94-None--SCGL-WECM-2025-08-31-CH_26-03-15__SCGL_PH0005031_188_20260526-BODS_V1_1.xml,20,15
CM94-None--SCGL-WECM-2025-08-31-CH_26-03-15__SCGL_PH0005031_188_20260526-BODS_V1_1.xml,21,14
CM94-None--SCGL-WECM-2025-08-31-CH_26-03-15__SCGL_PH0005031_188_20260526-BODS_V1_1.xml,22,11
CM94-None--SCGL-WECM-2025-08-31-CH_26-03-15__SCGL_PH0005031_188_20260526-BODS_V1_1.xml,23,8
CM94-None--SCGL-WECM-2025-08-31-CH_26-05-31_V3__SCGL_PH0005031_188_20260531-BODS_V1_1.xml,0,8
CM94-None--SCGL-WECM-2025-08-31-CH_26-05-31_V3__SCGL_PH0005031_188_20260531-BODS_V1_1.xml,1,8
CM94-None--SCGL-WECM-2025-08-31-CH_26-05-31_V3__SCGL_PH0005031_188_20260531-BODS_V1_1.xml,2,8
CM94-None--SCGL-WECM-2025-08-31-CH_26-05-31_V3__SCGL_PH0005031_188_20260531-BODS_V1_1.xml,3,8
CM94-None--SCGL-WECM-2025-08-31-CH_26-05-31_V3__SCGL_PH0005031_188_20260531-BODS_V1_1.xml,4,8
CM94-None--SCGL-WECM-2025-08-31-CH_26-05-31_V3__SCGL_PH0005031_188_20260531-BODS_V1_1.xml,5,13
CM94-None--SCGL-WECM-2025-08-31-CH_26-05-31_V3__SCGL_PH0005031_188_20260531-BODS_V1_1.xml,6,15
CM94-None--SCGL-WECM-2025-08-31-CH_26-05-31_V3__SCGL_PH0005031_188_20260531-BODS_V1_1.xml,7,27
CM94-None--SCGL-WECM-2025-08-31-CH_26-05-31_V3__SCGL_PH0005031_188_20260531-BODS_V1_1.xml,8,26
CM94-None--SCGL-WECM-2025-08-31-CH_26-05-31_V3__SCGL_PH0005031_188_20260531-BODS_V1_1.xml,9,34
CM94-None--SCGL-WECM-2025-08-31-CH_26-05-31_V3__SCGL_PH0005031_188_20260531-BODS_V1_1.xml,10,40
CM94-None--SCGL-WECM-2025-08-31-CH_26-05-31_V3__SCGL_PH0005031_188_20260531-BODS_V1_1.xml,11,40
CM94-None--SCGL-WECM-2025-08-31-CH_26-05-31_V3__SCGL_PH0005031_188_20260531-BODS_V1_1.xml,12,40
CM94-None--SCGL-WECM-2025-08-31-CH_26-05-31_V3__SCGL_PH0005031_188_20260531-BODS_V1_1.xml,13,40
CM94-None--SCGL-WECM-2025-08-31-CH_26-05-31_V3__SCGL_PH0005031_188_20260531-BODS_V1_1.xml,14,41
CM94-None--SCGL-WECM-2025-08-31-CH_26-05-31_V3__SCGL_PH0005031_188_20260531-BODS_V1_1.xml,15,40
CM94-None--SCGL-WECM-2025-08-31-CH_26-05-31_V3__SCGL_PH0005031_188_20260531-BODS_V1_1.xml,16,37
CM94-None--SCGL-WECM-2025-08-31-CH_26-05-31_V3__SCGL_PH0005031_188_20260531-BODS_V1_1.xml,17,29
CM94-None--SCGL-WECM-2025-08-31-CH_26-05-31_V3__SCGL_PH0005031_188_20260531-BODS_V1_1.xml,18,24
CM94-None--SCGL-WECM-2025-08-31-CH_26-05-31_V3__SCGL_PH0005031_188_20260531-BODS_V1_1.xml,19,18
CM94-None--SCGL-WECM-2025-08-31-CH_26-05-31_V3__SCGL_PH0005031_188_20260531-BODS_V1_1.xml,20,15
CM94-None--SCGL-WECM-2025-08-31-CH_26-05-31_V3__SCGL_PH0005031_188_20260531-BODS_V1_1.xml,21,14
CM94-None--SCGL-WECM-2025-08-31-CH_26-05-31_V3__SCGL_PH0005031_188_20260531-BODS_V1_1.xml,22,11
CM94-None--SCGL-WECM-2025-08-31-CH_26-05-31_V3__SCGL_PH0005031_188_20260531-BODS_V1_1.xml,23,8
CMA-None--SCGL-WECM-2025-08-31-CH_26-03-15__SCGL_PH0005031_180_20260412-BODS_V1_1.xml,0,6
CMA-None--SCGL-WECM-2025-08-31-CH_26-03-15__SCGL_PH0005031_180_20260412-BODS_V1_1.xml,5,2
CMA-None--SCGL-WECM-2025-08-31-CH_26-03-15__SCGL_PH0005031_180_20260412-BODS_V1_1.xml,6,6
CMA-None--SCGL-WECM-2025-08-31-CH_26-03-15__SCGL_PH0005031_180_20260412-BODS_V1_1.xml,7,18
CMA-None--SCGL-WECM-2025-08-31-CH_26-03-15__SCGL_PH0005031_180_20260412-BODS_V1_1.xml,8,18
CMA-None--SCGL-WECM-2025-08-31-CH_26-03-15__SCGL_PH0005031_180_20260412-BODS_V1_1.xml,9,24
CMA-None--SCGL-WECM-2025-08-31-CH_26-03-15__SCGL_PH0005031_180_20260412-BODS_V1_1.xml,10,26
CMA-None--SCGL-WECM-2025-08-31-CH_26-03-15__SCGL_PH0005031_180_20260412-BODS_V1_1.xml,11,26
CMA-None--SCGL-WECM-2025-08-31-CH_26-03-15__SCGL_PH0005031_180_20260412-BODS_V1_1.xml,12,26
CMA-None--SCGL-WECM-2025-08-31-CH_26-03-15__SCGL_PH0005031_180_20260412-BODS_V1_1.xml,13,26
CMA-None--SCGL-WECM-2025-08-31-CH_26-03-15__SCGL_PH0005031_180_20260412-BODS_V1_1.xml,14,26
CMA-None--SCGL-WECM-2025-08-31-CH_26-03-15__SCGL_PH0005031_180_20260412-BODS_V1_1.xml,15,26
CMA-None--SCGL-WECM-2025-08-31-CH_26-03-15__SCGL_PH0005031_180_20260412-BODS_V1_1.xml,16,22
CMA-None--SCGL-WECM-2025-08-31-CH_26-03-15__SCGL_PH0005031_180_20260412-BODS_V1_1.xml,17,17
CMA-None--SCGL-WECM-2025-08-31-CH_26-03-15__SCGL_PH0005031_180_20260412-BODS_V1_1.xml,18,15
CMA-None--SCGL-WECM-2025-08-31-CH_26-03-15__SCGL_PH0005031_180_20260412-BODS_V1_1.xml,19,12
CMA-None--SCGL-WECM-2025-08-31-CH_26-03-15__SCGL_PH0005031_180_20260412-BODS_V1_1.xml,20,10
CMA-None--SCGL-WECM-2025-08-31-CH_26-03-15__SCGL_PH0005031_180_20260412-BODS_V1_1.xml,21,9
CMA-None--SCGL-WECM-2025-08-31-CH_26-03-15__SCGL_PH0005031_180_20260412-BODS_V1_1.xml,22,9
CMA-None--SCGL-WECM-2025-08-31-CH_26-03-15__SCGL_PH0005031_180_20260412-BODS_V1_1.xml,23,8
CMA-None--SCGL-WECM-2025-08-31-CH_26-03-15__SCGL_PH0005031_180_20260526-BODS_V1_1.xml,0,6
CMA-None--SCGL-WECM-2025-08-31-CH_26-03-15__SCGL_PH0005031_180_20260526-BODS_V1_1.xml,5,2
CMA-None--SCGL-WECM-2025-08-31-CH_26-03-15__SCGL_PH0005031_180_20260526-BODS_V1_1.xml,6,6
CMA-None--SCGL-WECM-2025-08-31-CH_26-03-15__SCGL_PH0005031_180_20260526-BODS_V1_1.xml,7,18
CMA-None--SCGL-WECM-2025-08-31-CH_26-03-15__SCGL_PH0005031_180_20260526-BODS_V1_1.xml,8,18
CMA-None--SCGL-WECM-2025-08-31-CH_26-03-15__SCGL_PH0005031_180_20260526-BODS_V1_1.xml,9,24
CMA-None--SCGL-WECM-2025-08-31-CH_26-03-15__SCGL_PH0005031_180_20260526-BODS_V1_1.xml,10,26
CMA-None--SCGL-WECM-2025-08-31-CH_26-03-15__SCGL_PH0005031_180_20260526-BODS_V1_1.xml,11,26
CMA-None--SCGL-WECM-2025-08-31-CH_26-03-15__SCGL_PH0005031_180_20260526-BODS_V1_1.xml,12,26
CMA-None--SCGL-WECM-2025-08-31-CH_26-03-15__SCGL_PH0005031_180_20260526-BODS_V1_1.xml,13,26
CMA-None--SCGL-WECM-2025-08-31-CH_26-03-15__SCGL_PH0005031_180_20260526-BODS_V1_1.xml,14,26
CMA-None--SCGL-WECM-2025-08-31-CH_26-03-15__SCGL_PH0005031_180_20260526-BODS_V1_1.xml,15,26
CMA-None--SCGL-WECM-2025-08-31-CH_26-03-15__SCGL_PH0005031_180_20260526-BODS_V1_1.xml,16,22
CMA-None--SCGL-WECM-2025-08-31-CH_26-03-15__SCGL_PH0005031_180_20260526-BODS_V1_1.xml,17,17
CMA-None--SCGL-WECM-2025-08-31-CH_26-03-15__SCGL_PH0005031_180_20260526-BODS_V1_1.xml,18,15
CMA-None--SCGL-WECM-2025-08-31-CH_26-03-15__SCGL_PH0005031_180_20260526-BODS_V1_1.xml,19,12
CMA-None--SCGL-WECM-2025-08-31-CH_26-03-15__SCGL_PH0005031_180_20260526-BODS_V1_1.xml,20,10
CMA-None--SCGL-WECM-2025-08-31-CH_26-03-15__SCGL_PH0005031_180_20260526-BODS_V1_1.xml,21,9
CMA-None--SCGL-WECM-2025-08-31-CH_26-03-15__SCGL_PH0005031_180_20260526-BODS_V1_1.xml,22,9
CMA-None--SCGL-WECM-2025-08-31-CH_26-03-15__SCGL_PH0005031_180_20260526-BODS_V1_1.xml,23,8
CMA-None--SCGL-WECM-2025-08-31-CH_26-05-31_V3__SCGL_PH0005031_180_20260531-BODS_V1_1.xml,0,6
CMA-None--SCGL-WECM-2025-08-31-CH_26-05-31_V3__SCGL_PH0005031_180_20260531-BODS_V1_1.xml,5,2
CMA-None--SCGL-WECM-2025-08-31-CH_26-05-31_V3__SCGL_PH0005031_180_20260531-BODS_V1_1.xml,6,6
CMA-None--SCGL-WECM-2025-08-31-CH_26-05-31_V3__SCGL_PH0005031_180_20260531-BODS_V1_1.xml,7,18
CMA-None--SCGL-WECM-2025-08-31-CH_26-05-31_V3__SCGL_PH0005031_180_20260531-BODS_V1_1.xml,8,18
CMA-None--SCGL-WECM-2025-08-31-CH_26-05-31_V3__SCGL_PH0005031_180_20260531-BODS_V1_1.xml,9,24
CMA-None--SCGL-WECM-2025-08-31-CH_26-05-31_V3__SCGL_PH0005031_180_20260531-BODS_V1_1.xml,10,26
CMA-None--SCGL-WECM-2025-08-31-CH_26-05-31_V3__SCGL_PH0005031_180_20260531-BODS_V1_1.xml,11,26
CMA-None--SCGL-WECM-2025-08-31-CH_26-05-31_V3__SCGL_PH0005031_180_20260531-BODS_V1_1.xml,12,26
CMA-None--SCGL-WECM-2025-08-31-CH_26-05-31_V3__SCGL_PH0005031_180_20260531-BODS_V1_1.xml,13,26
CMA-None--SCGL-WECM-2025-08-31-CH_26-05-31_V3__SCGL_PH0005031_180_20260531-BODS_V1_1.xml,14,26
CMA-None--SCGL-WECM-2025-08-31-CH_26-05-31_V3__SCGL_PH0005031_180_20260531-BODS_V1_1.xml,15,26
CMA-None--SCGL-WECM-2025-08-31-CH_26-05-31_V3__SCGL_PH0005031_180_20260531-BODS_V1_1.xml,16,22
CMA-None--SCGL-WECM-2025-08-31-CH_26-05-31_V3__SCGL_PH0005031_180_20260531-BODS_V1_1.xml,17,17
CMA-None--SCGL-WECM-2025-08-31-CH_26-05-31_V3__SCGL_PH0005031_180_20260531-BODS_V1_1.xml,18,15
CMA-None--SCGL-WECM-2025-08-31-CH_26-05-31_V3__SCGL_PH0005031_180_20260531-BODS_V1_1.xml,19,12
CMA-None--SCGL-WECM-2025-08-31-CH_26-05-31_V3__SCGL_PH0005031_180_20260531-BODS_V1_1.xml,20,10
CMA-None--SCGL-WECM-2025-08-31-CH_26-05-31_V3__SCGL_PH0005031_180_20260531-BODS_V1_1.xml,21,9
CMA-None--SCGL-WECM-2025-08-31-CH_26-05-31_V3__SCGL_PH0005031_180_20260531-BODS_V1_1.xml,22,9
CMA-None--SCGL-WECM-2025-08-31-CH_26-05-31_V3__SCGL_PH0005031_180_20260531-BODS_V1_1.xml,23,8
CMB-None--SCGL-WECM-2025-08-31-CH_26-03-15__SCGL_PH0005031_181_20260412-BODS_V1_1.xml,6,3
CMB-None--SCGL-WECM-2025-08-31-CH_26-03-15__SCGL_PH0005031_181_20260412-BODS_V1_1.xml,7,8
CMB-None--SCGL-WECM-2025-08-31-CH_26-03-15__SCGL_PH0005031_181_20260412-BODS_V1_1.xml,8,7
CMB-None--SCGL-WECM-2025-08-31-CH_26-03-15__SCGL_PH0005031_181_20260412-BODS_V1_1.xml,9,10
CMB-None--SCGL-WECM-2025-08-31-CH_26-03-15__SCGL_PH0005031_181_20260412-BODS_V1_1.xml,10,10
CMB-None--SCGL-WECM-2025-08-31-CH_26-03-15__SCGL_PH0005031_181_20260412-BODS_V1_1.xml,11,10
CMB-None--SCGL-WECM-2025-08-31-CH_26-03-15__SCGL_PH0005031_181_20260412-BODS_V1_1.xml,12,10
CMB-None--SCGL-WECM-2025-08-31-CH_26-03-15__SCGL_PH0005031_181_20260412-BODS_V1_1.xml,13,10
CMB-None--SCGL-WECM-2025-08-31-CH_26-03-15__SCGL_PH0005031_181_20260412-BODS_V1_1.xml,14,10
CMB-None--SCGL-WECM-2025-08-31-CH_26-03-15__SCGL_PH0005031_181_20260412-BODS_V1_1.xml,15,10
CMB-None--SCGL-WECM-2025-08-31-CH_26-03-15__SCGL_PH0005031_181_20260412-BODS_V1_1.xml,16,9
CMB-None--SCGL-WECM-2025-08-31-CH_26-03-15__SCGL_PH0005031_181_20260412-BODS_V1_1.xml,17,10
CMB-None--SCGL-WECM-2025-08-31-CH_26-03-15__SCGL_PH0005031_181_20260412-BODS_V1_1.xml,18,5
CMB-None--SCGL-WECM-2025-08-31-CH_26-03-15__SCGL_PH0005031_181_20260412-BODS_V1_1.xml,19,7
CMB-None--SCGL-WECM-2025-08-31-CH_26-03-15__SCGL_PH0005031_181_20260412-BODS_V1_1.xml,20,4
CMB-None--SCGL-WECM-2025-08-31-CH_26-03-15__SCGL_PH0005031_181_20260412-BODS_V1_1.xml,21,5
CMB-None--SCGL-WECM-2025-08-31-CH_26-03-15__SCGL_PH0005031_181_20260412-BODS_V1_1.xml,22,6
CMB-None--SCGL-WECM-2025-08-31-CH_26-03-15__SCGL_PH0005031_181_20260412-BODS_V1_1.xml,23,3
CMB-None--SCGL-WECM-2025-08-31-CH_26-03-15__SCGL_PH0005031_181_20260526-BODS_V1_1.xml,6,3
CMB-None--SCGL-WECM-2025-08-31-CH_26-03-15__SCGL_PH0005031_181_20260526-BODS_V1_1.xml,7,8
CMB-None--SCGL-WECM-2025-08-31-CH_26-03-15__SCGL_PH0005031_181_20260526-BODS_V1_1.xml,8,7
CMB-None--SCGL-WECM-2025-08-31-CH_26-03-15__SCGL_PH0005031_181_20260526-BODS_V1_1.xml,9,10
CMB-None--SCGL-WECM-2025-08-31-CH_26-03-15__SCGL_PH0005031_181_20260526-BODS_V1_1.xml,10,10
CMB-None--SCGL-WECM-2025-08-31-CH_26-03-15__SCGL_PH0005031_181_20260526-BODS_V1_1.xml,11,10
CMB-None--SCGL-WECM-2025-08-31-CH_26-03-15__SCGL_PH0005031_181_20260526-BODS_V1_1.xml,12,10
CMB-None--SCGL-WECM-2025-08-31-CH_26-03-15__SCGL_PH0005031_181_20260526-BODS_V1_1.xml,13,10
CMB-None--SCGL-WECM-2025-08-31-CH_26-03-15__SCGL_PH0005031_181_20260526-BODS_V1_1.xml,14,10
CMB-None--SCGL-WECM-2025-08-31-CH_26-03-15__SCGL_PH0005031_181_20260526-BODS_V1_1.xml,15,10
CMB-None--SCGL-WECM-2025-08-31-CH_26-03-15__SCGL_PH0005031_181_20260526-BODS_V1_1.xml,16,9
CMB-None--SCGL-WECM-2025-08-31-CH_26-03-15__SCGL_PH0005031_181_20260526-BODS_V1_1.xml,17,10
CMB-None--SCGL-WECM-2025-08-31-CH_26-03-15__SCGL_PH0005031_181_20260526-BODS_V1_1.xml,18,5
CMB-None--SCGL-WECM-2025-08-31-CH_26-03-15__SCGL_PH0005031_181_20260526-BODS_V1_1.xml,19,7
CMB-None--SCGL-WECM-2025-08-31-CH_26-03-15__SCGL_PH0005031_181_20260526-BODS_V1_1.xml,20,4
CMB-None--SCGL-WECM-2025-08-31-CH_26-03-15__SCGL_PH0005031_181_20260526-BODS_V1_1.xml,21,4
CMB-None--SCGL-WECM-2025-08-31-CH_26-03-15__SCGL_PH0005031_181_20260526-BODS_V1_1.xml,22,4
CMB-None--SCGL-WECM-2025-08-31-CH_26-03-15__SCGL_PH0005031_181_20260526-BODS_V1_1.xml,23,2
CMB-None--SCGL-WECM-2025-08-31-CH_26-05-31_V3__SCGL_PH0005031_181_20260531-BODS_V1_1.xml,6,3
CMB-None--SCGL-WECM-2025-08-31-CH_26-05-31_V3__SCGL_PH0005031_181_20260531-BODS_V1_1.xml,7,8
CMB-None--SCGL-WECM-2025-08-31-CH_26-05-31_V3__SCGL_PH0005031_181_20260531-BODS_V1_1.xml,8,7
CMB-None--SCGL-WECM-2025-08-31-CH_26-05-31_V3__SCGL_PH0005031_181_20260531-BODS_V1_1.xml,9,10
CMB-None--SCGL-WECM-2025-08-31-CH_26-05-31_V3__SCGL_PH0005031_181_20260531-BODS_V1_1.xml,10,10
CMB-None--SCGL-WECM-2025-08-31-CH_26-05-31_V3__SCGL_PH0005031_181_20260531-BODS_V1_1.xml,11,10
CMB-None--SCGL-WECM-2025-08-31-CH_26-05-31_V3__SCGL_PH0005031_181_20260531-BODS_V1_1.xml,12,10
CMB-None--SCGL-WECM-2025-08-31-CH_26-05-31_V3__SCGL_PH0005031_181_20260531-BODS_V1_1.xml,13,10
CMB-None--SCGL-WECM-2025-08-31-CH_26-05-31_V3__SCGL_PH0005031_181_20260531-BODS_V1_1.xml,14,10
CMB-None--SCGL-WECM-2025-08-31-CH_26-05-31_V3__SCGL_PH0005031_181_20260531-BODS_V1_1.xml,15,10
CMB-None--SCGL-WECM-2025-08-31-CH_26-05-31_V3__SCGL_PH0005031_181_20260531-BODS_V1_1.xml,16,9
CMB-None--SCGL-WECM-2025-08-31-CH_26-05-31_V3__SCGL_PH0005031_181_20260531-BODS_V1_1.xml,17,10
CMB-None--SCGL-WECM-2025-08-31-CH_26-05-31_V3__SCGL_PH0005031_181_20260531-BODS_V1_1.xml,18,5
CMB-None--SCGL-WECM-2025-08-31-CH_26-05-31_V3__SCGL_PH0005031_181_20260531-BODS_V1_1.xml,19,7
CMB-None--SCGL-WECM-2025-08-31-CH_26-05-31_V3__SCGL_PH0005031_181_20260531-BODS_V1_1.xml,20,4
CMB-None--SCGL-WECM-2025-08-31-CH_26-05-31_V3__SCGL_PH0005031_181_20260531-BODS_V1_1.xml,21,4
CMB-None--SCGL-WECM-2025-08-31-CH_26-05-31_V3__SCGL_PH0005031_181_20260531-BODS_V1_1.xml,22,4
CMB-None--SCGL-WECM-2025-08-31-CH_26-05-31_V3__SCGL_PH0005031_181_20260531-BODS_V1_1.xml,23,2
CMC-None--SCGL-WECM-2025-08-31-CH_26-03-15__SCGL_PH0005031_182_20260412-BODS_V1_1.xml,0,4
CMC-None--SCGL-WECM-2025-08-31-CH_26-03-15__SCGL_PH0005031_182_20260412-BODS_V1_1.xml,5,2
CMC-None--SCGL-WECM-2025-08-31-CH_26-03-15__SCGL_PH0005031_182_20260412-BODS_V1_1.xml,6,8
CMC-None--SCGL-WECM-2025-08-31-CH_26-03-15__SCGL_PH0005031_182_20260412-BODS_V1_1.xml,7,18
CMC-None--SCGL-WECM-2025-08-31-CH_26-03-15__SCGL_PH0005031_182_20260412-BODS_V1_1.xml,8,20
CMC-None--SCGL-WECM-2025-08-31-CH_26-03-15__SCGL_PH0005031_182_20260412-BODS_V1_1.xml,9,24
CMC-None--SCGL-WECM-2025-08-31-CH_26-03-15__SCGL_PH0005031_182_20260412-BODS_V1_1.xml,10,26
CMC-None--SCGL-WECM-2025-08-31-CH_26-03-15__SCGL_PH0005031_182_20260412-BODS_V1_1.xml,11,26
CMC-None--SCGL-WECM-2025-08-31-CH_26-03-15__SCGL_PH0005031_182_20260412-BODS_V1_1.xml,12,26
CMC-None--SCGL-WECM-2025-08-31-CH_26-03-15__SCGL_PH0005031_182_20260412-BODS_V1_1.xml,13,26
CMC-None--SCGL-WECM-2025-08-31-CH_26-03-15__SCGL_PH0005031_182_20260412-BODS_V1_1.xml,14,26
CMC-None--SCGL-WECM-2025-08-31-CH_26-03-15__SCGL_PH0005031_182_20260412-BODS_V1_1.xml,15,23
CMC-None--SCGL-WECM-2025-08-31-CH_26-03-15__SCGL_PH0005031_182_20260412-BODS_V1_1.xml,16,23
CMC-None--SCGL-WECM-2025-08-31-CH_26-03-15__SCGL_PH0005031_182_20260412-BODS_V1_1.xml,17,18
CMC-None--SCGL-WECM-2025-08-31-CH_26-03-15__SCGL_PH0005031_182_20260412-BODS_V1_1.xml,18,18
CMC-None--SCGL-WECM-2025-08-31-CH_26-03-15__SCGL_PH0005031_182_20260412-BODS_V1_1.xml,19,14
CMC-None--SCGL-WECM-2025-08-31-CH_26-03-15__SCGL_PH0005031_182_20260412-BODS_V1_1.xml,20,10
CMC-None--SCGL-WECM-2025-08-31-CH_26-03-15__SCGL_PH0005031_182_20260412-BODS_V1_1.xml,21,10
CMC-None--SCGL-WECM-2025-08-31-CH_26-03-15__SCGL_PH0005031_182_20260412-BODS_V1_1.xml,22,8
CMC-None--SCGL-WECM-2025-08-31-CH_26-03-15__SCGL_PH0005031_182_20260412-BODS_V1_1.xml,23,7
CMC-None--SCGL-WECM-2025-08-31-CH_26-03-15__SCGL_PH0005031_182_20260526-BODS_V1_1.xml,0,4
CMC-None--SCGL-WECM-2025-08-31-CH_26-03-15__SCGL_PH0005031_182_20260526-BODS_V1_1.xml,5,2
CMC-None--SCGL-WECM-2025-08-31-CH_26-03-15__SCGL_PH0005031_182_20260526-BODS_V1_1.xml,6,8
CMC-None--SCGL-WECM-2025-08-31-CH_26-03-15__SCGL_PH0005031_182_20260526-BODS_V1_1.xml,7,18
CMC-None--SCGL-WECM-2025-08-31-CH_26-03-15__SCGL_PH0005031_182_20260526-BODS_V1_1.xml,8,20
CMC-None--SCGL-WECM-2025-08-31-CH_26-03-15__SCGL_PH0005031_182_20260526-BODS_V1_1.xml,9,24
CMC-None--SCGL-WECM-2025-08-31-CH_26-03-15__SCGL_PH0005031_182_20260526-BODS_V1_1.xml,10,26
CMC-None--SCGL-WECM-2025-08-31-CH_26-03-15__SCGL_PH0005031_182_20260526-BODS_V1_1.xml,11,26
CMC-None--SCGL-WECM-2025-08-31-CH_26-03-15__SCGL_PH0005031_182_20260526-BODS_V1_1.xml,12,26
CMC-None--SCGL-WECM-2025-08-31-CH_26-03-15__SCGL_PH0005031_182_20260526-BODS_V1_1.xml,13,26
CMC-None--SCGL-WECM-2025-08-31-CH_26-03-15__SCGL_PH0005031_182_20260526-BODS_V1_1.xml,14,26
CMC-None--SCGL-WECM-2025-08-31-CH_26-03-15__SCGL_PH0005031_182_20260526-BODS_V1_1.xml,15,23
CMC-None--SCGL-WECM-2025-08-31-CH_26-03-15__SCGL_PH0005031_182_20260526-BODS_V1_1.xml,16,23
CMC-None--SCGL-WECM-2025-08-31-CH_26-03-15__SCGL_PH0005031_182_20260526-BODS_V1_1.xml,17,18
CMC-None--SCGL-WECM-2025-08-31-CH_26-03-15__SCGL_PH0005031_182_20260526-BODS_V1_1.xml,18,16
CMC-None--SCGL-WECM-2025-08-31-CH_26-03-15__SCGL_PH0005031_182_20260526-BODS_V1_1.xml,19,13
CMC-None--SCGL-WECM-2025-08-31-CH_26-03-15__SCGL_PH0005031_182_20260526-BODS_V1_1.xml,20,10
CMC-None--SCGL-WECM-2025-08-31-CH_26-03-15__SCGL_PH0005031_182_20260526-BODS_V1_1.xml,21,10
CMC-None--SCGL-WECM-2025-08-31-CH_26-03-15__SCGL_PH0005031_182_20260526-BODS_V1_1.xml,22,8
CMC-None--SCGL-WECM-2025-08-31-CH_26-03-15__SCGL_PH0005031_182_20260526-BODS_V1_1.xml,23,7
CMC-None--SCGL-WECM-2025-08-31-CH_26-05-31_V3__SCGL_PH0005031_182_20260531-BODS_V1_1.xml,0,4
CMC-None--SCGL-WECM-2025-08-31-CH_26-05-31_V3__SCGL_PH0005031_182_20260531-BODS_V1_1.xml,5,2
CMC-None--SCGL-WECM-2025-08-31-CH_26-05-31_V3__SCGL_PH0005031_182_20260531-BODS_V1_1.xml,6,8
CMC-None--SCGL-WECM-2025-08-31-CH_26-05-31_V3__SCGL_PH0005031_182_20260531-BODS_V1_1.xml,7,18
CMC-None--SCGL-WECM-2025-08-31-CH_26-05-31_V3__SCGL_PH0005031_182_20260531-BODS_V1_1.xml,8,20
CMC-None--SCGL-WECM-2025-08-31-CH_26-05-31_V3__SCGL_PH0005031_182_20260531-BODS_V1_1.xml,9,24
CMC-None--SCGL-WECM-2025-08-31-CH_26-05-31_V3__SCGL_PH0005031_182_20260531-BODS_V1_1.xml,10,26
CMC-None--SCGL-WECM-2025-08-31-CH_26-05-31_V3__SCGL_PH0005031_182_20260531-BODS_V1_1.xml,11,26
CMC-None--SCGL-WECM-2025-08-31-CH_26-05-31_V3__SCGL_PH0005031_182_20260531-BODS_V1_1.xml,12,26
CMC-None--SCGL-WECM-2025-08-31-CH_26-05-31_V3__SCGL_PH0005031_182_20260531-BODS_V1_1.xml,13,26
CMC-None--SCGL-WECM-2025-08-31-CH_26-05-31_V3__SCGL_PH0005031_182_20260531-BODS_V1_1.xml,14,26
CMC-None--SCGL-WECM-2025-08-31-CH_26-05-31_V3__SCGL_PH0005031_182_20260531-BODS_V1_1.xml,15,23
CMC-None--SCGL-WECM-2025-08-31-CH_26-05-31_V3__SCGL_PH0005031_182_20260531-BODS_V1_1.xml,16,23
CMC-None--SCGL-WECM-2025-08-31-CH_26-05-31_V3__SCGL_PH0005031_182_20260531-BODS_V1_1.xml,17,18
CMC-None--SCGL-WECM-2025-08-31-CH_26-05-31_V3__SCGL_PH0005031_182_20260531-BODS_V1_1.xml,18,16
CMC-None--SCGL-WECM-2025-08-31-CH_26-05-31_V3__SCGL_PH0005031_182_20260531-BODS_V1_1.xml,19,13
CMC-None--SCGL-WECM-2025-08-31-CH_26-05-31_V3__SCGL_PH0005031_182_20260531-BODS_V1_1.xml,20,10
CMC-None--SCGL-WECM-2025-08-31-CH_26-05-31_V3__SCGL_PH0005031_182_20260531-BODS_V1_1.xml,21,10
CMC-None--SCGL-WECM-2025-08-31-CH_26-05-31_V3__SCGL_PH0005031_182_20260531-BODS_V1_1.xml,22,8
CMC-None--SCGL-WECM-2025-08-31-CH_26-05-31_V3__SCGL_PH0005031_182_20260531-BODS_V1_1.xml,23,7
CMDE-None--SCGL-WECM-2025-08-31-CH_26-03-15__SCGL_PH0005031_183_20260428-BODS_V1_1.xml,5,3
CMDE-None--SCGL-WECM-2025-08-31-CH_26-03-15__SCGL_PH0005031_183_20260428-BODS_V1_1.xml,6,8
CMDE-None--SCGL-WECM-2025-08-31-CH_26-03-15__SCGL_PH0005031_183_20260428-BODS_V1_1.xml,7,17
CMDE-None--SCGL-WECM-2025-08-31-CH_26-03-15__SCGL_PH0005031_183_20260428-BODS_V1_1.xml,8,25
CMDE-None--SCGL-WECM-2025-08-31-CH_26-03-15__SCGL_PH0005031_183_20260428-BODS_V1_1.xml,9,29
CMDE-None--SCGL-WECM-2025-08-31-CH_26-03-15__SCGL_PH0005031_183_20260428-BODS_V1_1.xml,10,30
CMDE-None--SCGL-WECM-2025-08-31-CH_26-03-15__SCGL_PH0005031_183_20260428-BODS_V1_1.xml,11,32
CMDE-None--SCGL-WECM-2025-08-31-CH_26-03-15__SCGL_PH0005031_183_20260428-BODS_V1_1.xml,12,32
CMDE-None--SCGL-WECM-2025-08-31-CH_26-03-15__SCGL_PH0005031_183_20260428-BODS_V1_1.xml,13,32
CMDE-None--SCGL-WECM-2025-08-31-CH_26-03-15__SCGL_PH0005031_183_20260428-BODS_V1_1.xml,14,32
CMDE-None--SCGL-WECM-2025-08-31-CH_26-03-15__SCGL_PH0005031_183_20260428-BODS_V1_1.xml,15,31
CMDE-None--SCGL-WECM-2025-08-31-CH_26-03-15__SCGL_PH0005031_183_20260428-BODS_V1_1.xml,16,27
CMDE-None--SCGL-WECM-2025-08-31-CH_26-03-15__SCGL_PH0005031_183_20260428-BODS_V1_1.xml,17,25
CMDE-None--SCGL-WECM-2025-08-31-CH_26-03-15__SCGL_PH0005031_183_20260428-BODS_V1_1.xml,18,19
CMDE-None--SCGL-WECM-2025-08-31-CH_26-03-15__SCGL_PH0005031_183_20260428-BODS_V1_1.xml,19,14
CMDE-None--SCGL-WECM-2025-08-31-CH_26-03-15__SCGL_PH0005031_183_20260428-BODS_V1_1.xml,20,10
CMDE-None--SCGL-WECM-2025-08-31-CH_26-03-15__SCGL_PH0005031_183_20260428-BODS_V1_1.xml,21,10
CMDE-None--SCGL-WECM-2025-08-31-CH_26-03-15__SCGL_PH0005031_183_20260428-BODS_V1_1.xml,22,10
CMDE-None--SCGL-WECM-2025-08-31-CH_26-03-15__SCGL_PH0005031_183_20260428-BODS_V1_1.xml,23,9
CMDE-None--SCGL-WECM-2025-08-31-CH_26-03-15__SCGL_PH0005031_183_20260526-BODS_V1_1.xml,5,3
CMDE-None--SCGL-WECM-2025-08-31-CH_26-03-15__SCGL_PH0005031_183_20260526-BODS_V1_1.xml,6,8
CMDE-None--SCGL-WECM-2025-08-31-CH_26-03-15__SCGL_PH0005031_183_20260526-BODS_V1_1.xml,7,17
CMDE-None--SCGL-WECM-2025-08-31-CH_26-03-15__SCGL_PH0005031_183_20260526-BODS_V1_1.xml,8,24
CMDE-None--SCGL-WECM-2025-08-31-CH_26-03-15__SCGL_PH0005031_183_20260526-BODS_V1_1.xml,9,29
CMDE-None--SCGL-WECM-2025-08-31-CH_26-03-15__SCGL_PH0005031_183_20260526-BODS_V1_1.xml,10,30
CMDE-None--SCGL-WECM-2025-08-31-CH_26-03-15__SCGL_PH0005031_183_20260526-BODS_V1_1.xml,11,32
CMDE-None--SCGL-WECM-2025-08-31-CH_26-03-15__SCGL_PH0005031_183_20260526-BODS_V1_1.xml,12,32
CMDE-None--SCGL-WECM-2025-08-31-CH_26-03-15__SCGL_PH0005031_183_20260526-BODS_V1_1.xml,13,32
CMDE-None--SCGL-WECM-2025-08-31-CH_26-03-15__SCGL_PH0005031_183_20260526-BODS_V1_1.xml,14,32
CMDE-None--SCGL-WECM-2025-08-31-CH_26-03-15__SCGL_PH0005031_183_20260526-BODS_V1_1.xml,15,30
CMDE-None--SCGL-WECM-2025-08-31-CH_26-03-15__SCGL_PH0005031_183_20260526-BODS_V1_1.xml,16,27
CMDE-None--SCGL-WECM-2025-08-31-CH_26-03-15__SCGL_PH0005031_183_20260526-BODS_V1_1.xml,17,25
CMDE-None--SCGL-WECM-2025-08-31-CH_26-03-15__SCGL_PH0005031_183_20260526-BODS_V1_1.xml,18,19
CMDE-None--SCGL-WECM-2025-08-31-CH_26-03-15__SCGL_PH0005031_183_20260526-BODS_V1_1.xml,19,14
CMDE-None--SCGL-WECM-2025-08-31-CH_26-03-15__SCGL_PH0005031_183_20260526-BODS_V1_1.xml,20,10
CMDE-None--SCGL-WECM-2025-08-31-CH_26-03-15__SCGL_PH0005031_183_20260526-BODS_V1_1.xml,21,10
CMDE-None--SCGL-WECM-2025-08-31-CH_26-03-15__SCGL_PH0005031_183_20260526-BODS_V1_1.xml,22,10
CMDE-None--SCGL-WECM-2025-08-31-CH_26-03-15__SCGL_PH0005031_183_20260526-BODS_V1_1.xml,23,9
CMDE-None--SCGL-WECM-2025-08-31-CH_26-05-31_FINAL_DRAFT__SCGL_PH0005031_183_20260531-BODS_V1_1.xml,5,3
CMDE-None--SCGL-WECM-2025-08-31-CH_26-05-31_FINAL_DRAFT__SCGL_PH0005031_183_20260531-BODS_V1_1.xml,6,11
CMDE-None--SCGL-WECM-2025-08-31-CH_26-05-31_FINAL_DRAFT__SCGL_PH0005031_183_20260531-BODS_V1_1.xml,7,19
CMDE-None--SCGL-WECM-2025-08-31-CH_26-05-31_FINAL_DRAFT__SCGL_PH0005031_183_20260531-BODS_V1_1.xml,8,22
CMDE-None--SCGL-WECM-2025-08-31-CH_26-05-31_FINAL_DRAFT__SCGL_PH0005031_183_20260531-BODS_V1_1.xml,9,26
CMDE-None--SCGL-WECM-2025-08-31-CH_26-05-31_FINAL_DRAFT__SCGL_PH0005031_183_20260531-BODS_V1_1.xml,10,31
CMDE-None--SCGL-WECM-2025-08-31-CH_26-05-31_FINAL_DRAFT__SCGL_PH0005031_183_20260531-BODS_V1_1.xml,11,32
CMDE-None--SCGL-WECM-2025-08-31-CH_26-05-31_FINAL_DRAFT__SCGL_PH0005031_183_20260531-BODS_V1_1.xml,12,32
CMDE-None--SCGL-WECM-2025-08-31-CH_26-05-31_FINAL_DRAFT__SCGL_PH0005031_183_20260531-BODS_V1_1.xml,13,32
CMDE-None--SCGL-WECM-2025-08-31-CH_26-05-31_FINAL_DRAFT__SCGL_PH0005031_183_20260531-BODS_V1_1.xml,14,32
CMDE-None--SCGL-WECM-2025-08-31-CH_26-05-31_FINAL_DRAFT__SCGL_PH0005031_183_20260531-BODS_V1_1.xml,15,31
CMDE-None--SCGL-WECM-2025-08-31-CH_26-05-31_FINAL_DRAFT__SCGL_PH0005031_183_20260531-BODS_V1_1.xml,16,27
CMDE-None--SCGL-WECM-2025-08-31-CH_26-05-31_FINAL_DRAFT__SCGL_PH0005031_183_20260531-BODS_V1_1.xml,17,25
CMDE-None--SCGL-WECM-2025-08-31-CH_26-05-31_FINAL_DRAFT__SCGL_PH0005031_183_20260531-BODS_V1_1.xml,18,19
CMDE-None--SCGL-WECM-2025-08-31-CH_26-05-31_FINAL_DRAFT__SCGL_PH0005031_183_20260531-BODS_V1_1.xml,19,12
CMDE-None--SCGL-WECM-2025-08-31-CH_26-05-31_FINAL_DRAFT__SCGL_PH0005031_183_20260531-BODS_V1_1.xml,20,10
CMDE-None--SCGL-WECM-2025-08-31-CH_26-05-31_FINAL_DRAFT__SCGL_PH0005031_183_20260531-BODS_V1_1.xml,21,10
CMDE-None--SCGL-WECM-2025-08-31-CH_26-05-31_FINAL_DRAFT__SCGL_PH0005031_183_20260531-BODS_V1_1.xml,22,10
CMDE-None--SCGL-WECM-2025-08-31-CH_26-05-31_FINAL_DRAFT__SCGL_PH0005031_183_20260531-BODS_V1_1.xml,23,9
CMF-None--SCGL-WECM-2025-08-31-CH_26-03-15__SCGL_PH0005031_410_20260412-BODS_V1_1.xml,6,5
CMF-None--SCGL-WECM-2025-08-31-CH_26-03-15__SCGL_PH0005031_410_20260412-BODS_V1_1.xml,7,9
CMF-None--SCGL-WECM-2025-08-31-CH_26-03-15__SCGL_PH0005031_410_20260412-BODS_V1_1.xml,8,14
CMF-None--SCGL-WECM-2025-08-31-CH_26-03-15__SCGL_PH0005031_410_20260412-BODS_V1_1.xml,9,15
CMF-None--SCGL-WECM-2025-08-31-CH_26-03-15__SCGL_PH0005031_410_20260412-BODS_V1_1.xml,10,16
CMF-None--SCGL-WECM-2025-08-31-CH_26-03-15__SCGL_PH0005031_410_20260412-BODS_V1_1.xml,11,16
CMF-None--SCGL-WECM-2025-08-31-CH_26-03-15__SCGL_PH0005031_410_20260412-BODS_V1_1.xml,12,16
CMF-None--SCGL-WECM-2025-08-31-CH_26-03-15__SCGL_PH0005031_410_20260412-BODS_V1_1.xml,13,16
CMF-None--SCGL-WECM-2025-08-31-CH_26-03-15__SCGL_PH0005031_410_20260412-BODS_V1_1.xml,14,16
CMF-None--SCGL-WECM-2025-08-31-CH_26-03-15__SCGL_PH0005031_410_20260412-BODS_V1_1.xml,15,15
CMF-None--SCGL-WECM-2025-08-31-CH_26-03-15__SCGL_PH0005031_410_20260412-BODS_V1_1.xml,16,13
CMF-None--SCGL-WECM-2025-08-31-CH_26-03-15__SCGL_PH0005031_410_20260412-BODS_V1_1.xml,17,12
CMF-None--SCGL-WECM-2025-08-31-CH_26-03-15__SCGL_PH0005031_410_20260412-BODS_V1_1.xml,18,10
CMF-None--SCGL-WECM-2025-08-31-CH_26-03-15__SCGL_PH0005031_410_20260412-BODS_V1_1.xml,19,11
CMF-None--SCGL-WECM-2025-08-31-CH_26-03-15__SCGL_PH0005031_410_20260412-BODS_V1_1.xml,20,8
CMF-None--SCGL-WECM-2025-08-31-CH_26-03-15__SCGL_PH0005031_410_20260412-BODS_V1_1.xml,21,5
CMF-None--SCGL-WECM-2025-08-31-CH_26-03-15__SCGL_PH0005031_410_20260412-BODS_V1_1.xml,22,4
CMF-None--SCGL-WECM-2025-08-31-CH_26-03-15__SCGL_PH0005031_410_20260412-BODS_V1_1.xml,23,2
CMF-None--SCGL-WECM-2025-08-31-CH_26-03-15__SCGL_PH0005031_410_20260526-BODS_V1_1.xml,6,5
CMF-None--SCGL-WECM-2025-08-31-CH_26-03-15__SCGL_PH0005031_410_20260526-BODS_V1_1.xml,7,9
CMF-None--SCGL-WECM-2025-08-31-CH_26-03-15__SCGL_PH0005031_410_20260526-BODS_V1_1.xml,8,14
CMF-None--SCGL-WECM-2025-08-31-CH_26-03-15__SCGL_PH0005031_410_20260526-BODS_V1_1.xml,9,15
CMF-None--SCGL-WECM-2025-08-31-CH_26-03-15__SCGL_PH0005031_410_20260526-BODS_V1_1.xml,10,16
CMF-None--SCGL-WECM-2025-08-31-CH_26-03-15__SCGL_PH0005031_410_20260526-BODS_V1_1.xml,11,16
CMF-None--SCGL-WECM-2025-08-31-CH_26-03-15__SCGL_PH0005031_410_20260526-BODS_V1_1.xml,12,16
CMF-None--SCGL-WECM-2025-08-31-CH_26-03-15__SCGL_PH0005031_410_20260526-BODS_V1_1.xml,13,16
CMF-None--SCGL-WECM-2025-08-31-CH_26-03-15__SCGL_PH0005031_410_20260526-BODS_V1_1.xml,14,16
CMF-None--SCGL-WECM-2025-08-31-CH_26-03-15__SCGL_PH0005031_410_20260526-BODS_V1_1.xml,15,15
CMF-None--SCGL-WECM-2025-08-31-CH_26-03-15__SCGL_PH0005031_410_20260526-BODS_V1_1.xml,16,13
CMF-None--SCGL-WECM-2025-08-31-CH_26-03-15__SCGL_PH0005031_410_20260526-BODS_V1_1.xml,17,12
CMF-None--SCGL-WECM-2025-08-31-CH_26-03-15__SCGL_PH0005031_410_20260526-BODS_V1_1.xml,18,10
CMF-None--SCGL-WECM-2025-08-31-CH_26-03-15__SCGL_PH0005031_410_20260526-BODS_V1_1.xml,19,11
CMF-None--SCGL-WECM-2025-08-31-CH_26-03-15__SCGL_PH0005031_410_20260526-BODS_V1_1.xml,20,8
CMF-None--SCGL-WECM-2025-08-31-CH_26-03-15__SCGL_PH0005031_410_20260526-BODS_V1_1.xml,21,5
CMF-None--SCGL-WECM-2025-08-31-CH_26-03-15__SCGL_PH0005031_410_20260526-BODS_V1_1.xml,22,4
CMF-None--SCGL-WECM-2025-08-31-CH_26-03-15__SCGL_PH0005031_410_20260526-BODS_V1_1.xml,23,2
CMF-None--SCGL-WECM-2025-08-31-CH_26-05-31_V3__SCGL_PH0005031_410_20260531-BODS_V1_1.xml,6,4
CMF-None--SCGL-WECM-2025-08-31-CH_26-05-31_V3__SCGL_PH0005031_410_20260531-BODS_V1_1.xml,7,7
CMF-None--SCGL-WECM-2025-08-31-CH_26-05-31_V3__SCGL_PH0005031_410_20260531-BODS_V1_1.xml,8,10
CMF-None--SCGL-WECM-2025-08-31-CH_26-05-31_V3__SCGL_PH0005031_410_20260531-BODS_V1_1.xml,9,13
CMF-None--SCGL-WECM-2025-08-31-CH_26-05-31_V3__SCGL_PH0005031_410_20260531-BODS_V1_1.xml,10,14
CMF-None--SCGL-WECM-2025-08-31-CH_26-05-31_V3__SCGL_PH0005031_410_20260531-BODS_V1_1.xml,11,14
CMF-None--SCGL-WECM-2025-08-31-CH_26-05-31_V3__SCGL_PH0005031_410_20260531-BODS_V1_1.xml,12,14
CMF-None--SCGL-WECM-2025-08-31-CH_26-05-31_V3__SCGL_PH0005031_410_20260531-BODS_V1_1.xml,13,14
CMF-None--SCGL-WECM-2025-08-31-CH_26-05-31_V3__SCGL_PH0005031_410_20260531-BODS_V1_1.xml,14,14
CMF-None--SCGL-WECM-2025-08-31-CH_26-05-31_V3__SCGL_PH0005031_410_20260531-BODS_V1_1.xml,15,12
CMF-None--SCGL-WECM-2025-08-31-CH_26-05-31_V3__SCGL_PH0005031_410_20260531-BODS_V1_1.xml,16,12
CMF-None--SCGL-WECM-2025-08-31-CH_26-05-31_V3__SCGL_PH0005031_410_20260531-BODS_V1_1.xml,17,9
CMF-None--SCGL-WECM-2025-08-31-CH_26-05-31_V3__SCGL_PH0005031_410_20260531-BODS_V1_1.xml,18,10
CMF-None--SCGL-WECM-2025-08-31-CH_26-05-31_V3__SCGL_PH0005031_410_20260531-BODS_V1_1.xml,19,7
CMF-None--SCGL-WECM-2025-08-31-CH_26-05-31_V3__SCGL_PH0005031_410_20260531-BODS_V1_1.xml,20,5
CMF-None--SCGL-WECM-2025-08-31-CH_26-05-31_V3__SCGL_PH0005031_410_20260531-BODS_V1_1.xml,21,4
CMF-None--SCGL-WECM-2025-08-31-CH_26-05-31_V3__SCGL_PH0005031_410_20260531-BODS_V1_1.xml,22,4
CMF-None--SCGL-WECM-2025-08-31-CH_26-05-31_V3__SCGL_PH0005031_410_20260531-BODS_V1_1.xml,23,2
CMG-None--SCGL-WECM-2025-08-31-CH_26-05-31_V3__SCGL_PH0005031_413_20260531-BODS_V1_1.xml,0,4
CMG-None--SCGL-WECM-2025-08-31-CH_26-05-31_V3__SCGL_PH0005031_413_20260531-BODS_V1_1.xml,6,5
CMG-None--SCGL-WECM-2025-08-31-CH_26-05-31_V3__SCGL_PH0005031_413_20260531-BODS_V1_1.xml,7,10
CMG-None--SCGL-WECM-2025-08-31-CH_26-05-31_V3__SCGL_PH0005031_413_20260531-BODS_V1_1.xml,8,11
CMG-None--SCGL-WECM-2025-08-31-CH_26-05-31_V3__SCGL_PH0005031_413_20260531-BODS_V1_1.xml,9,14
CMG-None--SCGL-WECM-2025-08-31-CH_26-05-31_V3__SCGL_PH0005031_413_20260531-BODS_V1_1.xml,10,14
CMG-None--SCGL-WECM-2025-08-31-CH_26-05-31_V3__SCGL_PH0005031_413_20260531-BODS_V1_1.xml,11,14
CMG-None--SCGL-WECM-2025-08-31-CH_26-05-31_V3__SCGL_PH0005031_413_20260531-BODS_V1_1.xml,12,14
CMG-None--SCGL-WECM-2025-08-31-CH_26-05-31_V3__SCGL_PH0005031_413_20260531-BODS_V1_1.xml,13,14
CMG-None--SCGL-WECM-2025-08-31-CH_26-05-31_V3__SCGL_PH0005031_413_20260531-BODS_V1_1.xml,14,14
CMG-None--SCGL-WECM-2025-08-31-CH_26-05-31_V3__SCGL_PH0005031_413_20260531-BODS_V1_1.xml,15,14
CMG-None--SCGL-WECM-2025-08-31-CH_26-05-31_V3__SCGL_PH0005031_413_20260531-BODS_V1_1.xml,16,11
CMG-None--SCGL-WECM-2025-08-31-CH_26-05-31_V3__SCGL_PH0005031_413_20260531-BODS_V1_1.xml,17,11
CMG-None--SCGL-WECM-2025-08-31-CH_26-05-31_V3__SCGL_PH0005031_413_20260531-BODS_V1_1.xml,18,10
CMG-None--SCGL-WECM-2025-08-31-CH_26-05-31_V3__SCGL_PH0005031_413_20260531-BODS_V1_1.xml,19,9
CMG-None--SCGL-WECM-2025-08-31-CH_26-05-31_V3__SCGL_PH0005031_413_20260531-BODS_V1_1.xml,20,8
CMG-None--SCGL-WECM-2025-08-31-CH_26-05-31_V3__SCGL_PH0005031_413_20260531-BODS_V1_1.xml,21,8
CMG-None--SCGL-WECM-2025-08-31-CH_26-05-31_V3__SCGL_PH0005031_413_20260531-BODS_V1_1.xml,22,5
CMG-None--SCGL-WECM-2025-08-31-CH_26-05-31_V3__SCGL_PH0005031_413_20260531-BODS_V1_1.xml,23,5
CMH-None--SCGL-WECM-2025-08-31-CH_26-03-15__SCGL_PH0005031_306_20260412-BODS_V1_1.xml,6,2
CMH-None--SCGL-WECM-2025-08-31-CH_26-03-15__SCGL_PH0005031_306_20260412-BODS_V1_1.xml,7,7
CMH-None--SCGL-WECM-2025-08-31-CH_26-03-15__SCGL_PH0005031_306_20260412-BODS_V1_1.xml,8,7
CMH-None--SCGL-WECM-2025-08-31-CH_26-03-15__SCGL_PH0005031_306_20260412-BODS_V1_1.xml,9,9
CMH-None--SCGL-WECM-2025-08-31-CH_26-03-15__SCGL_PH0005031_306_20260412-BODS_V1_1.xml,10,10
CMH-None--SCGL-WECM-2025-08-31-CH_26-03-15__SCGL_PH0005031_306_20260412-BODS_V1_1.xml,11,10
CMH-None--SCGL-WECM-2025-08-31-CH_26-03-15__SCGL_PH0005031_306_20260412-BODS_V1_1.xml,12,10
CMH-None--SCGL-WECM-2025-08-31-CH_26-03-15__SCGL_PH0005031_306_20260412-BODS_V1_1.xml,13,10
CMH-None--SCGL-WECM-2025-08-31-CH_26-03-15__SCGL_PH0005031_306_20260412-BODS_V1_1.xml,14,10
CMH-None--SCGL-WECM-2025-08-31-CH_26-03-15__SCGL_PH0005031_306_20260412-BODS_V1_1.xml,15,9
CMH-None--SCGL-WECM-2025-08-31-CH_26-03-15__SCGL_PH0005031_306_20260412-BODS_V1_1.xml,16,10
CMH-None--SCGL-WECM-2025-08-31-CH_26-03-15__SCGL_PH0005031_306_20260412-BODS_V1_1.xml,17,9
CMH-None--SCGL-WECM-2025-08-31-CH_26-03-15__SCGL_PH0005031_306_20260412-BODS_V1_1.xml,18,8
CMH-None--SCGL-WECM-2025-08-31-CH_26-03-15__SCGL_PH0005031_306_20260526-BODS_V1_1.xml,6,2
CMH-None--SCGL-WECM-2025-08-31-CH_26-03-15__SCGL_PH0005031_306_20260526-BODS_V1_1.xml,7,7
CMH-None--SCGL-WECM-2025-08-31-CH_26-03-15__SCGL_PH0005031_306_20260526-BODS_V1_1.xml,8,7
CMH-None--SCGL-WECM-2025-08-31-CH_26-03-15__SCGL_PH0005031_306_20260526-BODS_V1_1.xml,9,9
CMH-None--SCGL-WECM-2025-08-31-CH_26-03-15__SCGL_PH0005031_306_20260526-BODS_V1_1.xml,10,10
CMH-None--SCGL-WECM-2025-08-31-CH_26-03-15__SCGL_PH0005031_306_20260526-BODS_V1_1.xml,11,10
CMH-None--SCGL-WECM-2025-08-31-CH_26-03-15__SCGL_PH0005031_306_20260526-BODS_V1_1.xml,12,10
CMH-None--SCGL-WECM-2025-08-31-CH_26-03-15__SCGL_PH0005031_306_20260526-BODS_V1_1.xml,13,10
CMH-None--SCGL-WECM-2025-08-31-CH_26-03-15__SCGL_PH0005031_306_20260526-BODS_V1_1.xml,14,10
CMH-None--SCGL-WECM-2025-08-31-CH_26-03-15__SCGL_PH0005031_306_20260526-BODS_V1_1.xml,15,9
CMH-None--SCGL-WECM-2025-08-31-CH_26-03-15__SCGL_PH0005031_306_20260526-BODS_V1_1.xml,16,10
CMH-None--SCGL-WECM-2025-08-31-CH_26-03-15__SCGL_PH0005031_306_20260526-BODS_V1_1.xml,17,9
CMH-None--SCGL-WECM-2025-08-31-CH_26-03-15__SCGL_PH0005031_306_20260526-BODS_V1_1.xml,18,8
CMH-None--SCGL-WECM-2025-08-31-CH_26-05-31_V3__SCGL_PH0005031_306_20260531-BODS_V1_1.xml,6,2
CMH-None--SCGL-WECM-2025-08-31-CH_26-05-31_V3__SCGL_PH0005031_306_20260531-BODS_V1_1.xml,7,7
CMH-None--SCGL-WECM-2025-08-31-CH_26-05-31_V3__SCGL_PH0005031_306_20260531-BODS_V1_1.xml,8,7
CMH-None--SCGL-WECM-2025-08-31-CH_26-05-31_V3__SCGL_PH0005031_306_20260531-BODS_V1_1.xml,9,9
CMH-None--SCGL-WECM-2025-08-31-CH_26-05-31_V3__SCGL_PH0005031_306_20260531-BODS_V1_1.xml,10,10
CMH-None--SCGL-WECM-2025-08-31-CH_26-05-31_V3__SCGL_PH0005031_306_20260531-BODS_V1_1.xml,11,10
CMH-None--SCGL-WECM-2025-08-31-CH_26-05-31_V3__SCGL_PH0005031_306_20260531-BODS_V1_1.xml,12,10
CMH-None--SCGL-WECM-2025-08-31-CH_26-05-31_V3__SCGL_PH0005031_306_20260531-BODS_V1_1.xml,13,10
CMH-None--SCGL-WECM-2025-08-31-CH_26-05-31_V3__SCGL_PH0005031_306_20260531-BODS_V1_1.xml,14,10
CMH-None--SCGL-WECM-2025-08-31-CH_26-05-31_V3__SCGL_PH0005031_306_20260531-BODS_V1_1.xml,15,9
CMH-None--SCGL-WECM-2025-08-31-CH_26-05-31_V3__SCGL_PH0005031_306_20260531-BODS_V1_1.xml,16,10
CMH-None--SCGL-WECM-2025-08-31-CH_26-05-31_V3__SCGL_PH0005031_306_20260531-BODS_V1_1.xml,17,9
CMH-None--SCGL-WECM-2025-08-31-CH_26-05-31_V3__SCGL_PH0005031_306_20260531-BODS_V1_1.xml,18,8
CMN-None--SCGL-WECM-2025-08-31-CH_26-03-15__SCGL_PH0005031_279_20260412-BODS_V1_1.xml,6,1
CMN-None--SCGL-WECM-2025-08-31-CH_26-03-15__SCGL_PH0005031_279_20260412-BODS_V1_1.xml,7,5
CMN-None--SCGL-WECM-2025-08-31-CH_26-03-15__SCGL_PH0005031_279_20260412-BODS_V1_1.xml,8,8
CMN-None--SCGL-WECM-2025-08-31-CH_26-03-15__SCGL_PH0005031_279_20260412-BODS_V1_1.xml,9,8
CMN-None--SCGL-WECM-2025-08-31-CH_26-03-15__SCGL_PH0005031_279_20260412-BODS_V1_1.xml,10,8
CMN-None--SCGL-WECM-2025-08-31-CH_26-03-15__SCGL_PH0005031_279_20260412-BODS_V1_1.xml,11,8
CMN-None--SCGL-WECM-2025-08-31-CH_26-03-15__SCGL_PH0005031_279_20260412-BODS_V1_1.xml,12,8
CMN-None--SCGL-WECM-2025-08-31-CH_26-03-15__SCGL_PH0005031_279_20260412-BODS_V1_1.xml,13,8
CMN-None--SCGL-WECM-2025-08-31-CH_26-03-15__SCGL_PH0005031_279_20260412-BODS_V1_1.xml,14,8
CMN-None--SCGL-WECM-2025-08-31-CH_26-03-15__SCGL_PH0005031_279_20260412-BODS_V1_1.xml,15,7
CMN-None--SCGL-WECM-2025-08-31-CH_26-03-15__SCGL_PH0005031_279_20260412-BODS_V1_1.xml,16,8
CMN-None--SCGL-WECM-2025-08-31-CH_26-03-15__SCGL_PH0005031_279_20260412-BODS_V1_1.xml,17,5
CMN-None--SCGL-WECM-2025-08-31-CH_26-03-15__SCGL_PH0005031_279_20260412-BODS_V1_1.xml,18,3
CMN-None--SCGL-WECM-2025-08-31-CH_26-03-15__SCGL_PH0005031_279_20260526-BODS_V1_1.xml,6,1
CMN-None--SCGL-WECM-2025-08-31-CH_26-03-15__SCGL_PH0005031_279_20260526-BODS_V1_1.xml,7,5
CMN-None--SCGL-WECM-2025-08-31-CH_26-03-15__SCGL_PH0005031_279_20260526-BODS_V1_1.xml,8,8
CMN-None--SCGL-WECM-2025-08-31-CH_26-03-15__SCGL_PH0005031_279_20260526-BODS_V1_1.xml,9,8
CMN-None--SCGL-WECM-2025-08-31-CH_26-03-15__SCGL_PH0005031_279_20260526-BODS_V1_1.xml,10,8
CMN-None--SCGL-WECM-2025-08-31-CH_26-03-15__SCGL_PH0005031_279_20260526-BODS_V1_1.xml,11,8
CMN-None--SCGL-WECM-2025-08-31-CH_26-03-15__SCGL_PH0005031_279_20260526-BODS_V1_1.xml,12,8
CMN-None--SCGL-WECM-2025-08-31-CH_26-03-15__SCGL_PH0005031_279_20260526-BODS_V1_1.xml,13,8
CMN-None--SCGL-WECM-2025-08-31-CH_26-03-15__SCGL_PH0005031_279_20260526-BODS_V1_1.xml,14,8
CMN-None--SCGL-WECM-2025-08-31-CH_26-03-15__SCGL_PH0005031_279_20260526-BODS_V1_1.xml,15,7
CMN-None--SCGL-WECM-2025-08-31-CH_26-03-15__SCGL_PH0005031_279_20260526-BODS_V1_1.xml,16,8
CMN-None--SCGL-WECM-2025-08-31-CH_26-03-15__SCGL_PH0005031_279_20260526-BODS_V1_1.xml,17,5
CMN-None--SCGL-WECM-2025-08-31-CH_26-03-15__SCGL_PH0005031_279_20260526-BODS_V1_1.xml,18,3
CMN-None--SCGL-WECM-2025-08-31-CH_26-05-31_V3__SCGL_PH0005031_279_20260531-BODS_V1_1.xml,6,1
CMN-None--SCGL-WECM-2025-08-31-CH_26-05-31_V3__SCGL_PH0005031_279_20260531-BODS_V1_1.xml,7,5
CMN-None--SCGL-WECM-2025-08-31-CH_26-05-31_V3__SCGL_PH0005031_279_20260531-BODS_V1_1.xml,8,8
CMN-None--SCGL-WECM-2025-08-31-CH_26-05-31_V3__SCGL_PH0005031_279_20260531-BODS_V1_1.xml,9,8
CMN-None--SCGL-WECM-2025-08-31-CH_26-05-31_V3__SCGL_PH0005031_279_20260531-BODS_V1_1.xml,10,8
CMN-None--SCGL-WECM-2025-08-31-CH_26-05-31_V3__SCGL_PH0005031_279_20260531-BODS_V1_1.xml,11,8
CMN-None--SCGL-WECM-2025-08-31-CH_26-05-31_V3__SCGL_PH0005031_279_20260531-BODS_V1_1.xml,12,8
CMN-None--SCGL-WECM-2025-08-31-CH_26-05-31_V3__SCGL_PH0005031_279_20260531-BODS_V1_1.xml,13,8
CMN-None--SCGL-WECM-2025-08-31-CH_26-05-31_V3__SCGL_PH0005031_279_20260531-BODS_V1_1.xml,14,8
CMN-None--SCGL-WECM-2025-08-31-CH_26-05-31_V3__SCGL_PH0005031_279_20260531-BODS_V1_1.xml,15,7
CMN-None--SCGL-WECM-2025-08-31-CH_26-05-31_V3__SCGL_PH0005031_279_20260531-BODS_V1_1.xml,16,8
CMN-None--SCGL-WECM-2025-08-31-CH_26-05-31_V3__SCGL_PH0005031_279_20260531-BODS_V1_1.xml,17,5
CMN-None--SCGL-WECM-2025-08-31-CH_26-05-31_V3__SCGL_PH0005031_279_20260531-BODS_V1_1.xml,18,3
CMT-None--SCGL-WECM-2025-08-31-CH_26-03-15__SCGL_PH0005031_329_20260412-BODS_V1_1.xml,7,3
CMT-None--SCGL-WECM-2025-08-31-CH_26-03-15__SCGL_PH0005031_329_20260412-BODS_V1_1.xml,8,1
CMT-None--SCGL-WECM-2025-08-31-CH_26-03-15__SCGL_PH0005031_329_20260412-BODS_V1_1.xml,9,3
CMT-None--SCGL-WECM-2025-08-31-CH_26-03-15__SCGL_PH0005031_329_20260412-BODS_V1_1.xml,10,3
CMT-None--SCGL-WECM-2025-08-31-CH_26-03-15__SCGL_PH0005031_329_20260412-BODS_V1_1.xml,11,3
CMT-None--SCGL-WECM-2025-08-31-CH_26-03-15__SCGL_PH0005031_329_20260412-BODS_V1_1.xml,12,2
CMT-None--SCGL-WECM-2025-08-31-CH_26-03-15__SCGL_PH0005031_329_20260412-BODS_V1_1.xml,13,3
CMT-None--SCGL-WECM-2025-08-31-CH_26-03-15__SCGL_PH0005031_329_20260412-BODS_V1_1.xml,14,3
CMT-None--SCGL-WECM-2025-08-31-CH_26-03-15__SCGL_PH0005031_329_20260412-BODS_V1_1.xml,15,2
CMT-None--SCGL-WECM-2025-08-31-CH_26-03-15__SCGL_PH0005031_329_20260412-BODS_V1_1.xml,16,2
CMT-None--SCGL-WECM-2025-08-31-CH_26-03-15__SCGL_PH0005031_329_20260412-BODS_V1_1.xml,17,3
CMT-None--SCGL-WECM-2025-08-31-CH_26-03-15__SCGL_PH0005031_329_20260412-BODS_V1_1.xml,18,2
CMT-None--SCGL-WECM-2025-08-31-CH_26-03-15__SCGL_PH0005031_329_20260526-BODS_V1_1.xml,7,3
CMT-None--SCGL-WECM-2025-08-31-CH_26-03-15__SCGL_PH0005031_329_20260526-BODS_V1_1.xml,8,1
CMT-None--SCGL-WECM-2025-08-31-CH_26-03-15__SCGL_PH0005031_329_20260526-BODS_V1_1.xml,9,3
CMT-None--SCGL-WECM-2025-08-31-CH_26-03-15__SCGL_PH0005031_329_20260526-BODS_V1_1.xml,10,3
CMT-None--SCGL-WECM-2025-08-31-CH_26-03-15__SCGL_PH0005031_329_20260526-BODS_V1_1.xml,11,3
CMT-None--SCGL-WECM-2025-08-31-CH_26-03-15__SCGL_PH0005031_329_20260526-BODS_V1_1.xml,12,2
CMT-None--SCGL-WECM-2025-08-31-CH_26-03-15__SCGL_PH0005031_329_20260526-BODS_V1_1.xml,13,3
CMT-None--SCGL-WECM-2025-08-31-CH_26-03-15__SCGL_PH0005031_329_20260526-BODS_V1_1.xml,14,3
CMT-None--SCGL-WECM-2025-08-31-CH_26-03-15__SCGL_PH0005031_329_20260526-BODS_V1_1.xml,15,2
CMT-None--SCGL-WECM-2025-08-31-CH_26-03-15__SCGL_PH0005031_329_20260526-BODS_V1_1.xml,16,2
CMT-None--SCGL-WECM-2025-08-31-CH_26-03-15__SCGL_PH0005031_329_20260526-BODS_V1_1.xml,17,3
CMT-None--SCGL-WECM-2025-08-31-CH_26-03-15__SCGL_PH0005031_329_20260526-BODS_V1_1.xml,18,2
CMT-None--SCGL-WECM-2025-08-31-CH_26-05-31_V3__SCGL_PH0005031_329_20260531-BODS_V1_1.xml,7,3
CMT-None--SCGL-WECM-2025-08-31-CH_26-05-31_V3__SCGL_PH0005031_329_20260531-BODS_V1_1.xml,8,1
CMT-None--SCGL-WECM-2025-08-31-CH_26-05-31_V3__SCGL_PH0005031_329_20260531-BODS_V1_1.xml,9,3
CMT-None--SCGL-WECM-2025-08-31-CH_26-05-31_V3__SCGL_PH0005031_329_20260531-BODS_V1_1.xml,10,3
CMT-None--SCGL-WECM-2025-08-31-CH_26-05-31_V3__SCGL_PH0005031_329_20260531-BODS_V1_1.xml,11,3
CMT-None--SCGL-WECM-2025-08-31-CH_26-05-31_V3__SCGL_PH0005031_329_20260531-BODS_V1_1.xml,12,2
CMT-None--SCGL-WECM-2025-08-31-CH_26-05-31_V3__SCGL_PH0005031_329_20260531-BODS_V1_1.xml,13,3
CMT-None--SCGL-WECM-2025-08-31-CH_26-05-31_V3__SCGL_PH0005031_329_20260531-BODS_V1_1.xml,14,3
CMT-None--SCGL-WECM-2025-08-31-CH_26-05-31_V3__SCGL_PH0005031_329_20260531-BODS_V1_1.xml,15,2
CMT-None--SCGL-WECM-2025-08-31-CH_26-05-31_V3__SCGL_PH0005031_329_20260531-BODS_V1_1.xml,16,2
CMT-None--SCGL-WECM-2025-08-31-CH_26-05-31_V3__SCGL_PH0005031_329_20260531-BODS_V1_1.xml,17,3
CMT-None--SCGL-WECM-2025-08-31-CH_26-05-31_V3__SCGL_PH0005031_329_20260531-BODS_V1_1.xml,18,2
CMW-None--SCGL-WECM-2025-08-31-CH_26-03-15__SCGL_PH0005031_307_20260412-BODS_V1_1.xml,6,2
CMW-None--SCGL-WECM-2025-08-31-CH_26-03-15__SCGL_PH0005031_307_20260412-BODS_V1_1.xml,7,4
CMW-None--SCGL-WECM-2025-08-31-CH_26-03-15__SCGL_PH0005031_307_20260412-BODS_V1_1.xml,8,4
CMW-None--SCGL-WECM-2025-08-31-CH_26-03-15__SCGL_PH0005031_307_20260412-BODS_V1_1.xml,9,4
CMW-None--SCGL-WECM-2025-08-31-CH_26-03-15__SCGL_PH0005031_307_20260412-BODS_V1_1.xml,10,3
CMW-None--SCGL-WECM-2025-08-31-CH_26-03-15__SCGL_PH0005031_307_20260412-BODS_V1_1.xml,11,4
CMW-None--SCGL-WECM-2025-08-31-CH_26-03-15__SCGL_PH0005031_307_20260412-BODS_V1_1.xml,12,3
CMW-None--SCGL-WECM-2025-08-31-CH_26-03-15__SCGL_PH0005031_307_20260412-BODS_V1_1.xml,13,4
CMW-None--SCGL-WECM-2025-08-31-CH_26-03-15__SCGL_PH0005031_307_20260412-BODS_V1_1.xml,14,4
CMW-None--SCGL-WECM-2025-08-31-CH_26-03-15__SCGL_PH0005031_307_20260412-BODS_V1_1.xml,15,3
CMW-None--SCGL-WECM-2025-08-31-CH_26-03-15__SCGL_PH0005031_307_20260412-BODS_V1_1.xml,16,3
CMW-None--SCGL-WECM-2025-08-31-CH_26-03-15__SCGL_PH0005031_307_20260412-BODS_V1_1.xml,17,4
CMW-None--SCGL-WECM-2025-08-31-CH_26-03-15__SCGL_PH0005031_307_20260412-BODS_V1_1.xml,18,4
CMW-None--SCGL-WECM-2025-08-31-CH_26-03-15__SCGL_PH0005031_307_20260526-BODS_V1_1.xml,6,2
CMW-None--SCGL-WECM-2025-08-31-CH_26-03-15__SCGL_PH0005031_307_20260526-BODS_V1_1.xml,7,4
CMW-None--SCGL-WECM-2025-08-31-CH_26-03-15__SCGL_PH0005031_307_20260526-BODS_V1_1.xml,8,4
CMW-None--SCGL-WECM-2025-08-31-CH_26-03-15__SCGL_PH0005031_307_20260526-BODS_V1_1.xml,9,4
CMW-None--SCGL-WECM-2025-08-31-CH_26-03-15__SCGL_PH0005031_307_20260526-BODS_V1_1.xml,10,3
CMW-None--SCGL-WECM-2025-08-31-CH_26-03-15__SCGL_PH0005031_307_20260526-BODS_V1_1.xml,11,4
CMW-None--SCGL-WECM-2025-08-31-CH_26-03-15__SCGL_PH0005031_307_20260526-BODS_V1_1.xml,12,3
CMW-None--SCGL-WECM-2025-08-31-CH_26-03-15__SCGL_PH0005031_307_20260526-BODS_V1_1.xml,13,4
CMW-None--SCGL-WECM-2025-08-31-CH_26-03-15__SCGL_PH0005031_307_20260526-BODS_V1_1.xml,14,4
CMW-None--SCGL-WECM-2025-08-31-CH_26-03-15__SCGL_PH0005031_307_20260526-BODS_V1_1.xml,15,3
CMW-None--SCGL-WECM-2025-08-31-CH_26-03-15__SCGL_PH0005031_307_20260526-BODS_V1_1.xml,16,3
CMW-None--SCGL-WECM-2025-08-31-CH_26-03-15__SCGL_PH0005031_307_20260526-BODS_V1_1.xml,17,4
CMW-None--SCGL-WECM-2025-08-31-CH_26-03-15__SCGL_PH0005031_307_20260526-BODS_V1_1.xml,18,4
CMW-None--SCGL-WECM-2025-08-31-CH_26-05-31_V3__SCGL_PH0005031_307_20260531-BODS_V1_1.xml,6,1
CMW-None--SCGL-WECM-2025-08-31-CH_26-05-31_V3__SCGL_PH0005031_307_20260531-BODS_V1_1.xml,7,4
CMW-None--SCGL-WECM-2025-08-31-CH_26-05-31_V3__SCGL_PH0005031_307_20260531-BODS_V1_1.xml,8,4
CMW-None--SCGL-WECM-2025-08-31-CH_26-05-31_V3__SCGL_PH0005031_307_20260531-BODS_V1_1.xml,9,1
CMW-None--SCGL-WECM-2025-08-31-CH_26-05-31_V3__SCGL_PH0005031_307_20260531-BODS_V1_1.xml,10,3
CMW-None--SCGL-WECM-2025-08-31-CH_26-05-31_V3__SCGL_PH0005031_307_20260531-BODS_V1_1.xml,11,3
CMW-None--SCGL-WECM-2025-08-31-CH_26-05-31_V3__SCGL_PH0005031_307_20260531-BODS_V1_1.xml,12,3
CMW-None--SCGL-WECM-2025-08-31-CH_26-05-31_V3__SCGL_PH0005031_307_20260531-BODS_V1_1.xml,13,3
CMW-None--SCGL-WECM-2025-08-31-CH_26-05-31_V3__SCGL_PH0005031_307_20260531-BODS_V1_1.xml,14,4
CMW-None--SCGL-WECM-2025-08-31-CH_26-05-31_V3__SCGL_PH0005031_307_20260531-BODS_V1_1.xml,15,2
CMW-None--SCGL-WECM-2025-08-31-CH_26-05-31_V3__SCGL_PH0005031_307_20260531-BODS_V1_1.xml,16,4
CMW-None--SCGL-WECM-2025-08-31-CH_26-05-31_V3__SCGL_PH0005031_307_20260531-BODS_V1_1.xml,17,4
CMW-None--SCGL-WECM-2025-08-31-CH_26-05-31_V3__SCGL_PH0005031_307_20260531-BODS_V1_1.xml,18,4
CMW-None--SCGL-WECM-2025-08-31-CH_26-05-31_V3__SCGL_PH0005031_307_20260531-BODS_V1_1.xml,19,2
Ca50-None--SSWL-WACA-2026-03-30-TaffsWellPlan260330_FinalV4_Proto__SSWL_PG0006630_189_20260411-BODS_V1_1.xml,6,4
Ca50-None--SSWL-WACA-2026-03-30-TaffsWellPlan260330_FinalV4_Proto__SSWL_PG0006630_189_20260411-BODS_V1_1.xml,7,8
Ca50-None--SSWL-WACA-2026-03-30-TaffsWellPlan260330_FinalV4_Proto__SSWL_PG0006630_189_20260411-BODS_V1_1.xml,8,7
Ca50-None--SSWL-WACA-2026-03-30-TaffsWellPlan260330_FinalV4_Proto__SSWL_PG0006630_189_20260411-BODS_V1_1.xml,9,11
Ca50-None--SSWL-WACA-2026-03-30-TaffsWellPlan260330_FinalV4_Proto__SSWL_PG0006630_189_20260411-BODS_V1_1.xml,10,8
Ca50-None--SSWL-WACA-2026-03-30-TaffsWellPlan260330_FinalV4_Proto__SSWL_PG0006630_189_20260411-BODS_V1_1.xml,11,10
Ca50-None--SSWL-WACA-2026-03-30-TaffsWellPlan260330_FinalV4_Proto__SSWL_PG0006630_189_20260411-BODS_V1_1.xml,12,8
Ca50-None--SSWL-WACA-2026-03-30-TaffsWellPlan260330_FinalV4_Proto__SSWL_PG0006630_189_20260411-BODS_V1_1.xml,13,10
Ca50-None--SSWL-WACA-2026-03-30-TaffsWellPlan260330_FinalV4_Proto__SSWL_PG0006630_189_20260411-BODS_V1_1.xml,14,8
Ca50-None--SSWL-WACA-2026-03-30-TaffsWellPlan260330_FinalV4_Proto__SSWL_PG0006630_189_20260411-BODS_V1_1.xml,15,10
Ca50-None--SSWL-WACA-2026-03-30-TaffsWellPlan260330_FinalV4_Proto__SSWL_PG0006630_189_20260411-BODS_V1_1.xml,16,8
Ca50-None--SSWL-WACA-2026-03-30-TaffsWellPlan260330_FinalV4_Proto__SSWL_PG0006630_189_20260411-BODS_V1_1.xml,17,7
Ca50-None--SSWL-WACA-2026-03-30-TaffsWellPlan260330_FinalV4_Proto__SSWL_PG0006630_189_20260411-BODS_V1_1.xml,18,9
Ca50-None--SSWL-WACA-2026-03-30-TaffsWellPlan260330_FinalV4_Proto__SSWL_PG0006630_189_20260411-BODS_V1_1.xml,19,4
Ca50-None--SSWL-WACA-2026-03-30-TaffsWellPlan260330_FinalV4_Proto__SSWL_PG0006630_189_20260411-BODS_V1_1.xml,20,4
Ca50-None--SSWL-WACA-2026-03-30-TaffsWellPlan260330_FinalV4_Proto__SSWL_PG0006630_189_20260411-BODS_V1_1.xml,21,4
Ca50-None--SSWL-WACA-2026-03-30-TaffsWellPlan260330_FinalV4_Proto__SSWL_PG0006630_189_20260411-BODS_V1_1.xml,22,4
Ca50-None--SSWL-WACA-2026-03-30-TaffsWellPlan260330_FinalV4_Proto__SSWL_PG0006630_189_20260411-BODS_V1_1.xml,23,2
Ca56-None--SSWL-WACA-2026-03-30-TaffsWellPlan260330_FinalV4_Proto__SSWL_PG0006630_180_20260411-BODS_V1_1.xml,5,1
Ca56-None--SSWL-WACA-2026-03-30-TaffsWellPlan260330_FinalV4_Proto__SSWL_PG0006630_180_20260411-BODS_V1_1.xml,6,7
Ca56-None--SSWL-WACA-2026-03-30-TaffsWellPlan260330_FinalV4_Proto__SSWL_PG0006630_180_20260411-BODS_V1_1.xml,7,7
Ca56-None--SSWL-WACA-2026-03-30-TaffsWellPlan260330_FinalV4_Proto__SSWL_PG0006630_180_20260411-BODS_V1_1.xml,8,8
Ca56-None--SSWL-WACA-2026-03-30-TaffsWellPlan260330_FinalV4_Proto__SSWL_PG0006630_180_20260411-BODS_V1_1.xml,9,9
Ca56-None--SSWL-WACA-2026-03-30-TaffsWellPlan260330_FinalV4_Proto__SSWL_PG0006630_180_20260411-BODS_V1_1.xml,10,11
Ca56-None--SSWL-WACA-2026-03-30-TaffsWellPlan260330_FinalV4_Proto__SSWL_PG0006630_180_20260411-BODS_V1_1.xml,11,9
Ca56-None--SSWL-WACA-2026-03-30-TaffsWellPlan260330_FinalV4_Proto__SSWL_PG0006630_180_20260411-BODS_V1_1.xml,12,11
Ca56-None--SSWL-WACA-2026-03-30-TaffsWellPlan260330_FinalV4_Proto__SSWL_PG0006630_180_20260411-BODS_V1_1.xml,13,9
Ca56-None--SSWL-WACA-2026-03-30-TaffsWellPlan260330_FinalV4_Proto__SSWL_PG0006630_180_20260411-BODS_V1_1.xml,14,11
Ca56-None--SSWL-WACA-2026-03-30-TaffsWellPlan260330_FinalV4_Proto__SSWL_PG0006630_180_20260411-BODS_V1_1.xml,15,9
Ca56-None--SSWL-WACA-2026-03-30-TaffsWellPlan260330_FinalV4_Proto__SSWL_PG0006630_180_20260411-BODS_V1_1.xml,16,9
Ca56-None--SSWL-WACA-2026-03-30-TaffsWellPlan260330_FinalV4_Proto__SSWL_PG0006630_180_20260411-BODS_V1_1.xml,17,9
Ca56-None--SSWL-WACA-2026-03-30-TaffsWellPlan260330_FinalV4_Proto__SSWL_PG0006630_180_20260411-BODS_V1_1.xml,18,5
Ca56-None--SSWL-WACA-2026-03-30-TaffsWellPlan260330_FinalV4_Proto__SSWL_PG0006630_180_20260411-BODS_V1_1.xml,19,5
Ca56-None--SSWL-WACA-2026-03-30-TaffsWellPlan260330_FinalV4_Proto__SSWL_PG0006630_180_20260411-BODS_V1_1.xml,20,4
Ca56-None--SSWL-WACA-2026-03-30-TaffsWellPlan260330_FinalV4_Proto__SSWL_PG0006630_180_20260411-BODS_V1_1.xml,21,4
Ca56-None--SSWL-WACA-2026-03-30-TaffsWellPlan260330_FinalV4_Proto__SSWL_PG0006630_180_20260411-BODS_V1_1.xml,22,4
Ca56-None--SSWL-WACA-2026-03-30-TaffsWellPlan260330_FinalV4_Proto__SSWL_PG0006630_180_20260411-BODS_V1_1.xml,23,2
Cw1-None--SSWL-WACW-2026-03-29-Cwmbran260329_Roster_New_Protocols__SSWL_PG0006630_85_20260413-BODS_V1_1.xml,6,2
Cw1-None--SSWL-WACW-2026-03-29-Cwmbran260329_Roster_New_Protocols__SSWL_PG0006630_85_20260413-BODS_V1_1.xml,7,7
Cw1-None--SSWL-WACW-2026-03-29-Cwmbran260329_Roster_New_Protocols__SSWL_PG0006630_85_20260413-BODS_V1_1.xml,8,7
Cw1-None--SSWL-WACW-2026-03-29-Cwmbran260329_Roster_New_Protocols__SSWL_PG0006630_85_20260413-BODS_V1_1.xml,9,10
Cw1-None--SSWL-WACW-2026-03-29-Cwmbran260329_Roster_New_Protocols__SSWL_PG0006630_85_20260413-BODS_V1_1.xml,10,11
Cw1-None--SSWL-WACW-2026-03-29-Cwmbran260329_Roster_New_Protocols__SSWL_PG0006630_85_20260413-BODS_V1_1.xml,11,11
Cw1-None--SSWL-WACW-2026-03-29-Cwmbran260329_Roster_New_Protocols__SSWL_PG0006630_85_20260413-BODS_V1_1.xml,12,11
Cw1-None--SSWL-WACW-2026-03-29-Cwmbran260329_Roster_New_Protocols__SSWL_PG0006630_85_20260413-BODS_V1_1.xml,13,11
Cw1-None--SSWL-WACW-2026-03-29-Cwmbran260329_Roster_New_Protocols__SSWL_PG0006630_85_20260413-BODS_V1_1.xml,14,9
Cw1-None--SSWL-WACW-2026-03-29-Cwmbran260329_Roster_New_Protocols__SSWL_PG0006630_85_20260413-BODS_V1_1.xml,15,9
Cw1-None--SSWL-WACW-2026-03-29-Cwmbran260329_Roster_New_Protocols__SSWL_PG0006630_85_20260413-BODS_V1_1.xml,16,9
Cw1-None--SSWL-WACW-2026-03-29-Cwmbran260329_Roster_New_Protocols__SSWL_PG0006630_85_20260413-BODS_V1_1.xml,17,8
Cw1-None--SSWL-WACW-2026-03-29-Cwmbran260329_Roster_New_Protocols__SSWL_PG0006630_85_20260413-BODS_V1_1.xml,18,7
Cw1-None--SSWL-WACW-2026-03-29-Cwmbran260329_Roster_New_Protocols__SSWL_PG0006630_85_20260413-BODS_V1_1.xml,19,4
Cw1-None--SSWL-WACW-2026-03-29-Cwmbran260329_Roster_New_Protocols__SSWL_PG0006630_85_20260413-BODS_V1_1.xml,20,2
Cw1-None--SSWL-WACW-2026-03-29-Cwmbran260329_Roster_New_Protocols__SSWL_PG0006630_85_20260413-BODS_V1_1.xml,21,2
Cw1-None--SSWL-WACW-2026-03-29-Cwmbran260329_Roster_New_Protocols__SSWL_PG0006630_85_20260413-BODS_V1_1.xml,22,2
Cw11-None--SSWL-WACW-2026-03-29-Cwmbran260329_Roster_New_Protocol__SSWL_PG0006630_349_20260413-BODS_V1_1.xml,6,6
Cw11-None--SSWL-WACW-2026-03-29-Cwmbran260329_Roster_New_Protocol__SSWL_PG0006630_349_20260413-BODS_V1_1.xml,7,5
Cw11-None--SSWL-WACW-2026-03-29-Cwmbran260329_Roster_New_Protocol__SSWL_PG0006630_349_20260413-BODS_V1_1.xml,8,10
Cw11-None--SSWL-WACW-2026-03-29-Cwmbran260329_Roster_New_Protocol__SSWL_PG0006630_349_20260413-BODS_V1_1.xml,9,8
Cw11-None--SSWL-WACW-2026-03-29-Cwmbran260329_Roster_New_Protocol__SSWL_PG0006630_349_20260413-BODS_V1_1.xml,10,8
Cw11-None--SSWL-WACW-2026-03-29-Cwmbran260329_Roster_New_Protocol__SSWL_PG0006630_349_20260413-BODS_V1_1.xml,11,8
Cw11-None--SSWL-WACW-2026-03-29-Cwmbran260329_Roster_New_Protocol__SSWL_PG0006630_349_20260413-BODS_V1_1.xml,12,8
Cw11-None--SSWL-WACW-2026-03-29-Cwmbran260329_Roster_New_Protocol__SSWL_PG0006630_349_20260413-BODS_V1_1.xml,13,8
Cw11-None--SSWL-WACW-2026-03-29-Cwmbran260329_Roster_New_Protocol__SSWL_PG0006630_349_20260413-BODS_V1_1.xml,14,8
Cw11-None--SSWL-WACW-2026-03-29-Cwmbran260329_Roster_New_Protocol__SSWL_PG0006630_349_20260413-BODS_V1_1.xml,15,8
Cw11-None--SSWL-WACW-2026-03-29-Cwmbran260329_Roster_New_Protocol__SSWL_PG0006630_349_20260413-BODS_V1_1.xml,16,8
Cw11-None--SSWL-WACW-2026-03-29-Cwmbran260329_Roster_New_Protocol__SSWL_PG0006630_349_20260413-BODS_V1_1.xml,17,6
Cw11-None--SSWL-WACW-2026-03-29-Cwmbran260329_Roster_New_Protocol__SSWL_PG0006630_349_20260413-BODS_V1_1.xml,18,2
Cw11-None--SSWL-WACW-2026-03-29-Cwmbran260329_Roster_New_Protocol__SSWL_PG0006630_349_20260413-BODS_V1_1.xml,19,2
Cw12-None--SSWL-WACW-2026-03-29-Cwmbran260329_Roster_New_Protocol__SSWL_PG0006630_359_20260413-BODS_V1_1.xml,8,2
Cw12-None--SSWL-WACW-2026-03-29-Cwmbran260329_Roster_New_Protocol__SSWL_PG0006630_359_20260413-BODS_V1_1.xml,9,4
Cw12-None--SSWL-WACW-2026-03-29-Cwmbran260329_Roster_New_Protocol__SSWL_PG0006630_359_20260413-BODS_V1_1.xml,10,4
Cw12-None--SSWL-WACW-2026-03-29-Cwmbran260329_Roster_New_Protocol__SSWL_PG0006630_359_20260413-BODS_V1_1.xml,11,4
Cw12-None--SSWL-WACW-2026-03-29-Cwmbran260329_Roster_New_Protocol__SSWL_PG0006630_359_20260413-BODS_V1_1.xml,12,4
Cw12-None--SSWL-WACW-2026-03-29-Cwmbran260329_Roster_New_Protocol__SSWL_PG0006630_359_20260413-BODS_V1_1.xml,13,4
Cw12-None--SSWL-WACW-2026-03-29-Cwmbran260329_Roster_New_Protocol__SSWL_PG0006630_359_20260413-BODS_V1_1.xml,14,4
Cw12-None--SSWL-WACW-2026-03-29-Cwmbran260329_Roster_New_Protocol__SSWL_PG0006630_359_20260413-BODS_V1_1.xml,15,4
Cw12-None--SSWL-WACW-2026-03-29-Cwmbran260329_Roster_New_Protocol__SSWL_PG0006630_359_20260413-BODS_V1_1.xml,16,4
Cw12-None--SSWL-WACW-2026-03-29-Cwmbran260329_Roster_New_Protocol__SSWL_PG0006630_359_20260413-BODS_V1_1.xml,17,4
Cw12-None--SSWL-WACW-2026-03-29-Cwmbran260329_Roster_New_Protocol__SSWL_PG0006630_359_20260413-BODS_V1_1.xml,18,2
Cw2-None--SSWL-WACW-2026-03-29-Cwmbran260329_Roster_New_Protocols__SSWL_PG0006630_22_20260413-BODS_V1_1.xml,6,2
Cw2-None--SSWL-WACW-2026-03-29-Cwmbran260329_Roster_New_Protocols__SSWL_PG0006630_22_20260413-BODS_V1_1.xml,7,4
Cw2-None--SSWL-WACW-2026-03-29-Cwmbran260329_Roster_New_Protocols__SSWL_PG0006630_22_20260413-BODS_V1_1.xml,8,4
Cw2-None--SSWL-WACW-2026-03-29-Cwmbran260329_Roster_New_Protocols__SSWL_PG0006630_22_20260413-BODS_V1_1.xml,9,4
Cw2-None--SSWL-WACW-2026-03-29-Cwmbran260329_Roster_New_Protocols__SSWL_PG0006630_22_20260413-BODS_V1_1.xml,10,4
Cw2-None--SSWL-WACW-2026-03-29-Cwmbran260329_Roster_New_Protocols__SSWL_PG0006630_22_20260413-BODS_V1_1.xml,11,4
Cw2-None--SSWL-WACW-2026-03-29-Cwmbran260329_Roster_New_Protocols__SSWL_PG0006630_22_20260413-BODS_V1_1.xml,12,4
Cw2-None--SSWL-WACW-2026-03-29-Cwmbran260329_Roster_New_Protocols__SSWL_PG0006630_22_20260413-BODS_V1_1.xml,13,4
Cw2-None--SSWL-WACW-2026-03-29-Cwmbran260329_Roster_New_Protocols__SSWL_PG0006630_22_20260413-BODS_V1_1.xml,14,4
Cw2-None--SSWL-WACW-2026-03-29-Cwmbran260329_Roster_New_Protocols__SSWL_PG0006630_22_20260413-BODS_V1_1.xml,15,4
Cw2-None--SSWL-WACW-2026-03-29-Cwmbran260329_Roster_New_Protocols__SSWL_PG0006630_22_20260413-BODS_V1_1.xml,16,4
Cw2-None--SSWL-WACW-2026-03-29-Cwmbran260329_Roster_New_Protocols__SSWL_PG0006630_22_20260413-BODS_V1_1.xml,17,3
Cw2-None--SSWL-WACW-2026-03-29-Cwmbran260329_Roster_New_Protocols__SSWL_PG0006630_22_20260413-BODS_V1_1.xml,18,3
Cw5-None--SSWL-WACW-2026-03-29-Cwmbran260329_Roster_New_Protocols__SSWL_PG0006630_86_20260413-BODS_V1_1.xml,6,2
Cw5-None--SSWL-WACW-2026-03-29-Cwmbran260329_Roster_New_Protocols__SSWL_PG0006630_86_20260413-BODS_V1_1.xml,7,6
Cw5-None--SSWL-WACW-2026-03-29-Cwmbran260329_Roster_New_Protocols__SSWL_PG0006630_86_20260413-BODS_V1_1.xml,8,7
Cw5-None--SSWL-WACW-2026-03-29-Cwmbran260329_Roster_New_Protocols__SSWL_PG0006630_86_20260413-BODS_V1_1.xml,9,9
Cw5-None--SSWL-WACW-2026-03-29-Cwmbran260329_Roster_New_Protocols__SSWL_PG0006630_86_20260413-BODS_V1_1.xml,10,10
Cw5-None--SSWL-WACW-2026-03-29-Cwmbran260329_Roster_New_Protocols__SSWL_PG0006630_86_20260413-BODS_V1_1.xml,11,10
Cw5-None--SSWL-WACW-2026-03-29-Cwmbran260329_Roster_New_Protocols__SSWL_PG0006630_86_20260413-BODS_V1_1.xml,12,10
Cw5-None--SSWL-WACW-2026-03-29-Cwmbran260329_Roster_New_Protocols__SSWL_PG0006630_86_20260413-BODS_V1_1.xml,13,10
Cw5-None--SSWL-WACW-2026-03-29-Cwmbran260329_Roster_New_Protocols__SSWL_PG0006630_86_20260413-BODS_V1_1.xml,14,9
Cw5-None--SSWL-WACW-2026-03-29-Cwmbran260329_Roster_New_Protocols__SSWL_PG0006630_86_20260413-BODS_V1_1.xml,15,7
Cw5-None--SSWL-WACW-2026-03-29-Cwmbran260329_Roster_New_Protocols__SSWL_PG0006630_86_20260413-BODS_V1_1.xml,16,8
Cw5-None--SSWL-WACW-2026-03-29-Cwmbran260329_Roster_New_Protocols__SSWL_PG0006630_86_20260413-BODS_V1_1.xml,17,6
Cw5-None--SSWL-WACW-2026-03-29-Cwmbran260329_Roster_New_Protocols__SSWL_PG0006630_86_20260413-BODS_V1_1.xml,18,5
Cw6-None--SSWL-WACW-2026-03-29-Cwmbran260329_Roster_New_Protocols__SSWL_PG0006630_76_20260413-BODS_V1_1.xml,6,4
Cw6-None--SSWL-WACW-2026-03-29-Cwmbran260329_Roster_New_Protocols__SSWL_PG0006630_76_20260413-BODS_V1_1.xml,7,5
Cw6-None--SSWL-WACW-2026-03-29-Cwmbran260329_Roster_New_Protocols__SSWL_PG0006630_76_20260413-BODS_V1_1.xml,8,7
Cw6-None--SSWL-WACW-2026-03-29-Cwmbran260329_Roster_New_Protocols__SSWL_PG0006630_76_20260413-BODS_V1_1.xml,9,8
Cw6-None--SSWL-WACW-2026-03-29-Cwmbran260329_Roster_New_Protocols__SSWL_PG0006630_76_20260413-BODS_V1_1.xml,10,9
Cw6-None--SSWL-WACW-2026-03-29-Cwmbran260329_Roster_New_Protocols__SSWL_PG0006630_76_20260413-BODS_V1_1.xml,11,9
Cw6-None--SSWL-WACW-2026-03-29-Cwmbran260329_Roster_New_Protocols__SSWL_PG0006630_76_20260413-BODS_V1_1.xml,12,9
Cw6-None--SSWL-WACW-2026-03-29-Cwmbran260329_Roster_New_Protocols__SSWL_PG0006630_76_20260413-BODS_V1_1.xml,13,9
Cw6-None--SSWL-WACW-2026-03-29-Cwmbran260329_Roster_New_Protocols__SSWL_PG0006630_76_20260413-BODS_V1_1.xml,14,7
Cw6-None--SSWL-WACW-2026-03-29-Cwmbran260329_Roster_New_Protocols__SSWL_PG0006630_76_20260413-BODS_V1_1.xml,15,7
Cw6-None--SSWL-WACW-2026-03-29-Cwmbran260329_Roster_New_Protocols__SSWL_PG0006630_76_20260413-BODS_V1_1.xml,16,7
Cw6-None--SSWL-WACW-2026-03-29-Cwmbran260329_Roster_New_Protocols__SSWL_PG0006630_76_20260413-BODS_V1_1.xml,17,6
Cw6-None--SSWL-WACW-2026-03-29-Cwmbran260329_Roster_New_Protocols__SSWL_PG0006630_76_20260413-BODS_V1_1.xml,18,4
Cw6-None--SSWL-WACW-2026-03-29-Cwmbran260329_Roster_New_Protocols__SSWL_PG0006630_76_20260413-BODS_V1_1.xml,19,2
Cw6-None--SSWL-WACW-2026-03-29-Cwmbran260329_Roster_New_Protocols__SSWL_PG0006630_76_20260413-BODS_V1_1.xml,20,2
Cw6-None--SSWL-WACW-2026-03-29-Cwmbran260329_Roster_New_Protocols__SSWL_PG0006630_76_20260413-BODS_V1_1.xml,21,2
Cw6-None--SSWL-WACW-2026-03-29-Cwmbran260329_Roster_New_Protocols__SSWL_PG0006630_76_20260413-BODS_V1_1.xml,22,2
Cw6-None--SSWL-WACW-2026-03-29-Cwmbran260329_Roster_New_Protocols__SSWL_PG0006630_76_20260413-BODS_V1_1.xml,23,2
Cw7-None--SSWL-WACW-2026-03-29-Cwmbran260329_Roster_New_Protocols__SSWL_PG0006630_74_20260413-BODS_V1_1.xml,6,2
Cw7-None--SSWL-WACW-2026-03-29-Cwmbran260329_Roster_New_Protocols__SSWL_PG0006630_74_20260413-BODS_V1_1.xml,7,4
Cw7-None--SSWL-WACW-2026-03-29-Cwmbran260329_Roster_New_Protocols__SSWL_PG0006630_74_20260413-BODS_V1_1.xml,8,5
Cw7-None--SSWL-WACW-2026-03-29-Cwmbran260329_Roster_New_Protocols__SSWL_PG0006630_74_20260413-BODS_V1_1.xml,9,7
Cw7-None--SSWL-WACW-2026-03-29-Cwmbran260329_Roster_New_Protocols__SSWL_PG0006630_74_20260413-BODS_V1_1.xml,10,7
Cw7-None--SSWL-WACW-2026-03-29-Cwmbran260329_Roster_New_Protocols__SSWL_PG0006630_74_20260413-BODS_V1_1.xml,11,7
Cw7-None--SSWL-WACW-2026-03-29-Cwmbran260329_Roster_New_Protocols__SSWL_PG0006630_74_20260413-BODS_V1_1.xml,12,7
Cw7-None--SSWL-WACW-2026-03-29-Cwmbran260329_Roster_New_Protocols__SSWL_PG0006630_74_20260413-BODS_V1_1.xml,13,7
Cw7-None--SSWL-WACW-2026-03-29-Cwmbran260329_Roster_New_Protocols__SSWL_PG0006630_74_20260413-BODS_V1_1.xml,14,6
Cw7-None--SSWL-WACW-2026-03-29-Cwmbran260329_Roster_New_Protocols__SSWL_PG0006630_74_20260413-BODS_V1_1.xml,15,5
Cw7-None--SSWL-WACW-2026-03-29-Cwmbran260329_Roster_New_Protocols__SSWL_PG0006630_74_20260413-BODS_V1_1.xml,16,5
Cw7-None--SSWL-WACW-2026-03-29-Cwmbran260329_Roster_New_Protocols__SSWL_PG0006630_74_20260413-BODS_V1_1.xml,17,4
Cw7-None--SSWL-WACW-2026-03-29-Cwmbran260329_Roster_New_Protocols__SSWL_PG0006630_74_20260413-BODS_V1_1.xml,18,4
Cw9-None--SSWL-WACW-2026-03-29-Cwmbran260329_Roster_New_Protocols__SSWL_PG0006630_351_20260413-BODS_V1_1.xml,10,2
Cw9-None--SSWL-WACW-2026-03-29-Cwmbran260329_Roster_New_Protocols__SSWL_PG0006630_351_20260413-BODS_V1_1.xml,11,2
Cw9-None--SSWL-WACW-2026-03-29-Cwmbran260329_Roster_New_Protocols__SSWL_PG0006630_351_20260413-BODS_V1_1.xml,12,2
Cw9-None--SSWL-WACW-2026-03-29-Cwmbran260329_Roster_New_Protocols__SSWL_PG0006630_351_20260413-BODS_V1_1.xml,13,2
Cw9-None--SSWL-WACW-2026-03-29-Cwmbran260329_Roster_New_Protocols__SSWL_PG0006630_351_20260413-BODS_V1_1.xml,14,2
D-None--SSWL-WACA-2026-03-30-TaffsWellPlan260330_FinalV4_Protocl__SSWL_PG0006630_185_20260411-BODS_V1_1.xml,7,2
D-None--SSWL-WACA-2026-03-30-TaffsWellPlan260330_FinalV4_Protocl__SSWL_PG0006630_185_20260411-BODS_V1_1.xml,8,2
D-None--SSWL-WACA-2026-03-30-TaffsWellPlan260330_FinalV4_Protocl__SSWL_PG0006630_185_20260411-BODS_V1_1.xml,9,2
D-None--SSWL-WACA-2026-03-30-TaffsWellPlan260330_FinalV4_Protocl__SSWL_PG0006630_185_20260411-BODS_V1_1.xml,10,2
D-None--SSWL-WACA-2026-03-30-TaffsWellPlan260330_FinalV4_Protocl__SSWL_PG0006630_185_20260411-BODS_V1_1.xml,11,2
D-None--SSWL-WACA-2026-03-30-TaffsWellPlan260330_FinalV4_Protocl__SSWL_PG0006630_185_20260411-BODS_V1_1.xml,12,2
D-None--SSWL-WACA-2026-03-30-TaffsWellPlan260330_FinalV4_Protocl__SSWL_PG0006630_185_20260411-BODS_V1_1.xml,13,2
D-None--SSWL-WACA-2026-03-30-TaffsWellPlan260330_FinalV4_Protocl__SSWL_PG0006630_185_20260411-BODS_V1_1.xml,14,2
D-None--SSWL-WACA-2026-03-30-TaffsWellPlan260330_FinalV4_Protocl__SSWL_PG0006630_185_20260411-BODS_V1_1.xml,15,2
D-None--SSWL-WACA-2026-03-30-TaffsWellPlan260330_FinalV4_Protocl__SSWL_PG0006630_185_20260411-BODS_V1_1.xml,16,2
D2-None--SCNH-Northampton_-2024-11-25-SCHEDULE_-_NN260503_v4_bods__SCNH_PF1118394_219_20260503-BODS_V1_1.xml,6,2
D2-None--SCNH-Northampton_-2024-11-25-SCHEDULE_-_NN260503_v4_bods__SCNH_PF1118394_219_20260503-BODS_V1_1.xml,7,5
D2-None--SCNH-Northampton_-2024-11-25-SCHEDULE_-_NN260503_v4_bods__SCNH_PF1118394_219_20260503-BODS_V1_1.xml,8,5
D2-None--SCNH-Northampton_-2024-11-25-SCHEDULE_-_NN260503_v4_bods__SCNH_PF1118394_219_20260503-BODS_V1_1.xml,9,4
D2-None--SCNH-Northampton_-2024-11-25-SCHEDULE_-_NN260503_v4_bods__SCNH_PF1118394_219_20260503-BODS_V1_1.xml,10,6
D2-None--SCNH-Northampton_-2024-11-25-SCHEDULE_-_NN260503_v4_bods__SCNH_PF1118394_219_20260503-BODS_V1_1.xml,11,4
D2-None--SCNH-Northampton_-2024-11-25-SCHEDULE_-_NN260503_v4_bods__SCNH_PF1118394_219_20260503-BODS_V1_1.xml,12,6
D2-None--SCNH-Northampton_-2024-11-25-SCHEDULE_-_NN260503_v4_bods__SCNH_PF1118394_219_20260503-BODS_V1_1.xml,13,4
D2-None--SCNH-Northampton_-2024-11-25-SCHEDULE_-_NN260503_v4_bods__SCNH_PF1118394_219_20260503-BODS_V1_1.xml,14,6
D2-None--SCNH-Northampton_-2024-11-25-SCHEDULE_-_NN260503_v4_bods__SCNH_PF1118394_219_20260503-BODS_V1_1.xml,15,4
D2-None--SCNH-Northampton_-2024-11-25-SCHEDULE_-_NN260503_v4_bods__SCNH_PF1118394_219_20260503-BODS_V1_1.xml,16,6
D2-None--SCNH-Northampton_-2024-11-25-SCHEDULE_-_NN260503_v4_bods__SCNH_PF1118394_219_20260503-BODS_V1_1.xml,17,4
D2-None--SCNH-Northampton_-2024-11-25-SCHEDULE_-_NN260503_v4_bods__SCNH_PF1118394_219_20260503-BODS_V1_1.xml,18,5
D2-None--SCNH-Northampton_-2024-11-25-SCHEDULE_-_NN260503_v4_bods__SCNH_PF1118394_219_20260503-BODS_V1_1.xml,19,3
D2-None--SCNH-Northampton_-2024-11-25-SCHEDULE_-_NN260503_v4_bods__SCNH_PF1118394_219_20260503-BODS_V1_1.xml,20,3
D2-None--SCNH-Northampton_-2024-11-25-SCHEDULE_-_NN260503_v4_bods__SCNH_PF1118394_219_20260503-BODS_V1_1.xml,21,5
D2-None--SCNH-Northampton_-2024-11-25-SCHEDULE_-_NN260503_v4_bods__SCNH_PF1118394_219_20260503-BODS_V1_1.xml,22,5
D2-None--SCNH-Northampton_-2024-11-25-SCHEDULE_-_NN260503_v4_bods__SCNH_PF1118394_219_20260503-BODS_V1_1.xml,23,4
D3-None--SCNH-Northampton_-2024-11-25-SCHEDULE_-_NN260503_v4_bods__SCNH_PF1118394_220_20260503-BODS_V1_1.xml,5,1
D3-None--SCNH-Northampton_-2024-11-25-SCHEDULE_-_NN260503_v4_bods__SCNH_PF1118394_220_20260503-BODS_V1_1.xml,6,2
D3-None--SCNH-Northampton_-2024-11-25-SCHEDULE_-_NN260503_v4_bods__SCNH_PF1118394_220_20260503-BODS_V1_1.xml,7,5
D3-None--SCNH-Northampton_-2024-11-25-SCHEDULE_-_NN260503_v4_bods__SCNH_PF1118394_220_20260503-BODS_V1_1.xml,8,5
D3-None--SCNH-Northampton_-2024-11-25-SCHEDULE_-_NN260503_v4_bods__SCNH_PF1118394_220_20260503-BODS_V1_1.xml,9,5
D3-None--SCNH-Northampton_-2024-11-25-SCHEDULE_-_NN260503_v4_bods__SCNH_PF1118394_220_20260503-BODS_V1_1.xml,10,5
D3-None--SCNH-Northampton_-2024-11-25-SCHEDULE_-_NN260503_v4_bods__SCNH_PF1118394_220_20260503-BODS_V1_1.xml,11,5
D3-None--SCNH-Northampton_-2024-11-25-SCHEDULE_-_NN260503_v4_bods__SCNH_PF1118394_220_20260503-BODS_V1_1.xml,12,5
D3-None--SCNH-Northampton_-2024-11-25-SCHEDULE_-_NN260503_v4_bods__SCNH_PF1118394_220_20260503-BODS_V1_1.xml,13,5
D3-None--SCNH-Northampton_-2024-11-25-SCHEDULE_-_NN260503_v4_bods__SCNH_PF1118394_220_20260503-BODS_V1_1.xml,14,5
D3-None--SCNH-Northampton_-2024-11-25-SCHEDULE_-_NN260503_v4_bods__SCNH_PF1118394_220_20260503-BODS_V1_1.xml,15,5
D3-None--SCNH-Northampton_-2024-11-25-SCHEDULE_-_NN260503_v4_bods__SCNH_PF1118394_220_20260503-BODS_V1_1.xml,16,5
D3-None--SCNH-Northampton_-2024-11-25-SCHEDULE_-_NN260503_v4_bods__SCNH_PF1118394_220_20260503-BODS_V1_1.xml,17,5
D3-None--SCNH-Northampton_-2024-11-25-SCHEDULE_-_NN260503_v4_bods__SCNH_PF1118394_220_20260503-BODS_V1_1.xml,18,5
D3-None--SCNH-Northampton_-2024-11-25-SCHEDULE_-_NN260503_v4_bods__SCNH_PF1118394_220_20260503-BODS_V1_1.xml,19,2
D3-None--SCNH-Northampton_-2024-11-25-SCHEDULE_-_NN260503_v4_bods__SCNH_PF1118394_220_20260503-BODS_V1_1.xml,20,3
D4-None--SCNH-Northampton_-2024-11-25-SCHEDULE_-_NN260503_v4_bods__SCNH_PF1118394_231_20260503-BODS_V1_1.xml,6,3
D4-None--SCNH-Northampton_-2024-11-25-SCHEDULE_-_NN260503_v4_bods__SCNH_PF1118394_231_20260503-BODS_V1_1.xml,7,3
D4-None--SCNH-Northampton_-2024-11-25-SCHEDULE_-_NN260503_v4_bods__SCNH_PF1118394_231_20260503-BODS_V1_1.xml,8,5
D4-None--SCNH-Northampton_-2024-11-25-SCHEDULE_-_NN260503_v4_bods__SCNH_PF1118394_231_20260503-BODS_V1_1.xml,9,4
D4-None--SCNH-Northampton_-2024-11-25-SCHEDULE_-_NN260503_v4_bods__SCNH_PF1118394_231_20260503-BODS_V1_1.xml,10,4
D4-None--SCNH-Northampton_-2024-11-25-SCHEDULE_-_NN260503_v4_bods__SCNH_PF1118394_231_20260503-BODS_V1_1.xml,11,4
D4-None--SCNH-Northampton_-2024-11-25-SCHEDULE_-_NN260503_v4_bods__SCNH_PF1118394_231_20260503-BODS_V1_1.xml,12,4
D4-None--SCNH-Northampton_-2024-11-25-SCHEDULE_-_NN260503_v4_bods__SCNH_PF1118394_231_20260503-BODS_V1_1.xml,13,4
D4-None--SCNH-Northampton_-2024-11-25-SCHEDULE_-_NN260503_v4_bods__SCNH_PF1118394_231_20260503-BODS_V1_1.xml,14,4
D4-None--SCNH-Northampton_-2024-11-25-SCHEDULE_-_NN260503_v4_bods__SCNH_PF1118394_231_20260503-BODS_V1_1.xml,15,4
D4-None--SCNH-Northampton_-2024-11-25-SCHEDULE_-_NN260503_v4_bods__SCNH_PF1118394_231_20260503-BODS_V1_1.xml,16,4
D4-None--SCNH-Northampton_-2024-11-25-SCHEDULE_-_NN260503_v4_bods__SCNH_PF1118394_231_20260503-BODS_V1_1.xml,17,3
D4-None--SCNH-Northampton_-2024-11-25-SCHEDULE_-_NN260503_v4_bods__SCNH_PF1118394_231_20260503-BODS_V1_1.xml,18,3
D4-None--SCNH-Northampton_-2024-11-25-SCHEDULE_-_NN260503_v4_bods__SCNH_PF1118394_231_20260503-BODS_V1_1.xml,19,3
D5-None--SCNH-Northampton_-2024-11-25-SCHEDULE_-_NN260503_v4_bods__SCNH_PF1118394_221_20260503-BODS_V1_1.xml,7,2
D5-None--SCNH-Northampton_-2024-11-25-SCHEDULE_-_NN260503_v4_bods__SCNH_PF1118394_221_20260503-BODS_V1_1.xml,8,2
D5-None--SCNH-Northampton_-2024-11-25-SCHEDULE_-_NN260503_v4_bods__SCNH_PF1118394_221_20260503-BODS_V1_1.xml,9,3
D5-None--SCNH-Northampton_-2024-11-25-SCHEDULE_-_NN260503_v4_bods__SCNH_PF1118394_221_20260503-BODS_V1_1.xml,10,2
D5-None--SCNH-Northampton_-2024-11-25-SCHEDULE_-_NN260503_v4_bods__SCNH_PF1118394_221_20260503-BODS_V1_1.xml,11,3
D5-None--SCNH-Northampton_-2024-11-25-SCHEDULE_-_NN260503_v4_bods__SCNH_PF1118394_221_20260503-BODS_V1_1.xml,12,2
D5-None--SCNH-Northampton_-2024-11-25-SCHEDULE_-_NN260503_v4_bods__SCNH_PF1118394_221_20260503-BODS_V1_1.xml,13,3
D5-None--SCNH-Northampton_-2024-11-25-SCHEDULE_-_NN260503_v4_bods__SCNH_PF1118394_221_20260503-BODS_V1_1.xml,14,2
D5-None--SCNH-Northampton_-2024-11-25-SCHEDULE_-_NN260503_v4_bods__SCNH_PF1118394_221_20260503-BODS_V1_1.xml,15,3
D5-None--SCNH-Northampton_-2024-11-25-SCHEDULE_-_NN260503_v4_bods__SCNH_PF1118394_221_20260503-BODS_V1_1.xml,16,2
D5-None--SCNH-Northampton_-2024-11-25-SCHEDULE_-_NN260503_v4_bods__SCNH_PF1118394_221_20260503-BODS_V1_1.xml,17,3
D5-None--SCNH-Northampton_-2024-11-25-SCHEDULE_-_NN260503_v4_bods__SCNH_PF1118394_221_20260503-BODS_V1_1.xml,18,2
D5-None--SCNH-Northampton_-2024-11-25-SCHEDULE_-_NN260503_v4_bods__SCNH_PF1118394_221_20260503-BODS_V1_1.xml,19,3
D5-None--SCNH-Northampton_-2024-11-25-SCHEDULE_-_NN260503_v4_bods__SCNH_PF1118394_221_20260503-BODS_V1_1.xml,20,1
D6-None--SCNH-Northampton_-2024-11-25-SCHEDULE_-_NN260503_v4_bods__SCNH_PF1118394_222_20260503-BODS_V1_1.xml,6,2
D6-None--SCNH-Northampton_-2024-11-25-SCHEDULE_-_NN260503_v4_bods__SCNH_PF1118394_222_20260503-BODS_V1_1.xml,7,2
D6-None--SCNH-Northampton_-2024-11-25-SCHEDULE_-_NN260503_v4_bods__SCNH_PF1118394_222_20260503-BODS_V1_1.xml,8,3
D6-None--SCNH-Northampton_-2024-11-25-SCHEDULE_-_NN260503_v4_bods__SCNH_PF1118394_222_20260503-BODS_V1_1.xml,9,3
D6-None--SCNH-Northampton_-2024-11-25-SCHEDULE_-_NN260503_v4_bods__SCNH_PF1118394_222_20260503-BODS_V1_1.xml,10,3
D6-None--SCNH-Northampton_-2024-11-25-SCHEDULE_-_NN260503_v4_bods__SCNH_PF1118394_222_20260503-BODS_V1_1.xml,11,3
D6-None--SCNH-Northampton_-2024-11-25-SCHEDULE_-_NN260503_v4_bods__SCNH_PF1118394_222_20260503-BODS_V1_1.xml,12,3
D6-None--SCNH-Northampton_-2024-11-25-SCHEDULE_-_NN260503_v4_bods__SCNH_PF1118394_222_20260503-BODS_V1_1.xml,13,3
D6-None--SCNH-Northampton_-2024-11-25-SCHEDULE_-_NN260503_v4_bods__SCNH_PF1118394_222_20260503-BODS_V1_1.xml,14,3
D6-None--SCNH-Northampton_-2024-11-25-SCHEDULE_-_NN260503_v4_bods__SCNH_PF1118394_222_20260503-BODS_V1_1.xml,15,3
D6-None--SCNH-Northampton_-2024-11-25-SCHEDULE_-_NN260503_v4_bods__SCNH_PF1118394_222_20260503-BODS_V1_1.xml,16,3
D6-None--SCNH-Northampton_-2024-11-25-SCHEDULE_-_NN260503_v4_bods__SCNH_PF1118394_222_20260503-BODS_V1_1.xml,17,2
D6-None--SCNH-Northampton_-2024-11-25-SCHEDULE_-_NN260503_v4_bods__SCNH_PF1118394_222_20260503-BODS_V1_1.xml,18,3
D6-None--SCNH-Northampton_-2024-11-25-SCHEDULE_-_NN260503_v4_bods__SCNH_PF1118394_222_20260503-BODS_V1_1.xml,19,2
D7-None--SCNH-Northampton_-2024-11-25-SCHEDULE_-_NN260503_v4_bods__SCNH_PF1118394_246_20260503-BODS_V1_1.xml,6,1
D7-None--SCNH-Northampton_-2024-11-25-SCHEDULE_-_NN260503_v4_bods__SCNH_PF1118394_246_20260503-BODS_V1_1.xml,7,2
D7-None--SCNH-Northampton_-2024-11-25-SCHEDULE_-_NN260503_v4_bods__SCNH_PF1118394_246_20260503-BODS_V1_1.xml,8,2
D7-None--SCNH-Northampton_-2024-11-25-SCHEDULE_-_NN260503_v4_bods__SCNH_PF1118394_246_20260503-BODS_V1_1.xml,9,2
D7-None--SCNH-Northampton_-2024-11-25-SCHEDULE_-_NN260503_v4_bods__SCNH_PF1118394_246_20260503-BODS_V1_1.xml,10,2
D7-None--SCNH-Northampton_-2024-11-25-SCHEDULE_-_NN260503_v4_bods__SCNH_PF1118394_246_20260503-BODS_V1_1.xml,11,2
D7-None--SCNH-Northampton_-2024-11-25-SCHEDULE_-_NN260503_v4_bods__SCNH_PF1118394_246_20260503-BODS_V1_1.xml,12,2
D7-None--SCNH-Northampton_-2024-11-25-SCHEDULE_-_NN260503_v4_bods__SCNH_PF1118394_246_20260503-BODS_V1_1.xml,13,2
D7-None--SCNH-Northampton_-2024-11-25-SCHEDULE_-_NN260503_v4_bods__SCNH_PF1118394_246_20260503-BODS_V1_1.xml,14,2
D7-None--SCNH-Northampton_-2024-11-25-SCHEDULE_-_NN260503_v4_bods__SCNH_PF1118394_246_20260503-BODS_V1_1.xml,15,2
D7-None--SCNH-Northampton_-2024-11-25-SCHEDULE_-_NN260503_v4_bods__SCNH_PF1118394_246_20260503-BODS_V1_1.xml,16,2
D7-None--SCNH-Northampton_-2024-11-25-SCHEDULE_-_NN260503_v4_bods__SCNH_PF1118394_246_20260503-BODS_V1_1.xml,17,2
D7-None--SCNH-Northampton_-2024-11-25-SCHEDULE_-_NN260503_v4_bods__SCNH_PF1118394_246_20260503-BODS_V1_1.xml,18,2
D7-None--SCNH-Northampton_-2024-11-25-SCHEDULE_-_NN260503_v4_bods__SCNH_PF1118394_246_20260503-BODS_V1_1.xml,19,2
E-None--SSWL-WACA-2026-03-30-TaffsWellPlan260330_FinalV4_Protocl__SSWL_PG0006630_186_20260411-BODS_V1_1.xml,8,2
E-None--SSWL-WACA-2026-03-30-TaffsWellPlan260330_FinalV4_Protocl__SSWL_PG0006630_186_20260411-BODS_V1_1.xml,9,4
E-None--SSWL-WACA-2026-03-30-TaffsWellPlan260330_FinalV4_Protocl__SSWL_PG0006630_186_20260411-BODS_V1_1.xml,10,4
E-None--SSWL-WACA-2026-03-30-TaffsWellPlan260330_FinalV4_Protocl__SSWL_PG0006630_186_20260411-BODS_V1_1.xml,11,4
E-None--SSWL-WACA-2026-03-30-TaffsWellPlan260330_FinalV4_Protocl__SSWL_PG0006630_186_20260411-BODS_V1_1.xml,12,4
E-None--SSWL-WACA-2026-03-30-TaffsWellPlan260330_FinalV4_Protocl__SSWL_PG0006630_186_20260411-BODS_V1_1.xml,13,4
E-None--SSWL-WACA-2026-03-30-TaffsWellPlan260330_FinalV4_Protocl__SSWL_PG0006630_186_20260411-BODS_V1_1.xml,14,4
E-None--SSWL-WACA-2026-03-30-TaffsWellPlan260330_FinalV4_Protocl__SSWL_PG0006630_186_20260411-BODS_V1_1.xml,15,4
E-None--SSWL-WACA-2026-03-30-TaffsWellPlan260330_FinalV4_Protocl__SSWL_PG0006630_186_20260411-BODS_V1_1.xml,16,4
E-None--SSWL-WACA-2026-03-30-TaffsWellPlan260330_FinalV4_Protocl__SSWL_PG0006630_186_20260411-BODS_V1_1.xml,17,2
E11-None--SCNH-Nuneaton-2024-02-10-NU260411_BODS__SCNH_PD0000479_400_20260411-BODS_V1_1.xml,6,2
E11-None--SCNH-Nuneaton-2024-02-10-NU260411_BODS__SCNH_PD0000479_400_20260411-BODS_V1_1.xml,7,8
E11-None--SCNH-Nuneaton-2024-02-10-NU260411_BODS__SCNH_PD0000479_400_20260411-BODS_V1_1.xml,8,8
E11-None--SCNH-Nuneaton-2024-02-10-NU260411_BODS__SCNH_PD0000479_400_20260411-BODS_V1_1.xml,9,8
E11-None--SCNH-Nuneaton-2024-02-10-NU260411_BODS__SCNH_PD0000479_400_20260411-BODS_V1_1.xml,10,8
E11-None--SCNH-Nuneaton-2024-02-10-NU260411_BODS__SCNH_PD0000479_400_20260411-BODS_V1_1.xml,11,8
E11-None--SCNH-Nuneaton-2024-02-10-NU260411_BODS__SCNH_PD0000479_400_20260411-BODS_V1_1.xml,12,8
E11-None--SCNH-Nuneaton-2024-02-10-NU260411_BODS__SCNH_PD0000479_400_20260411-BODS_V1_1.xml,13,8
E11-None--SCNH-Nuneaton-2024-02-10-NU260411_BODS__SCNH_PD0000479_400_20260411-BODS_V1_1.xml,14,8
E11-None--SCNH-Nuneaton-2024-02-10-NU260411_BODS__SCNH_PD0000479_400_20260411-BODS_V1_1.xml,15,8
E11-None--SCNH-Nuneaton-2024-02-10-NU260411_BODS__SCNH_PD0000479_400_20260411-BODS_V1_1.xml,16,8
E11-None--SCNH-Nuneaton-2024-02-10-NU260411_BODS__SCNH_PD0000479_400_20260411-BODS_V1_1.xml,17,8
E11-None--SCNH-Nuneaton-2024-02-10-NU260411_BODS__SCNH_PD0000479_400_20260411-BODS_V1_1.xml,18,8
E11-None--SCNH-Nuneaton-2024-02-10-NU260411_BODS__SCNH_PD0000479_400_20260411-BODS_V1_1.xml,19,2
E148-None--SCNH-Nuneaton-2024-02-10-NU260411_BODS__SCNH_PD0000479_401_20260411-BODS_V1_1.xml,4,2
E148-None--SCNH-Nuneaton-2024-02-10-NU260411_BODS__SCNH_PD0000479_401_20260411-BODS_V1_1.xml,5,8
E148-None--SCNH-Nuneaton-2024-02-10-NU260411_BODS__SCNH_PD0000479_401_20260411-BODS_V1_1.xml,6,17
E148-None--SCNH-Nuneaton-2024-02-10-NU260411_BODS__SCNH_PD0000479_401_20260411-BODS_V1_1.xml,7,24
E148-None--SCNH-Nuneaton-2024-02-10-NU260411_BODS__SCNH_PD0000479_401_20260411-BODS_V1_1.xml,8,22
E148-None--SCNH-Nuneaton-2024-02-10-NU260411_BODS__SCNH_PD0000479_401_20260411-BODS_V1_1.xml,9,24
E148-None--SCNH-Nuneaton-2024-02-10-NU260411_BODS__SCNH_PD0000479_401_20260411-BODS_V1_1.xml,10,23
E148-None--SCNH-Nuneaton-2024-02-10-NU260411_BODS__SCNH_PD0000479_401_20260411-BODS_V1_1.xml,11,25
E148-None--SCNH-Nuneaton-2024-02-10-NU260411_BODS__SCNH_PD0000479_401_20260411-BODS_V1_1.xml,12,24
E148-None--SCNH-Nuneaton-2024-02-10-NU260411_BODS__SCNH_PD0000479_401_20260411-BODS_V1_1.xml,13,24
E148-None--SCNH-Nuneaton-2024-02-10-NU260411_BODS__SCNH_PD0000479_401_20260411-BODS_V1_1.xml,14,24
E148-None--SCNH-Nuneaton-2024-02-10-NU260411_BODS__SCNH_PD0000479_401_20260411-BODS_V1_1.xml,15,23
E148-None--SCNH-Nuneaton-2024-02-10-NU260411_BODS__SCNH_PD0000479_401_20260411-BODS_V1_1.xml,16,23
E148-None--SCNH-Nuneaton-2024-02-10-NU260411_BODS__SCNH_PD0000479_401_20260411-BODS_V1_1.xml,17,24
E148-None--SCNH-Nuneaton-2024-02-10-NU260411_BODS__SCNH_PD0000479_401_20260411-BODS_V1_1.xml,18,18
E148-None--SCNH-Nuneaton-2024-02-10-NU260411_BODS__SCNH_PD0000479_401_20260411-BODS_V1_1.xml,19,13
E148-None--SCNH-Nuneaton-2024-02-10-NU260411_BODS__SCNH_PD0000479_401_20260411-BODS_V1_1.xml,20,11
E148-None--SCNH-Nuneaton-2024-02-10-NU260411_BODS__SCNH_PD0000479_401_20260411-BODS_V1_1.xml,21,8
E148-None--SCNH-Nuneaton-2024-02-10-NU260411_BODS__SCNH_PD0000479_401_20260411-BODS_V1_1.xml,22,14
E148-None--SCNH-Nuneaton-2024-02-10-NU260411_BODS__SCNH_PD0000479_401_20260411-BODS_V1_1.xml,23,9
E188-None--SCNH-Nuneaton-2024-02-10-NU260411_BODS__SCNH_PD0000479_418_20260411-BODS_V1_1.xml,5,1
E188-None--SCNH-Nuneaton-2024-02-10-NU260411_BODS__SCNH_PD0000479_418_20260411-BODS_V1_1.xml,6,1
E188-None--SCNH-Nuneaton-2024-02-10-NU260411_BODS__SCNH_PD0000479_418_20260411-BODS_V1_1.xml,7,4
E188-None--SCNH-Nuneaton-2024-02-10-NU260411_BODS__SCNH_PD0000479_418_20260411-BODS_V1_1.xml,8,4
E188-None--SCNH-Nuneaton-2024-02-10-NU260411_BODS__SCNH_PD0000479_418_20260411-BODS_V1_1.xml,9,2
E188-None--SCNH-Nuneaton-2024-02-10-NU260411_BODS__SCNH_PD0000479_418_20260411-BODS_V1_1.xml,10,4
E188-None--SCNH-Nuneaton-2024-02-10-NU260411_BODS__SCNH_PD0000479_418_20260411-BODS_V1_1.xml,11,4
E188-None--SCNH-Nuneaton-2024-02-10-NU260411_BODS__SCNH_PD0000479_418_20260411-BODS_V1_1.xml,12,4
E188-None--SCNH-Nuneaton-2024-02-10-NU260411_BODS__SCNH_PD0000479_418_20260411-BODS_V1_1.xml,13,4
E188-None--SCNH-Nuneaton-2024-02-10-NU260411_BODS__SCNH_PD0000479_418_20260411-BODS_V1_1.xml,14,4
E188-None--SCNH-Nuneaton-2024-02-10-NU260411_BODS__SCNH_PD0000479_418_20260411-BODS_V1_1.xml,15,4
E188-None--SCNH-Nuneaton-2024-02-10-NU260411_BODS__SCNH_PD0000479_418_20260411-BODS_V1_1.xml,16,4
E188-None--SCNH-Nuneaton-2024-02-10-NU260411_BODS__SCNH_PD0000479_418_20260411-BODS_V1_1.xml,17,4
E188-None--SCNH-Nuneaton-2024-02-10-NU260411_BODS__SCNH_PD0000479_418_20260411-BODS_V1_1.xml,18,2
E188-None--SCNH-Nuneaton-2024-02-10-NU260411_BODS__SCNH_PD0000479_418_20260411-BODS_V1_1.xml,19,2
E1_E2-None--SSWL-WAME-2026-03-30-Merthyr260330_(Final_Set)_Adj_V4__SSWL_PG0006630_363_20260412-BODS_V1_1.xml,9,4
E1_E2-None--SSWL-WAME-2026-03-30-Merthyr260330_(Final_Set)_Adj_V4__SSWL_PG0006630_363_20260412-BODS_V1_1.xml,10,4
E1_E2-None--SSWL-WAME-2026-03-30-Merthyr260330_(Final_Set)_Adj_V4__SSWL_PG0006630_363_20260412-BODS_V1_1.xml,11,4
E1_E2-None--SSWL-WAME-2026-03-30-Merthyr260330_(Final_Set)_Adj_V4__SSWL_PG0006630_363_20260412-BODS_V1_1.xml,12,6
E1_E2-None--SSWL-WAME-2026-03-30-Merthyr260330_(Final_Set)_Adj_V4__SSWL_PG0006630_363_20260412-BODS_V1_1.xml,13,4
E1_E2-None--SSWL-WAME-2026-03-30-Merthyr260330_(Final_Set)_Adj_V4__SSWL_PG0006630_363_20260412-BODS_V1_1.xml,14,2
E1_E2-None--SSWL-WAME-2026-03-30-Merthyr260330_(Final_Set)_Adj_V4__SSWL_PG0006630_363_20260412-BODS_V1_1.xml,15,2
E1_E2-None--SSWL-WAME-2026-03-30-Merthyr260330_(Final_Set)_Adj_V4__SSWL_PG0006630_363_20260412-BODS_V1_1.xml,16,4
E1_E2-None--SSWL-WAME-2026-03-30-Merthyr260330_(Final_Set)_Adj_V4__SSWL_PG0006630_363_20260412-BODS_V1_1.xml,17,4
E3-None--SCNH-Nuneaton-2024-02-10-NU260411_BODS__SCNH_PD0000479_381_20260411-BODS_V1_1.xml,6,2
E3-None--SCNH-Nuneaton-2024-02-10-NU260411_BODS__SCNH_PD0000479_381_20260411-BODS_V1_1.xml,7,5
E3-None--SCNH-Nuneaton-2024-02-10-NU260411_BODS__SCNH_PD0000479_381_20260411-BODS_V1_1.xml,8,4
E3-None--SCNH-Nuneaton-2024-02-10-NU260411_BODS__SCNH_PD0000479_381_20260411-BODS_V1_1.xml,9,4
E3-None--SCNH-Nuneaton-2024-02-10-NU260411_BODS__SCNH_PD0000479_381_20260411-BODS_V1_1.xml,10,4
E3-None--SCNH-Nuneaton-2024-02-10-NU260411_BODS__SCNH_PD0000479_381_20260411-BODS_V1_1.xml,11,4
E3-None--SCNH-Nuneaton-2024-02-10-NU260411_BODS__SCNH_PD0000479_381_20260411-BODS_V1_1.xml,12,4
E3-None--SCNH-Nuneaton-2024-02-10-NU260411_BODS__SCNH_PD0000479_381_20260411-BODS_V1_1.xml,13,4
E3-None--SCNH-Nuneaton-2024-02-10-NU260411_BODS__SCNH_PD0000479_381_20260411-BODS_V1_1.xml,14,4
E3-None--SCNH-Nuneaton-2024-02-10-NU260411_BODS__SCNH_PD0000479_381_20260411-BODS_V1_1.xml,15,4
E3-None--SCNH-Nuneaton-2024-02-10-NU260411_BODS__SCNH_PD0000479_381_20260411-BODS_V1_1.xml,16,4
E3-None--SCNH-Nuneaton-2024-02-10-NU260411_BODS__SCNH_PD0000479_381_20260411-BODS_V1_1.xml,17,4
E3-None--SCNH-Nuneaton-2024-02-10-NU260411_BODS__SCNH_PD0000479_381_20260411-BODS_V1_1.xml,18,2
E42-None--SCNH-Nuneaton-2024-02-10-NU260411_BODS__SCNH_PD0000479_327_20260411-BODS_V1_1.xml,10,2
E42-None--SCNH-Nuneaton-2024-02-10-NU260411_BODS__SCNH_PD0000479_327_20260411-BODS_V1_1.xml,12,2
E57-None--SCNH-Nuneaton-2024-02-10-NU260411_BODS__SCNH_PD0000479_399_20260411-BODS_V1_1.xml,6,4
E57-None--SCNH-Nuneaton-2024-02-10-NU260411_BODS__SCNH_PD0000479_399_20260411-BODS_V1_1.xml,7,4
E57-None--SCNH-Nuneaton-2024-02-10-NU260411_BODS__SCNH_PD0000479_399_20260411-BODS_V1_1.xml,8,4
E57-None--SCNH-Nuneaton-2024-02-10-NU260411_BODS__SCNH_PD0000479_399_20260411-BODS_V1_1.xml,9,6
E57-None--SCNH-Nuneaton-2024-02-10-NU260411_BODS__SCNH_PD0000479_399_20260411-BODS_V1_1.xml,10,4
E57-None--SCNH-Nuneaton-2024-02-10-NU260411_BODS__SCNH_PD0000479_399_20260411-BODS_V1_1.xml,11,4
E57-None--SCNH-Nuneaton-2024-02-10-NU260411_BODS__SCNH_PD0000479_399_20260411-BODS_V1_1.xml,12,4
E57-None--SCNH-Nuneaton-2024-02-10-NU260411_BODS__SCNH_PD0000479_399_20260411-BODS_V1_1.xml,13,4
E57-None--SCNH-Nuneaton-2024-02-10-NU260411_BODS__SCNH_PD0000479_399_20260411-BODS_V1_1.xml,14,4
E57-None--SCNH-Nuneaton-2024-02-10-NU260411_BODS__SCNH_PD0000479_399_20260411-BODS_V1_1.xml,15,4
E57-None--SCNH-Nuneaton-2024-02-10-NU260411_BODS__SCNH_PD0000479_399_20260411-BODS_V1_1.xml,16,4
E57-None--SCNH-Nuneaton-2024-02-10-NU260411_BODS__SCNH_PD0000479_399_20260411-BODS_V1_1.xml,17,2
E57-None--SCNH-Nuneaton-2024-02-10-NU260411_BODS__SCNH_PD0000479_399_20260411-BODS_V1_1.xml,18,2
E5B-None--SCNH-Nuneaton-2024-02-10-NU260411_BODS__SCNH_PD0000479_410_20260411-BODS_V1_1.xml,20,4
E5B-None--SCNH-Nuneaton-2024-02-10-NU260411_BODS__SCNH_PD0000479_410_20260411-BODS_V1_1.xml,21,2
E5B-None--SCNH-Nuneaton-2024-02-10-NU260411_BODS__SCNH_PD0000479_410_20260411-BODS_V1_1.xml,22,2
E5B-None--SCNH-Nuneaton-2024-02-10-NU260411_BODS__SCNH_PD0000479_410_20260411-BODS_V1_1.xml,23,2
E60-None--SCNH-Nuneaton-2024-02-10-NU260411_BODS__SCNH_PD0000479_43010342_20260411-BODS_V1_1.xml,5,1
E60-None--SCNH-Nuneaton-2024-02-10-NU260411_BODS__SCNH_PD0000479_43010342_20260411-BODS_V1_1.xml,6,3
E60-None--SCNH-Nuneaton-2024-02-10-NU260411_BODS__SCNH_PD0000479_43010342_20260411-BODS_V1_1.xml,7,5
E60-None--SCNH-Nuneaton-2024-02-10-NU260411_BODS__SCNH_PD0000479_43010342_20260411-BODS_V1_1.xml,8,4
E60-None--SCNH-Nuneaton-2024-02-10-NU260411_BODS__SCNH_PD0000479_43010342_20260411-BODS_V1_1.xml,9,6
E60-None--SCNH-Nuneaton-2024-02-10-NU260411_BODS__SCNH_PD0000479_43010342_20260411-BODS_V1_1.xml,10,6
E60-None--SCNH-Nuneaton-2024-02-10-NU260411_BODS__SCNH_PD0000479_43010342_20260411-BODS_V1_1.xml,11,6
E60-None--SCNH-Nuneaton-2024-02-10-NU260411_BODS__SCNH_PD0000479_43010342_20260411-BODS_V1_1.xml,12,6
E60-None--SCNH-Nuneaton-2024-02-10-NU260411_BODS__SCNH_PD0000479_43010342_20260411-BODS_V1_1.xml,13,6
E60-None--SCNH-Nuneaton-2024-02-10-NU260411_BODS__SCNH_PD0000479_43010342_20260411-BODS_V1_1.xml,14,6
E60-None--SCNH-Nuneaton-2024-02-10-NU260411_BODS__SCNH_PD0000479_43010342_20260411-BODS_V1_1.xml,15,6
E60-None--SCNH-Nuneaton-2024-02-10-NU260411_BODS__SCNH_PD0000479_43010342_20260411-BODS_V1_1.xml,16,5
E60-None--SCNH-Nuneaton-2024-02-10-NU260411_BODS__SCNH_PD0000479_43010342_20260411-BODS_V1_1.xml,17,6
E60-None--SCNH-Nuneaton-2024-02-10-NU260411_BODS__SCNH_PD0000479_43010342_20260411-BODS_V1_1.xml,18,6
E60-None--SCNH-Nuneaton-2024-02-10-NU260411_BODS__SCNH_PD0000479_43010342_20260411-BODS_V1_1.xml,19,4
E60-None--SCNH-Nuneaton-2024-02-10-NU260411_BODS__SCNH_PD0000479_43010342_20260411-BODS_V1_1.xml,20,3
E703-None--SCNH-Nuneaton-2024-02-10-NU260411_BODS__SCNH_PD0000479_43010343_20260411-BODS_V1_1.xml,6,1
E703-None--SCNH-Nuneaton-2024-02-10-NU260411_BODS__SCNH_PD0000479_43010343_20260411-BODS_V1_1.xml,7,1
E703-None--SCNH-Nuneaton-2024-02-10-NU260411_BODS__SCNH_PD0000479_43010343_20260411-BODS_V1_1.xml,8,2
E703-None--SCNH-Nuneaton-2024-02-10-NU260411_BODS__SCNH_PD0000479_43010343_20260411-BODS_V1_1.xml,9,2
E703-None--SCNH-Nuneaton-2024-02-10-NU260411_BODS__SCNH_PD0000479_43010343_20260411-BODS_V1_1.xml,10,2
E703-None--SCNH-Nuneaton-2024-02-10-NU260411_BODS__SCNH_PD0000479_43010343_20260411-BODS_V1_1.xml,11,2
E703-None--SCNH-Nuneaton-2024-02-10-NU260411_BODS__SCNH_PD0000479_43010343_20260411-BODS_V1_1.xml,12,2
E703-None--SCNH-Nuneaton-2024-02-10-NU260411_BODS__SCNH_PD0000479_43010343_20260411-BODS_V1_1.xml,13,2
E703-None--SCNH-Nuneaton-2024-02-10-NU260411_BODS__SCNH_PD0000479_43010343_20260411-BODS_V1_1.xml,14,2
E703-None--SCNH-Nuneaton-2024-02-10-NU260411_BODS__SCNH_PD0000479_43010343_20260411-BODS_V1_1.xml,15,1
E703-None--SCNH-Nuneaton-2024-02-10-NU260411_BODS__SCNH_PD0000479_43010343_20260411-BODS_V1_1.xml,16,1
E703-None--SCNH-Nuneaton-2024-02-10-NU260411_BODS__SCNH_PD0000479_43010343_20260411-BODS_V1_1.xml,17,1
E735-None--SCNH-Nuneaton-2024-02-10-NU260411_BODS__SCNH_PD0000479_432_20260411-BODS_V1_1.xml,7,2
E735-None--SCNH-Nuneaton-2024-02-10-NU260411_BODS__SCNH_PD0000479_432_20260411-BODS_V1_1.xml,9,2
E735-None--SCNH-Nuneaton-2024-02-10-NU260411_BODS__SCNH_PD0000479_432_20260411-BODS_V1_1.xml,11,2
E735-None--SCNH-Nuneaton-2024-02-10-NU260411_BODS__SCNH_PD0000479_432_20260411-BODS_V1_1.xml,12,2
E735-None--SCNH-Nuneaton-2024-02-10-NU260411_BODS__SCNH_PD0000479_432_20260411-BODS_V1_1.xml,13,2
E735-None--SCNH-Nuneaton-2024-02-10-NU260411_BODS__SCNH_PD0000479_432_20260411-BODS_V1_1.xml,15,2
E73_A-None--SCNH-Nuneaton-2024-02-10-NU260411_BODS__SCNH_PD0000479_430_20260411-BODS_V1_1.xml,8,4
E73_A-None--SCNH-Nuneaton-2024-02-10-NU260411_BODS__SCNH_PD0000479_430_20260411-BODS_V1_1.xml,9,4
E73_A-None--SCNH-Nuneaton-2024-02-10-NU260411_BODS__SCNH_PD0000479_430_20260411-BODS_V1_1.xml,10,2
E73_A-None--SCNH-Nuneaton-2024-02-10-NU260411_BODS__SCNH_PD0000479_430_20260411-BODS_V1_1.xml,11,4
E73_A-None--SCNH-Nuneaton-2024-02-10-NU260411_BODS__SCNH_PD0000479_430_20260411-BODS_V1_1.xml,12,4
E73_A-None--SCNH-Nuneaton-2024-02-10-NU260411_BODS__SCNH_PD0000479_430_20260411-BODS_V1_1.xml,13,4
E73_A-None--SCNH-Nuneaton-2024-02-10-NU260411_BODS__SCNH_PD0000479_430_20260411-BODS_V1_1.xml,14,2
E73_A-None--SCNH-Nuneaton-2024-02-10-NU260411_BODS__SCNH_PD0000479_430_20260411-BODS_V1_1.xml,16,4
E73_A-None--SCNH-Nuneaton-2024-02-10-NU260411_BODS__SCNH_PD0000479_430_20260411-BODS_V1_1.xml,18,4
E748-None--SCNH-Nuneaton-2024-02-10-NU260411_BODS__SCNH_PD0000479_405_20260411-BODS_V1_1.xml,8,3
E748-None--SCNH-Nuneaton-2024-02-10-NU260411_BODS__SCNH_PD0000479_405_20260411-BODS_V1_1.xml,9,1
E748-None--SCNH-Nuneaton-2024-02-10-NU260411_BODS__SCNH_PD0000479_405_20260411-BODS_V1_1.xml,10,3
E748-None--SCNH-Nuneaton-2024-02-10-NU260411_BODS__SCNH_PD0000479_405_20260411-BODS_V1_1.xml,11,1
E748-None--SCNH-Nuneaton-2024-02-10-NU260411_BODS__SCNH_PD0000479_405_20260411-BODS_V1_1.xml,12,3
E748-None--SCNH-Nuneaton-2024-02-10-NU260411_BODS__SCNH_PD0000479_405_20260411-BODS_V1_1.xml,13,1
E748-None--SCNH-Nuneaton-2024-02-10-NU260411_BODS__SCNH_PD0000479_405_20260411-BODS_V1_1.xml,14,3
E748-None--SCNH-Nuneaton-2024-02-10-NU260411_BODS__SCNH_PD0000479_405_20260411-BODS_V1_1.xml,15,1
E748-None--SCNH-Nuneaton-2024-02-10-NU260411_BODS__SCNH_PD0000479_405_20260411-BODS_V1_1.xml,16,3
E748-None--SCNH-Nuneaton-2024-02-10-NU260411_BODS__SCNH_PD0000479_405_20260411-BODS_V1_1.xml,17,1
E748-None--SCNH-Nuneaton-2024-02-10-NU260411_BODS__SCNH_PD0000479_405_20260411-BODS_V1_1.xml,18,3
E748-None--SCNH-Nuneaton-2024-02-10-NU260411_BODS__SCNH_PD0000479_405_20260411-BODS_V1_1.xml,19,1
E74_A_B_C-None--SCNH-Nuneaton-2024-02-10-NU260411_v2__SCNH_PD0000479_436_20260413-BODS_V1_1.xml,6,1
E74_A_B_C-None--SCNH-Nuneaton-2024-02-10-NU260411_v2__SCNH_PD0000479_436_20260413-BODS_V1_1.xml,7,4
E74_A_B_C-None--SCNH-Nuneaton-2024-02-10-NU260411_v2__SCNH_PD0000479_436_20260413-BODS_V1_1.xml,8,2
E74_A_B_C-None--SCNH-Nuneaton-2024-02-10-NU260411_v2__SCNH_PD0000479_436_20260413-BODS_V1_1.xml,9,2
E74_A_B_C-None--SCNH-Nuneaton-2024-02-10-NU260411_v2__SCNH_PD0000479_436_20260413-BODS_V1_1.xml,11,2
E74_A_B_C-None--SCNH-Nuneaton-2024-02-10-NU260411_v2__SCNH_PD0000479_436_20260413-BODS_V1_1.xml,12,2
E74_A_B_C-None--SCNH-Nuneaton-2024-02-10-NU260411_v2__SCNH_PD0000479_436_20260413-BODS_V1_1.xml,13,2
E74_A_B_C-None--SCNH-Nuneaton-2024-02-10-NU260411_v2__SCNH_PD0000479_436_20260413-BODS_V1_1.xml,14,2
E74_A_B_C-None--SCNH-Nuneaton-2024-02-10-NU260411_v2__SCNH_PD0000479_436_20260413-BODS_V1_1.xml,15,4
E74_A_B_C-None--SCNH-Nuneaton-2024-02-10-NU260411_v2__SCNH_PD0000479_436_20260413-BODS_V1_1.xml,17,2
E74_A_B_C-None--SCNH-Nuneaton-2024-02-10-NU260411_v2__SCNH_PD0000479_436_20260413-BODS_V1_1.xml,18,2
E78_A-None--SCNH-Nuneaton-2024-02-10-NU260411_v2__SCNH_PD0000479_431_20260413-BODS_V1_1.xml,6,2
E78_A-None--SCNH-Nuneaton-2024-02-10-NU260411_v2__SCNH_PD0000479_431_20260413-BODS_V1_1.xml,7,4
E78_A-None--SCNH-Nuneaton-2024-02-10-NU260411_v2__SCNH_PD0000479_431_20260413-BODS_V1_1.xml,8,2
E78_A-None--SCNH-Nuneaton-2024-02-10-NU260411_v2__SCNH_PD0000479_431_20260413-BODS_V1_1.xml,10,4
E78_A-None--SCNH-Nuneaton-2024-02-10-NU260411_v2__SCNH_PD0000479_431_20260413-BODS_V1_1.xml,11,2
E78_A-None--SCNH-Nuneaton-2024-02-10-NU260411_v2__SCNH_PD0000479_431_20260413-BODS_V1_1.xml,12,2
E78_A-None--SCNH-Nuneaton-2024-02-10-NU260411_v2__SCNH_PD0000479_431_20260413-BODS_V1_1.xml,13,2
E78_A-None--SCNH-Nuneaton-2024-02-10-NU260411_v2__SCNH_PD0000479_431_20260413-BODS_V1_1.xml,15,4
E78_A-None--SCNH-Nuneaton-2024-02-10-NU260411_v2__SCNH_PD0000479_431_20260413-BODS_V1_1.xml,17,2
E78_A-None--SCNH-Nuneaton-2024-02-10-NU260411_v2__SCNH_PD0000479_431_20260413-BODS_V1_1.xml,18,2
E78_A-None--SCNH-Nuneaton-2024-02-10-NU260411_v2__SCNH_PD0000479_431_20260413-BODS_V1_1.xml,19,2
E79_A-None--SCNH-Nuneaton-2024-02-10-NU260411_BODS__SCNH_PD0000479_437_20260411-BODS_V1_1.xml,9,2
E79_A-None--SCNH-Nuneaton-2024-02-10-NU260411_BODS__SCNH_PD0000479_437_20260411-BODS_V1_1.xml,10,2
E79_A-None--SCNH-Nuneaton-2024-02-10-NU260411_BODS__SCNH_PD0000479_437_20260411-BODS_V1_1.xml,11,2
E79_A-None--SCNH-Nuneaton-2024-02-10-NU260411_BODS__SCNH_PD0000479_437_20260411-BODS_V1_1.xml,12,2
E79_A-None--SCNH-Nuneaton-2024-02-10-NU260411_BODS__SCNH_PD0000479_437_20260411-BODS_V1_1.xml,13,2
E79_A-None--SCNH-Nuneaton-2024-02-10-NU260411_BODS__SCNH_PD0000479_437_20260411-BODS_V1_1.xml,14,2
E79_A-None--SCNH-Nuneaton-2024-02-10-NU260411_BODS__SCNH_PD0000479_437_20260411-BODS_V1_1.xml,15,2
E79_A-None--SCNH-Nuneaton-2024-02-10-NU260411_BODS__SCNH_PD0000479_437_20260411-BODS_V1_1.xml,16,2
E79_A-None--SCNH-Nuneaton-2024-02-10-NU260411_BODS__SCNH_PD0000479_437_20260411-BODS_V1_1.xml,17,4
E82-None--SCNH-Nuneaton-2024-02-10-NU260411_BODS__SCNH_PD0000479_43010383_20260411-BODS_V1_1.xml,6,4
E82-None--SCNH-Nuneaton-2024-02-10-NU260411_BODS__SCNH_PD0000479_43010383_20260411-BODS_V1_1.xml,7,4
E82-None--SCNH-Nuneaton-2024-02-10-NU260411_BODS__SCNH_PD0000479_43010383_20260411-BODS_V1_1.xml,9,4
E82-None--SCNH-Nuneaton-2024-02-10-NU260411_BODS__SCNH_PD0000479_43010383_20260411-BODS_V1_1.xml,10,4
E82-None--SCNH-Nuneaton-2024-02-10-NU260411_BODS__SCNH_PD0000479_43010383_20260411-BODS_V1_1.xml,11,4
E82-None--SCNH-Nuneaton-2024-02-10-NU260411_BODS__SCNH_PD0000479_43010383_20260411-BODS_V1_1.xml,12,4
E82-None--SCNH-Nuneaton-2024-02-10-NU260411_BODS__SCNH_PD0000479_43010383_20260411-BODS_V1_1.xml,13,4
E82-None--SCNH-Nuneaton-2024-02-10-NU260411_BODS__SCNH_PD0000479_43010383_20260411-BODS_V1_1.xml,14,4
E82-None--SCNH-Nuneaton-2024-02-10-NU260411_BODS__SCNH_PD0000479_43010383_20260411-BODS_V1_1.xml,15,4
E82-None--SCNH-Nuneaton-2024-02-10-NU260411_BODS__SCNH_PD0000479_43010383_20260411-BODS_V1_1.xml,16,4
E82-None--SCNH-Nuneaton-2024-02-10-NU260411_BODS__SCNH_PD0000479_43010383_20260411-BODS_V1_1.xml,17,4
E82-None--SCNH-Nuneaton-2024-02-10-NU260411_BODS__SCNH_PD0000479_43010383_20260411-BODS_V1_1.xml,18,4
E82-None--SCNH-Nuneaton-2024-02-10-NU260411_BODS__SCNH_PD0000479_43010383_20260411-BODS_V1_1.xml,19,1
E82-None--SCNH-Nuneaton-2024-02-10-NU260411_BODS__SCNH_PD0000479_43010383_20260411-BODS_V1_1.xml,20,1
E87-None--SCNH-Nuneaton-2024-02-10-NU260411_BODS__SCNH_PD0000479_417_20260411-BODS_V1_1.xml,5,1
E87-None--SCNH-Nuneaton-2024-02-10-NU260411_BODS__SCNH_PD0000479_417_20260411-BODS_V1_1.xml,7,4
E87-None--SCNH-Nuneaton-2024-02-10-NU260411_BODS__SCNH_PD0000479_417_20260411-BODS_V1_1.xml,8,4
E87-None--SCNH-Nuneaton-2024-02-10-NU260411_BODS__SCNH_PD0000479_417_20260411-BODS_V1_1.xml,9,4
E87-None--SCNH-Nuneaton-2024-02-10-NU260411_BODS__SCNH_PD0000479_417_20260411-BODS_V1_1.xml,10,4
E87-None--SCNH-Nuneaton-2024-02-10-NU260411_BODS__SCNH_PD0000479_417_20260411-BODS_V1_1.xml,11,4
E87-None--SCNH-Nuneaton-2024-02-10-NU260411_BODS__SCNH_PD0000479_417_20260411-BODS_V1_1.xml,12,4
E87-None--SCNH-Nuneaton-2024-02-10-NU260411_BODS__SCNH_PD0000479_417_20260411-BODS_V1_1.xml,13,4
E87-None--SCNH-Nuneaton-2024-02-10-NU260411_BODS__SCNH_PD0000479_417_20260411-BODS_V1_1.xml,14,4
E87-None--SCNH-Nuneaton-2024-02-10-NU260411_BODS__SCNH_PD0000479_417_20260411-BODS_V1_1.xml,15,4
E87-None--SCNH-Nuneaton-2024-02-10-NU260411_BODS__SCNH_PD0000479_417_20260411-BODS_V1_1.xml,16,4
E87-None--SCNH-Nuneaton-2024-02-10-NU260411_BODS__SCNH_PD0000479_417_20260411-BODS_V1_1.xml,17,2
E87-None--SCNH-Nuneaton-2024-02-10-NU260411_BODS__SCNH_PD0000479_417_20260411-BODS_V1_1.xml,18,4
E87-None--SCNH-Nuneaton-2024-02-10-NU260411_BODS__SCNH_PD0000479_417_20260411-BODS_V1_1.xml,19,2
E9-None--SCNH-Nuneaton-2024-02-10-NU260411_BODS__SCNH_PD0000479_404_20260411-BODS_V1_1.xml,6,2
E9-None--SCNH-Nuneaton-2024-02-10-NU260411_BODS__SCNH_PD0000479_404_20260411-BODS_V1_1.xml,7,4
E9-None--SCNH-Nuneaton-2024-02-10-NU260411_BODS__SCNH_PD0000479_404_20260411-BODS_V1_1.xml,8,6
E9-None--SCNH-Nuneaton-2024-02-10-NU260411_BODS__SCNH_PD0000479_404_20260411-BODS_V1_1.xml,9,8
E9-None--SCNH-Nuneaton-2024-02-10-NU260411_BODS__SCNH_PD0000479_404_20260411-BODS_V1_1.xml,10,8
E9-None--SCNH-Nuneaton-2024-02-10-NU260411_BODS__SCNH_PD0000479_404_20260411-BODS_V1_1.xml,11,8
E9-None--SCNH-Nuneaton-2024-02-10-NU260411_BODS__SCNH_PD0000479_404_20260411-BODS_V1_1.xml,12,8
E9-None--SCNH-Nuneaton-2024-02-10-NU260411_BODS__SCNH_PD0000479_404_20260411-BODS_V1_1.xml,13,8
E9-None--SCNH-Nuneaton-2024-02-10-NU260411_BODS__SCNH_PD0000479_404_20260411-BODS_V1_1.xml,14,8
E9-None--SCNH-Nuneaton-2024-02-10-NU260411_BODS__SCNH_PD0000479_404_20260411-BODS_V1_1.xml,15,8
E9-None--SCNH-Nuneaton-2024-02-10-NU260411_BODS__SCNH_PD0000479_404_20260411-BODS_V1_1.xml,16,8
E9-None--SCNH-Nuneaton-2024-02-10-NU260411_BODS__SCNH_PD0000479_404_20260411-BODS_V1_1.xml,17,7
E9-None--SCNH-Nuneaton-2024-02-10-NU260411_BODS__SCNH_PD0000479_404_20260411-BODS_V1_1.xml,18,2
F-None--SSWL-WACA-2026-03-30-TaffsWellPlan260330_FinalV4_Protocl__SSWL_PG0006630_187_20260411-BODS_V1_1.xml,7,2
F-None--SSWL-WACA-2026-03-30-TaffsWellPlan260330_FinalV4_Protocl__SSWL_PG0006630_187_20260411-BODS_V1_1.xml,8,2
F-None--SSWL-WACA-2026-03-30-TaffsWellPlan260330_FinalV4_Protocl__SSWL_PG0006630_187_20260411-BODS_V1_1.xml,9,2
F-None--SSWL-WACA-2026-03-30-TaffsWellPlan260330_FinalV4_Protocl__SSWL_PG0006630_187_20260411-BODS_V1_1.xml,10,2
F-None--SSWL-WACA-2026-03-30-TaffsWellPlan260330_FinalV4_Protocl__SSWL_PG0006630_187_20260411-BODS_V1_1.xml,11,2
F-None--SSWL-WACA-2026-03-30-TaffsWellPlan260330_FinalV4_Protocl__SSWL_PG0006630_187_20260411-BODS_V1_1.xml,12,2
F-None--SSWL-WACA-2026-03-30-TaffsWellPlan260330_FinalV4_Protocl__SSWL_PG0006630_187_20260411-BODS_V1_1.xml,13,2
F-None--SSWL-WACA-2026-03-30-TaffsWellPlan260330_FinalV4_Protocl__SSWL_PG0006630_187_20260411-BODS_V1_1.xml,14,2
F-None--SSWL-WACA-2026-03-30-TaffsWellPlan260330_FinalV4_Protocl__SSWL_PG0006630_187_20260411-BODS_V1_1.xml,15,2
F-None--SSWL-WACA-2026-03-30-TaffsWellPlan260330_FinalV4_Protocl__SSWL_PG0006630_187_20260411-BODS_V1_1.xml,16,2
F-None--SSWL-WACA-2026-03-30-TaffsWellPlan260330_FinalV4_Protocl__SSWL_PG0006630_187_20260411-BODS_V1_1.xml,17,2
G-None--SSWL-WACA-2026-03-30-TaffsWellPlan260330_FinalV4_Protocl__SSWL_PG0006630_225_20260411-BODS_V1_1.xml,7,2
G-None--SSWL-WACA-2026-03-30-TaffsWellPlan260330_FinalV4_Protocl__SSWL_PG0006630_225_20260411-BODS_V1_1.xml,8,2
G-None--SSWL-WACA-2026-03-30-TaffsWellPlan260330_FinalV4_Protocl__SSWL_PG0006630_225_20260411-BODS_V1_1.xml,9,2
G-None--SSWL-WACA-2026-03-30-TaffsWellPlan260330_FinalV4_Protocl__SSWL_PG0006630_225_20260411-BODS_V1_1.xml,10,2
G-None--SSWL-WACA-2026-03-30-TaffsWellPlan260330_FinalV4_Protocl__SSWL_PG0006630_225_20260411-BODS_V1_1.xml,11,2
G-None--SSWL-WACA-2026-03-30-TaffsWellPlan260330_FinalV4_Protocl__SSWL_PG0006630_225_20260411-BODS_V1_1.xml,12,2
G-None--SSWL-WACA-2026-03-30-TaffsWellPlan260330_FinalV4_Protocl__SSWL_PG0006630_225_20260411-BODS_V1_1.xml,13,2
G-None--SSWL-WACA-2026-03-30-TaffsWellPlan260330_FinalV4_Protocl__SSWL_PG0006630_225_20260411-BODS_V1_1.xml,14,2
G-None--SSWL-WACA-2026-03-30-TaffsWellPlan260330_FinalV4_Protocl__SSWL_PG0006630_225_20260411-BODS_V1_1.xml,15,2
G-None--SSWL-WACA-2026-03-30-TaffsWellPlan260330_FinalV4_Protocl__SSWL_PG0006630_225_20260411-BODS_V1_1.xml,16,2
G-None--SSWL-WACA-2026-03-30-TaffsWellPlan260330_FinalV4_Protocl__SSWL_PG0006630_225_20260411-BODS_V1_1.xml,17,2
GL001-None--SCGL-WEGL-2024-01-01-GL_26-03-08_DATA_SET__SCGL_PH0005031_10_20260413-BODS_V1_1.xml,0,6
GL001-None--SCGL-WEGL-2024-01-01-GL_26-03-08_DATA_SET__SCGL_PH0005031_10_20260413-BODS_V1_1.xml,1,2
GL001-None--SCGL-WEGL-2024-01-01-GL_26-03-08_DATA_SET__SCGL_PH0005031_10_20260413-BODS_V1_1.xml,4,1
GL001-None--SCGL-WEGL-2024-01-01-GL_26-03-08_DATA_SET__SCGL_PH0005031_10_20260413-BODS_V1_1.xml,5,4
GL001-None--SCGL-WEGL-2024-01-01-GL_26-03-08_DATA_SET__SCGL_PH0005031_10_20260413-BODS_V1_1.xml,6,10
GL001-None--SCGL-WEGL-2024-01-01-GL_26-03-08_DATA_SET__SCGL_PH0005031_10_20260413-BODS_V1_1.xml,7,23
GL001-None--SCGL-WEGL-2024-01-01-GL_26-03-08_DATA_SET__SCGL_PH0005031_10_20260413-BODS_V1_1.xml,8,21
GL001-None--SCGL-WEGL-2024-01-01-GL_26-03-08_DATA_SET__SCGL_PH0005031_10_20260413-BODS_V1_1.xml,9,25
GL001-None--SCGL-WEGL-2024-01-01-GL_26-03-08_DATA_SET__SCGL_PH0005031_10_20260413-BODS_V1_1.xml,10,28
GL001-None--SCGL-WEGL-2024-01-01-GL_26-03-08_DATA_SET__SCGL_PH0005031_10_20260413-BODS_V1_1.xml,11,28
GL001-None--SCGL-WEGL-2024-01-01-GL_26-03-08_DATA_SET__SCGL_PH0005031_10_20260413-BODS_V1_1.xml,12,28
GL001-None--SCGL-WEGL-2024-01-01-GL_26-03-08_DATA_SET__SCGL_PH0005031_10_20260413-BODS_V1_1.xml,13,28
GL001-None--SCGL-WEGL-2024-01-01-GL_26-03-08_DATA_SET__SCGL_PH0005031_10_20260413-BODS_V1_1.xml,14,28
GL001-None--SCGL-WEGL-2024-01-01-GL_26-03-08_DATA_SET__SCGL_PH0005031_10_20260413-BODS_V1_1.xml,15,26
GL001-None--SCGL-WEGL-2024-01-01-GL_26-03-08_DATA_SET__SCGL_PH0005031_10_20260413-BODS_V1_1.xml,16,26
GL001-None--SCGL-WEGL-2024-01-01-GL_26-03-08_DATA_SET__SCGL_PH0005031_10_20260413-BODS_V1_1.xml,17,22
GL001-None--SCGL-WEGL-2024-01-01-GL_26-03-08_DATA_SET__SCGL_PH0005031_10_20260413-BODS_V1_1.xml,18,18
GL001-None--SCGL-WEGL-2024-01-01-GL_26-03-08_DATA_SET__SCGL_PH0005031_10_20260413-BODS_V1_1.xml,19,13
GL001-None--SCGL-WEGL-2024-01-01-GL_26-03-08_DATA_SET__SCGL_PH0005031_10_20260413-BODS_V1_1.xml,20,13
GL001-None--SCGL-WEGL-2024-01-01-GL_26-03-08_DATA_SET__SCGL_PH0005031_10_20260413-BODS_V1_1.xml,21,13
GL001-None--SCGL-WEGL-2024-01-01-GL_26-03-08_DATA_SET__SCGL_PH0005031_10_20260413-BODS_V1_1.xml,22,11
GL001-None--SCGL-WEGL-2024-01-01-GL_26-03-08_DATA_SET__SCGL_PH0005031_10_20260413-BODS_V1_1.xml,23,9
GL001-None--SCGL-WEGL-2024-01-01-GL_26-03-08_DATA_SET__SCGL_PH0005031_10_20260526-BODS_V1_1.xml,0,6
GL001-None--SCGL-WEGL-2024-01-01-GL_26-03-08_DATA_SET__SCGL_PH0005031_10_20260526-BODS_V1_1.xml,1,2
GL001-None--SCGL-WEGL-2024-01-01-GL_26-03-08_DATA_SET__SCGL_PH0005031_10_20260526-BODS_V1_1.xml,4,1
GL001-None--SCGL-WEGL-2024-01-01-GL_26-03-08_DATA_SET__SCGL_PH0005031_10_20260526-BODS_V1_1.xml,5,4
GL001-None--SCGL-WEGL-2024-01-01-GL_26-03-08_DATA_SET__SCGL_PH0005031_10_20260526-BODS_V1_1.xml,6,10
GL001-None--SCGL-WEGL-2024-01-01-GL_26-03-08_DATA_SET__SCGL_PH0005031_10_20260526-BODS_V1_1.xml,7,23
GL001-None--SCGL-WEGL-2024-01-01-GL_26-03-08_DATA_SET__SCGL_PH0005031_10_20260526-BODS_V1_1.xml,8,21
GL001-None--SCGL-WEGL-2024-01-01-GL_26-03-08_DATA_SET__SCGL_PH0005031_10_20260526-BODS_V1_1.xml,9,25
GL001-None--SCGL-WEGL-2024-01-01-GL_26-03-08_DATA_SET__SCGL_PH0005031_10_20260526-BODS_V1_1.xml,10,28
GL001-None--SCGL-WEGL-2024-01-01-GL_26-03-08_DATA_SET__SCGL_PH0005031_10_20260526-BODS_V1_1.xml,11,28
GL001-None--SCGL-WEGL-2024-01-01-GL_26-03-08_DATA_SET__SCGL_PH0005031_10_20260526-BODS_V1_1.xml,12,28
GL001-None--SCGL-WEGL-2024-01-01-GL_26-03-08_DATA_SET__SCGL_PH0005031_10_20260526-BODS_V1_1.xml,13,28
GL001-None--SCGL-WEGL-2024-01-01-GL_26-03-08_DATA_SET__SCGL_PH0005031_10_20260526-BODS_V1_1.xml,14,28
GL001-None--SCGL-WEGL-2024-01-01-GL_26-03-08_DATA_SET__SCGL_PH0005031_10_20260526-BODS_V1_1.xml,15,26
GL001-None--SCGL-WEGL-2024-01-01-GL_26-03-08_DATA_SET__SCGL_PH0005031_10_20260526-BODS_V1_1.xml,16,26
GL001-None--SCGL-WEGL-2024-01-01-GL_26-03-08_DATA_SET__SCGL_PH0005031_10_20260526-BODS_V1_1.xml,17,22
GL001-None--SCGL-WEGL-2024-01-01-GL_26-03-08_DATA_SET__SCGL_PH0005031_10_20260526-BODS_V1_1.xml,18,18
GL001-None--SCGL-WEGL-2024-01-01-GL_26-03-08_DATA_SET__SCGL_PH0005031_10_20260526-BODS_V1_1.xml,19,13
GL001-None--SCGL-WEGL-2024-01-01-GL_26-03-08_DATA_SET__SCGL_PH0005031_10_20260526-BODS_V1_1.xml,20,13
GL001-None--SCGL-WEGL-2024-01-01-GL_26-03-08_DATA_SET__SCGL_PH0005031_10_20260526-BODS_V1_1.xml,21,15
GL001-None--SCGL-WEGL-2024-01-01-GL_26-03-08_DATA_SET__SCGL_PH0005031_10_20260526-BODS_V1_1.xml,22,13
GL001-None--SCGL-WEGL-2024-01-01-GL_26-03-08_DATA_SET__SCGL_PH0005031_10_20260526-BODS_V1_1.xml,23,9
GL001-None--SCGL-WEGL-2024-01-01-GL_26-05-31_JD_V9.4__SCGL_PH0005031_10_20260531-BODS_V1_1.xml,0,6
GL001-None--SCGL-WEGL-2024-01-01-GL_26-05-31_JD_V9.4__SCGL_PH0005031_10_20260531-BODS_V1_1.xml,1,2
GL001-None--SCGL-WEGL-2024-01-01-GL_26-05-31_JD_V9.4__SCGL_PH0005031_10_20260531-BODS_V1_1.xml,4,1
GL001-None--SCGL-WEGL-2024-01-01-GL_26-05-31_JD_V9.4__SCGL_PH0005031_10_20260531-BODS_V1_1.xml,5,4
GL001-None--SCGL-WEGL-2024-01-01-GL_26-05-31_JD_V9.4__SCGL_PH0005031_10_20260531-BODS_V1_1.xml,6,10
GL001-None--SCGL-WEGL-2024-01-01-GL_26-05-31_JD_V9.4__SCGL_PH0005031_10_20260531-BODS_V1_1.xml,7,23
GL001-None--SCGL-WEGL-2024-01-01-GL_26-05-31_JD_V9.4__SCGL_PH0005031_10_20260531-BODS_V1_1.xml,8,21
GL001-None--SCGL-WEGL-2024-01-01-GL_26-05-31_JD_V9.4__SCGL_PH0005031_10_20260531-BODS_V1_1.xml,9,25
GL001-None--SCGL-WEGL-2024-01-01-GL_26-05-31_JD_V9.4__SCGL_PH0005031_10_20260531-BODS_V1_1.xml,10,28
GL001-None--SCGL-WEGL-2024-01-01-GL_26-05-31_JD_V9.4__SCGL_PH0005031_10_20260531-BODS_V1_1.xml,11,28
GL001-None--SCGL-WEGL-2024-01-01-GL_26-05-31_JD_V9.4__SCGL_PH0005031_10_20260531-BODS_V1_1.xml,12,28
GL001-None--SCGL-WEGL-2024-01-01-GL_26-05-31_JD_V9.4__SCGL_PH0005031_10_20260531-BODS_V1_1.xml,13,28
GL001-None--SCGL-WEGL-2024-01-01-GL_26-05-31_JD_V9.4__SCGL_PH0005031_10_20260531-BODS_V1_1.xml,14,28
GL001-None--SCGL-WEGL-2024-01-01-GL_26-05-31_JD_V9.4__SCGL_PH0005031_10_20260531-BODS_V1_1.xml,15,26
GL001-None--SCGL-WEGL-2024-01-01-GL_26-05-31_JD_V9.4__SCGL_PH0005031_10_20260531-BODS_V1_1.xml,16,26
GL001-None--SCGL-WEGL-2024-01-01-GL_26-05-31_JD_V9.4__SCGL_PH0005031_10_20260531-BODS_V1_1.xml,17,22
GL001-None--SCGL-WEGL-2024-01-01-GL_26-05-31_JD_V9.4__SCGL_PH0005031_10_20260531-BODS_V1_1.xml,18,16
GL001-None--SCGL-WEGL-2024-01-01-GL_26-05-31_JD_V9.4__SCGL_PH0005031_10_20260531-BODS_V1_1.xml,19,11
GL001-None--SCGL-WEGL-2024-01-01-GL_26-05-31_JD_V9.4__SCGL_PH0005031_10_20260531-BODS_V1_1.xml,20,11
GL001-None--SCGL-WEGL-2024-01-01-GL_26-05-31_JD_V9.4__SCGL_PH0005031_10_20260531-BODS_V1_1.xml,21,11
GL001-None--SCGL-WEGL-2024-01-01-GL_26-05-31_JD_V9.4__SCGL_PH0005031_10_20260531-BODS_V1_1.xml,22,11
GL001-None--SCGL-WEGL-2024-01-01-GL_26-05-31_JD_V9.4__SCGL_PH0005031_10_20260531-BODS_V1_1.xml,23,9
GL002-None--SCGL-WEGL-2024-01-01-GL_26-03-08_DATA_SET__SCGL_PH0005031_175_20260413-BODS_V1_1.xml,0,4
GL002-None--SCGL-WEGL-2024-01-01-GL_26-03-08_DATA_SET__SCGL_PH0005031_175_20260413-BODS_V1_1.xml,5,1
GL002-None--SCGL-WEGL-2024-01-01-GL_26-03-08_DATA_SET__SCGL_PH0005031_175_20260413-BODS_V1_1.xml,6,6
GL002-None--SCGL-WEGL-2024-01-01-GL_26-03-08_DATA_SET__SCGL_PH0005031_175_20260413-BODS_V1_1.xml,7,12
GL002-None--SCGL-WEGL-2024-01-01-GL_26-03-08_DATA_SET__SCGL_PH0005031_175_20260413-BODS_V1_1.xml,8,14
GL002-None--SCGL-WEGL-2024-01-01-GL_26-03-08_DATA_SET__SCGL_PH0005031_175_20260413-BODS_V1_1.xml,9,19
GL002-None--SCGL-WEGL-2024-01-01-GL_26-03-08_DATA_SET__SCGL_PH0005031_175_20260413-BODS_V1_1.xml,10,20
GL002-None--SCGL-WEGL-2024-01-01-GL_26-03-08_DATA_SET__SCGL_PH0005031_175_20260413-BODS_V1_1.xml,11,20
GL002-None--SCGL-WEGL-2024-01-01-GL_26-03-08_DATA_SET__SCGL_PH0005031_175_20260413-BODS_V1_1.xml,12,20
GL002-None--SCGL-WEGL-2024-01-01-GL_26-03-08_DATA_SET__SCGL_PH0005031_175_20260413-BODS_V1_1.xml,13,20
GL002-None--SCGL-WEGL-2024-01-01-GL_26-03-08_DATA_SET__SCGL_PH0005031_175_20260413-BODS_V1_1.xml,14,20
GL002-None--SCGL-WEGL-2024-01-01-GL_26-03-08_DATA_SET__SCGL_PH0005031_175_20260413-BODS_V1_1.xml,15,17
GL002-None--SCGL-WEGL-2024-01-01-GL_26-03-08_DATA_SET__SCGL_PH0005031_175_20260413-BODS_V1_1.xml,16,17
GL002-None--SCGL-WEGL-2024-01-01-GL_26-03-08_DATA_SET__SCGL_PH0005031_175_20260413-BODS_V1_1.xml,17,17
GL002-None--SCGL-WEGL-2024-01-01-GL_26-03-08_DATA_SET__SCGL_PH0005031_175_20260413-BODS_V1_1.xml,18,14
GL002-None--SCGL-WEGL-2024-01-01-GL_26-03-08_DATA_SET__SCGL_PH0005031_175_20260413-BODS_V1_1.xml,19,12
GL002-None--SCGL-WEGL-2024-01-01-GL_26-03-08_DATA_SET__SCGL_PH0005031_175_20260413-BODS_V1_1.xml,20,6
GL002-None--SCGL-WEGL-2024-01-01-GL_26-03-08_DATA_SET__SCGL_PH0005031_175_20260413-BODS_V1_1.xml,21,6
GL002-None--SCGL-WEGL-2024-01-01-GL_26-03-08_DATA_SET__SCGL_PH0005031_175_20260413-BODS_V1_1.xml,22,8
GL002-None--SCGL-WEGL-2024-01-01-GL_26-03-08_DATA_SET__SCGL_PH0005031_175_20260413-BODS_V1_1.xml,23,6
GL002-None--SCGL-WEGL-2024-01-01-GL_26-03-08_DATA_SET__SCGL_PH0005031_175_20260526-BODS_V1_1.xml,0,4
GL002-None--SCGL-WEGL-2024-01-01-GL_26-03-08_DATA_SET__SCGL_PH0005031_175_20260526-BODS_V1_1.xml,5,1
GL002-None--SCGL-WEGL-2024-01-01-GL_26-03-08_DATA_SET__SCGL_PH0005031_175_20260526-BODS_V1_1.xml,6,6
GL002-None--SCGL-WEGL-2024-01-01-GL_26-03-08_DATA_SET__SCGL_PH0005031_175_20260526-BODS_V1_1.xml,7,12
GL002-None--SCGL-WEGL-2024-01-01-GL_26-03-08_DATA_SET__SCGL_PH0005031_175_20260526-BODS_V1_1.xml,8,14
GL002-None--SCGL-WEGL-2024-01-01-GL_26-03-08_DATA_SET__SCGL_PH0005031_175_20260526-BODS_V1_1.xml,9,19
GL002-None--SCGL-WEGL-2024-01-01-GL_26-03-08_DATA_SET__SCGL_PH0005031_175_20260526-BODS_V1_1.xml,10,20
GL002-None--SCGL-WEGL-2024-01-01-GL_26-03-08_DATA_SET__SCGL_PH0005031_175_20260526-BODS_V1_1.xml,11,20
GL002-None--SCGL-WEGL-2024-01-01-GL_26-03-08_DATA_SET__SCGL_PH0005031_175_20260526-BODS_V1_1.xml,12,20
GL002-None--SCGL-WEGL-2024-01-01-GL_26-03-08_DATA_SET__SCGL_PH0005031_175_20260526-BODS_V1_1.xml,13,20
GL002-None--SCGL-WEGL-2024-01-01-GL_26-03-08_DATA_SET__SCGL_PH0005031_175_20260526-BODS_V1_1.xml,14,20
GL002-None--SCGL-WEGL-2024-01-01-GL_26-03-08_DATA_SET__SCGL_PH0005031_175_20260526-BODS_V1_1.xml,15,17
GL002-None--SCGL-WEGL-2024-01-01-GL_26-03-08_DATA_SET__SCGL_PH0005031_175_20260526-BODS_V1_1.xml,16,17
GL002-None--SCGL-WEGL-2024-01-01-GL_26-03-08_DATA_SET__SCGL_PH0005031_175_20260526-BODS_V1_1.xml,17,17
GL002-None--SCGL-WEGL-2024-01-01-GL_26-03-08_DATA_SET__SCGL_PH0005031_175_20260526-BODS_V1_1.xml,18,14
GL002-None--SCGL-WEGL-2024-01-01-GL_26-03-08_DATA_SET__SCGL_PH0005031_175_20260526-BODS_V1_1.xml,19,12
GL002-None--SCGL-WEGL-2024-01-01-GL_26-03-08_DATA_SET__SCGL_PH0005031_175_20260526-BODS_V1_1.xml,20,8
GL002-None--SCGL-WEGL-2024-01-01-GL_26-03-08_DATA_SET__SCGL_PH0005031_175_20260526-BODS_V1_1.xml,21,6
GL002-None--SCGL-WEGL-2024-01-01-GL_26-03-08_DATA_SET__SCGL_PH0005031_175_20260526-BODS_V1_1.xml,22,8
GL002-None--SCGL-WEGL-2024-01-01-GL_26-03-08_DATA_SET__SCGL_PH0005031_175_20260526-BODS_V1_1.xml,23,6
GL002-None--SCGL-WEGL-2024-01-01-GL_26-05-31_JD_V9.4__SCGL_PH0005031_175_20260531-BODS_V1_1.xml,0,4
GL002-None--SCGL-WEGL-2024-01-01-GL_26-05-31_JD_V9.4__SCGL_PH0005031_175_20260531-BODS_V1_1.xml,5,1
GL002-None--SCGL-WEGL-2024-01-01-GL_26-05-31_JD_V9.4__SCGL_PH0005031_175_20260531-BODS_V1_1.xml,6,6
GL002-None--SCGL-WEGL-2024-01-01-GL_26-05-31_JD_V9.4__SCGL_PH0005031_175_20260531-BODS_V1_1.xml,7,12
GL002-None--SCGL-WEGL-2024-01-01-GL_26-05-31_JD_V9.4__SCGL_PH0005031_175_20260531-BODS_V1_1.xml,8,14
GL002-None--SCGL-WEGL-2024-01-01-GL_26-05-31_JD_V9.4__SCGL_PH0005031_175_20260531-BODS_V1_1.xml,9,19
GL002-None--SCGL-WEGL-2024-01-01-GL_26-05-31_JD_V9.4__SCGL_PH0005031_175_20260531-BODS_V1_1.xml,10,20
GL002-None--SCGL-WEGL-2024-01-01-GL_26-05-31_JD_V9.4__SCGL_PH0005031_175_20260531-BODS_V1_1.xml,11,20
GL002-None--SCGL-WEGL-2024-01-01-GL_26-05-31_JD_V9.4__SCGL_PH0005031_175_20260531-BODS_V1_1.xml,12,20
GL002-None--SCGL-WEGL-2024-01-01-GL_26-05-31_JD_V9.4__SCGL_PH0005031_175_20260531-BODS_V1_1.xml,13,20
GL002-None--SCGL-WEGL-2024-01-01-GL_26-05-31_JD_V9.4__SCGL_PH0005031_175_20260531-BODS_V1_1.xml,14,20
GL002-None--SCGL-WEGL-2024-01-01-GL_26-05-31_JD_V9.4__SCGL_PH0005031_175_20260531-BODS_V1_1.xml,15,17
GL002-None--SCGL-WEGL-2024-01-01-GL_26-05-31_JD_V9.4__SCGL_PH0005031_175_20260531-BODS_V1_1.xml,16,17
GL002-None--SCGL-WEGL-2024-01-01-GL_26-05-31_JD_V9.4__SCGL_PH0005031_175_20260531-BODS_V1_1.xml,17,17
GL002-None--SCGL-WEGL-2024-01-01-GL_26-05-31_JD_V9.4__SCGL_PH0005031_175_20260531-BODS_V1_1.xml,18,14
GL002-None--SCGL-WEGL-2024-01-01-GL_26-05-31_JD_V9.4__SCGL_PH0005031_175_20260531-BODS_V1_1.xml,19,10
GL002-None--SCGL-WEGL-2024-01-01-GL_26-05-31_JD_V9.4__SCGL_PH0005031_175_20260531-BODS_V1_1.xml,20,6
GL002-None--SCGL-WEGL-2024-01-01-GL_26-05-31_JD_V9.4__SCGL_PH0005031_175_20260531-BODS_V1_1.xml,21,6
GL002-None--SCGL-WEGL-2024-01-01-GL_26-05-31_JD_V9.4__SCGL_PH0005031_175_20260531-BODS_V1_1.xml,22,8
GL002-None--SCGL-WEGL-2024-01-01-GL_26-05-31_JD_V9.4__SCGL_PH0005031_175_20260531-BODS_V1_1.xml,23,6
GL006-None--SCGL-WEGL-2024-01-01-GL_26-03-08_DATA_SET__SCGL_PH0005031_56_20260413-BODS_V1_1.xml,9,2
GL006-None--SCGL-WEGL-2024-01-01-GL_26-03-08_DATA_SET__SCGL_PH0005031_56_20260413-BODS_V1_1.xml,10,2
GL006-None--SCGL-WEGL-2024-01-01-GL_26-03-08_DATA_SET__SCGL_PH0005031_56_20260413-BODS_V1_1.xml,11,2
GL006-None--SCGL-WEGL-2024-01-01-GL_26-03-08_DATA_SET__SCGL_PH0005031_56_20260413-BODS_V1_1.xml,12,2
GL006-None--SCGL-WEGL-2024-01-01-GL_26-03-08_DATA_SET__SCGL_PH0005031_56_20260413-BODS_V1_1.xml,13,2
GL006-None--SCGL-WEGL-2024-01-01-GL_26-03-08_DATA_SET__SCGL_PH0005031_56_20260413-BODS_V1_1.xml,14,2
GL006-None--SCGL-WEGL-2024-01-01-GL_26-03-08_DATA_SET__SCGL_PH0005031_56_20260526-BODS_V1_1.xml,9,3
GL006-None--SCGL-WEGL-2024-01-01-GL_26-03-08_DATA_SET__SCGL_PH0005031_56_20260526-BODS_V1_1.xml,10,3
GL006-None--SCGL-WEGL-2024-01-01-GL_26-03-08_DATA_SET__SCGL_PH0005031_56_20260526-BODS_V1_1.xml,11,3
GL006-None--SCGL-WEGL-2024-01-01-GL_26-03-08_DATA_SET__SCGL_PH0005031_56_20260526-BODS_V1_1.xml,12,3
GL006-None--SCGL-WEGL-2024-01-01-GL_26-03-08_DATA_SET__SCGL_PH0005031_56_20260526-BODS_V1_1.xml,13,3
GL006-None--SCGL-WEGL-2024-01-01-GL_26-03-08_DATA_SET__SCGL_PH0005031_56_20260526-BODS_V1_1.xml,14,3
GL006-None--SCGL-WEGL-2024-01-01-GL_26-05-31_JD_V9.4__SCGL_PH0005031_56_20260531-BODS_V1_1.xml,9,2
GL006-None--SCGL-WEGL-2024-01-01-GL_26-05-31_JD_V9.4__SCGL_PH0005031_56_20260531-BODS_V1_1.xml,10,2
GL006-None--SCGL-WEGL-2024-01-01-GL_26-05-31_JD_V9.4__SCGL_PH0005031_56_20260531-BODS_V1_1.xml,11,2
GL006-None--SCGL-WEGL-2024-01-01-GL_26-05-31_JD_V9.4__SCGL_PH0005031_56_20260531-BODS_V1_1.xml,12,2
GL006-None--SCGL-WEGL-2024-01-01-GL_26-05-31_JD_V9.4__SCGL_PH0005031_56_20260531-BODS_V1_1.xml,13,2
GL006-None--SCGL-WEGL-2024-01-01-GL_26-05-31_JD_V9.4__SCGL_PH0005031_56_20260531-BODS_V1_1.xml,14,2
GL008-None--SCGL-WEGL-2024-01-01-GL_26-03-08_DATA_SET__SCGL_PH0005031_176_20260413-BODS_V1_1.xml,0,4
GL008-None--SCGL-WEGL-2024-01-01-GL_26-03-08_DATA_SET__SCGL_PH0005031_176_20260413-BODS_V1_1.xml,1,3
GL008-None--SCGL-WEGL-2024-01-01-GL_26-03-08_DATA_SET__SCGL_PH0005031_176_20260413-BODS_V1_1.xml,5,6
GL008-None--SCGL-WEGL-2024-01-01-GL_26-03-08_DATA_SET__SCGL_PH0005031_176_20260413-BODS_V1_1.xml,6,10
GL008-None--SCGL-WEGL-2024-01-01-GL_26-03-08_DATA_SET__SCGL_PH0005031_176_20260413-BODS_V1_1.xml,7,10
GL008-None--SCGL-WEGL-2024-01-01-GL_26-03-08_DATA_SET__SCGL_PH0005031_176_20260413-BODS_V1_1.xml,8,11
GL008-None--SCGL-WEGL-2024-01-01-GL_26-03-08_DATA_SET__SCGL_PH0005031_176_20260413-BODS_V1_1.xml,9,15
GL008-None--SCGL-WEGL-2024-01-01-GL_26-03-08_DATA_SET__SCGL_PH0005031_176_20260413-BODS_V1_1.xml,10,16
GL008-None--SCGL-WEGL-2024-01-01-GL_26-03-08_DATA_SET__SCGL_PH0005031_176_20260413-BODS_V1_1.xml,11,16
GL008-None--SCGL-WEGL-2024-01-01-GL_26-03-08_DATA_SET__SCGL_PH0005031_176_20260413-BODS_V1_1.xml,12,16
GL008-None--SCGL-WEGL-2024-01-01-GL_26-03-08_DATA_SET__SCGL_PH0005031_176_20260413-BODS_V1_1.xml,13,16
GL008-None--SCGL-WEGL-2024-01-01-GL_26-03-08_DATA_SET__SCGL_PH0005031_176_20260413-BODS_V1_1.xml,14,16
GL008-None--SCGL-WEGL-2024-01-01-GL_26-03-08_DATA_SET__SCGL_PH0005031_176_20260413-BODS_V1_1.xml,15,16
GL008-None--SCGL-WEGL-2024-01-01-GL_26-03-08_DATA_SET__SCGL_PH0005031_176_20260413-BODS_V1_1.xml,16,17
GL008-None--SCGL-WEGL-2024-01-01-GL_26-03-08_DATA_SET__SCGL_PH0005031_176_20260413-BODS_V1_1.xml,17,14
GL008-None--SCGL-WEGL-2024-01-01-GL_26-03-08_DATA_SET__SCGL_PH0005031_176_20260413-BODS_V1_1.xml,18,12
GL008-None--SCGL-WEGL-2024-01-01-GL_26-03-08_DATA_SET__SCGL_PH0005031_176_20260413-BODS_V1_1.xml,19,6
GL008-None--SCGL-WEGL-2024-01-01-GL_26-03-08_DATA_SET__SCGL_PH0005031_176_20260413-BODS_V1_1.xml,20,6
GL008-None--SCGL-WEGL-2024-01-01-GL_26-03-08_DATA_SET__SCGL_PH0005031_176_20260413-BODS_V1_1.xml,21,6
GL008-None--SCGL-WEGL-2024-01-01-GL_26-03-08_DATA_SET__SCGL_PH0005031_176_20260413-BODS_V1_1.xml,22,6
GL008-None--SCGL-WEGL-2024-01-01-GL_26-03-08_DATA_SET__SCGL_PH0005031_176_20260413-BODS_V1_1.xml,23,6
GL008-None--SCGL-WEGL-2024-01-01-GL_26-03-08_DATA_SET__SCGL_PH0005031_176_20260526-BODS_V1_1.xml,0,4
GL008-None--SCGL-WEGL-2024-01-01-GL_26-03-08_DATA_SET__SCGL_PH0005031_176_20260526-BODS_V1_1.xml,1,3
GL008-None--SCGL-WEGL-2024-01-01-GL_26-03-08_DATA_SET__SCGL_PH0005031_176_20260526-BODS_V1_1.xml,5,6
GL008-None--SCGL-WEGL-2024-01-01-GL_26-03-08_DATA_SET__SCGL_PH0005031_176_20260526-BODS_V1_1.xml,6,10
GL008-None--SCGL-WEGL-2024-01-01-GL_26-03-08_DATA_SET__SCGL_PH0005031_176_20260526-BODS_V1_1.xml,7,10
GL008-None--SCGL-WEGL-2024-01-01-GL_26-03-08_DATA_SET__SCGL_PH0005031_176_20260526-BODS_V1_1.xml,8,11
GL008-None--SCGL-WEGL-2024-01-01-GL_26-03-08_DATA_SET__SCGL_PH0005031_176_20260526-BODS_V1_1.xml,9,15
GL008-None--SCGL-WEGL-2024-01-01-GL_26-03-08_DATA_SET__SCGL_PH0005031_176_20260526-BODS_V1_1.xml,10,16
GL008-None--SCGL-WEGL-2024-01-01-GL_26-03-08_DATA_SET__SCGL_PH0005031_176_20260526-BODS_V1_1.xml,11,16
GL008-None--SCGL-WEGL-2024-01-01-GL_26-03-08_DATA_SET__SCGL_PH0005031_176_20260526-BODS_V1_1.xml,12,16
GL008-None--SCGL-WEGL-2024-01-01-GL_26-03-08_DATA_SET__SCGL_PH0005031_176_20260526-BODS_V1_1.xml,13,16
GL008-None--SCGL-WEGL-2024-01-01-GL_26-03-08_DATA_SET__SCGL_PH0005031_176_20260526-BODS_V1_1.xml,14,16
GL008-None--SCGL-WEGL-2024-01-01-GL_26-03-08_DATA_SET__SCGL_PH0005031_176_20260526-BODS_V1_1.xml,15,16
GL008-None--SCGL-WEGL-2024-01-01-GL_26-03-08_DATA_SET__SCGL_PH0005031_176_20260526-BODS_V1_1.xml,16,17
GL008-None--SCGL-WEGL-2024-01-01-GL_26-03-08_DATA_SET__SCGL_PH0005031_176_20260526-BODS_V1_1.xml,17,14
GL008-None--SCGL-WEGL-2024-01-01-GL_26-03-08_DATA_SET__SCGL_PH0005031_176_20260526-BODS_V1_1.xml,18,12
GL008-None--SCGL-WEGL-2024-01-01-GL_26-03-08_DATA_SET__SCGL_PH0005031_176_20260526-BODS_V1_1.xml,19,6
GL008-None--SCGL-WEGL-2024-01-01-GL_26-03-08_DATA_SET__SCGL_PH0005031_176_20260526-BODS_V1_1.xml,20,6
GL008-None--SCGL-WEGL-2024-01-01-GL_26-03-08_DATA_SET__SCGL_PH0005031_176_20260526-BODS_V1_1.xml,21,6
GL008-None--SCGL-WEGL-2024-01-01-GL_26-03-08_DATA_SET__SCGL_PH0005031_176_20260526-BODS_V1_1.xml,22,6
GL008-None--SCGL-WEGL-2024-01-01-GL_26-03-08_DATA_SET__SCGL_PH0005031_176_20260526-BODS_V1_1.xml,23,6
GL008-None--SCGL-WEGL-2024-01-01-GL_26-05-31_JD_V9.4__SCGL_PH0005031_176_20260531-BODS_V1_1.xml,0,4
GL008-None--SCGL-WEGL-2024-01-01-GL_26-05-31_JD_V9.4__SCGL_PH0005031_176_20260531-BODS_V1_1.xml,1,3
GL008-None--SCGL-WEGL-2024-01-01-GL_26-05-31_JD_V9.4__SCGL_PH0005031_176_20260531-BODS_V1_1.xml,5,6
GL008-None--SCGL-WEGL-2024-01-01-GL_26-05-31_JD_V9.4__SCGL_PH0005031_176_20260531-BODS_V1_1.xml,6,10
GL008-None--SCGL-WEGL-2024-01-01-GL_26-05-31_JD_V9.4__SCGL_PH0005031_176_20260531-BODS_V1_1.xml,7,10
GL008-None--SCGL-WEGL-2024-01-01-GL_26-05-31_JD_V9.4__SCGL_PH0005031_176_20260531-BODS_V1_1.xml,8,11
GL008-None--SCGL-WEGL-2024-01-01-GL_26-05-31_JD_V9.4__SCGL_PH0005031_176_20260531-BODS_V1_1.xml,9,15
GL008-None--SCGL-WEGL-2024-01-01-GL_26-05-31_JD_V9.4__SCGL_PH0005031_176_20260531-BODS_V1_1.xml,10,16
GL008-None--SCGL-WEGL-2024-01-01-GL_26-05-31_JD_V9.4__SCGL_PH0005031_176_20260531-BODS_V1_1.xml,11,16
GL008-None--SCGL-WEGL-2024-01-01-GL_26-05-31_JD_V9.4__SCGL_PH0005031_176_20260531-BODS_V1_1.xml,12,16
GL008-None--SCGL-WEGL-2024-01-01-GL_26-05-31_JD_V9.4__SCGL_PH0005031_176_20260531-BODS_V1_1.xml,13,16
GL008-None--SCGL-WEGL-2024-01-01-GL_26-05-31_JD_V9.4__SCGL_PH0005031_176_20260531-BODS_V1_1.xml,14,16
GL008-None--SCGL-WEGL-2024-01-01-GL_26-05-31_JD_V9.4__SCGL_PH0005031_176_20260531-BODS_V1_1.xml,15,16
GL008-None--SCGL-WEGL-2024-01-01-GL_26-05-31_JD_V9.4__SCGL_PH0005031_176_20260531-BODS_V1_1.xml,16,17
GL008-None--SCGL-WEGL-2024-01-01-GL_26-05-31_JD_V9.4__SCGL_PH0005031_176_20260531-BODS_V1_1.xml,17,14
GL008-None--SCGL-WEGL-2024-01-01-GL_26-05-31_JD_V9.4__SCGL_PH0005031_176_20260531-BODS_V1_1.xml,18,12
GL008-None--SCGL-WEGL-2024-01-01-GL_26-05-31_JD_V9.4__SCGL_PH0005031_176_20260531-BODS_V1_1.xml,19,6
GL008-None--SCGL-WEGL-2024-01-01-GL_26-05-31_JD_V9.4__SCGL_PH0005031_176_20260531-BODS_V1_1.xml,20,6
GL008-None--SCGL-WEGL-2024-01-01-GL_26-05-31_JD_V9.4__SCGL_PH0005031_176_20260531-BODS_V1_1.xml,21,6
GL008-None--SCGL-WEGL-2024-01-01-GL_26-05-31_JD_V9.4__SCGL_PH0005031_176_20260531-BODS_V1_1.xml,22,6
GL008-None--SCGL-WEGL-2024-01-01-GL_26-05-31_JD_V9.4__SCGL_PH0005031_176_20260531-BODS_V1_1.xml,23,6
GL009-None--SCGL-WEGL-2024-01-01-GL_26-03-08_DATA_SET__SCGL_PH0005031_5_20260413-BODS_V1_1.xml,5,2
GL009-None--SCGL-WEGL-2024-01-01-GL_26-03-08_DATA_SET__SCGL_PH0005031_5_20260413-BODS_V1_1.xml,6,10
GL009-None--SCGL-WEGL-2024-01-01-GL_26-03-08_DATA_SET__SCGL_PH0005031_5_20260413-BODS_V1_1.xml,7,13
GL009-None--SCGL-WEGL-2024-01-01-GL_26-03-08_DATA_SET__SCGL_PH0005031_5_20260413-BODS_V1_1.xml,8,12
GL009-None--SCGL-WEGL-2024-01-01-GL_26-03-08_DATA_SET__SCGL_PH0005031_5_20260413-BODS_V1_1.xml,9,16
GL009-None--SCGL-WEGL-2024-01-01-GL_26-03-08_DATA_SET__SCGL_PH0005031_5_20260413-BODS_V1_1.xml,10,16
GL009-None--SCGL-WEGL-2024-01-01-GL_26-03-08_DATA_SET__SCGL_PH0005031_5_20260413-BODS_V1_1.xml,11,18
GL009-None--SCGL-WEGL-2024-01-01-GL_26-03-08_DATA_SET__SCGL_PH0005031_5_20260413-BODS_V1_1.xml,12,18
GL009-None--SCGL-WEGL-2024-01-01-GL_26-03-08_DATA_SET__SCGL_PH0005031_5_20260413-BODS_V1_1.xml,13,17
GL009-None--SCGL-WEGL-2024-01-01-GL_26-03-08_DATA_SET__SCGL_PH0005031_5_20260413-BODS_V1_1.xml,14,18
GL009-None--SCGL-WEGL-2024-01-01-GL_26-03-08_DATA_SET__SCGL_PH0005031_5_20260413-BODS_V1_1.xml,15,17
GL009-None--SCGL-WEGL-2024-01-01-GL_26-03-08_DATA_SET__SCGL_PH0005031_5_20260413-BODS_V1_1.xml,16,14
GL009-None--SCGL-WEGL-2024-01-01-GL_26-03-08_DATA_SET__SCGL_PH0005031_5_20260413-BODS_V1_1.xml,17,14
GL009-None--SCGL-WEGL-2024-01-01-GL_26-03-08_DATA_SET__SCGL_PH0005031_5_20260413-BODS_V1_1.xml,18,14
GL009-None--SCGL-WEGL-2024-01-01-GL_26-03-08_DATA_SET__SCGL_PH0005031_5_20260413-BODS_V1_1.xml,19,4
GL009-None--SCGL-WEGL-2024-01-01-GL_26-03-08_DATA_SET__SCGL_PH0005031_5_20260413-BODS_V1_1.xml,20,6
GL009-None--SCGL-WEGL-2024-01-01-GL_26-03-08_DATA_SET__SCGL_PH0005031_5_20260413-BODS_V1_1.xml,21,4
GL009-None--SCGL-WEGL-2024-01-01-GL_26-03-08_DATA_SET__SCGL_PH0005031_5_20260413-BODS_V1_1.xml,22,4
GL009-None--SCGL-WEGL-2024-01-01-GL_26-03-08_DATA_SET__SCGL_PH0005031_5_20260526-BODS_V1_1.xml,5,2
GL009-None--SCGL-WEGL-2024-01-01-GL_26-03-08_DATA_SET__SCGL_PH0005031_5_20260526-BODS_V1_1.xml,6,10
GL009-None--SCGL-WEGL-2024-01-01-GL_26-03-08_DATA_SET__SCGL_PH0005031_5_20260526-BODS_V1_1.xml,7,13
GL009-None--SCGL-WEGL-2024-01-01-GL_26-03-08_DATA_SET__SCGL_PH0005031_5_20260526-BODS_V1_1.xml,8,12
GL009-None--SCGL-WEGL-2024-01-01-GL_26-03-08_DATA_SET__SCGL_PH0005031_5_20260526-BODS_V1_1.xml,9,16
GL009-None--SCGL-WEGL-2024-01-01-GL_26-03-08_DATA_SET__SCGL_PH0005031_5_20260526-BODS_V1_1.xml,10,16
GL009-None--SCGL-WEGL-2024-01-01-GL_26-03-08_DATA_SET__SCGL_PH0005031_5_20260526-BODS_V1_1.xml,11,18
GL009-None--SCGL-WEGL-2024-01-01-GL_26-03-08_DATA_SET__SCGL_PH0005031_5_20260526-BODS_V1_1.xml,12,18
GL009-None--SCGL-WEGL-2024-01-01-GL_26-03-08_DATA_SET__SCGL_PH0005031_5_20260526-BODS_V1_1.xml,13,17
GL009-None--SCGL-WEGL-2024-01-01-GL_26-03-08_DATA_SET__SCGL_PH0005031_5_20260526-BODS_V1_1.xml,14,18
GL009-None--SCGL-WEGL-2024-01-01-GL_26-03-08_DATA_SET__SCGL_PH0005031_5_20260526-BODS_V1_1.xml,15,17
GL009-None--SCGL-WEGL-2024-01-01-GL_26-03-08_DATA_SET__SCGL_PH0005031_5_20260526-BODS_V1_1.xml,16,14
GL009-None--SCGL-WEGL-2024-01-01-GL_26-03-08_DATA_SET__SCGL_PH0005031_5_20260526-BODS_V1_1.xml,17,15
GL009-None--SCGL-WEGL-2024-01-01-GL_26-03-08_DATA_SET__SCGL_PH0005031_5_20260526-BODS_V1_1.xml,18,15
GL009-None--SCGL-WEGL-2024-01-01-GL_26-03-08_DATA_SET__SCGL_PH0005031_5_20260526-BODS_V1_1.xml,19,4
GL009-None--SCGL-WEGL-2024-01-01-GL_26-03-08_DATA_SET__SCGL_PH0005031_5_20260526-BODS_V1_1.xml,20,6
GL009-None--SCGL-WEGL-2024-01-01-GL_26-03-08_DATA_SET__SCGL_PH0005031_5_20260526-BODS_V1_1.xml,21,6
GL009-None--SCGL-WEGL-2024-01-01-GL_26-03-08_DATA_SET__SCGL_PH0005031_5_20260526-BODS_V1_1.xml,22,4
GL009-None--SCGL-WEGL-2024-01-01-GL_26-05-31_JD_V9.4__SCGL_PH0005031_5_20260531-BODS_V1_1.xml,5,2
GL009-None--SCGL-WEGL-2024-01-01-GL_26-05-31_JD_V9.4__SCGL_PH0005031_5_20260531-BODS_V1_1.xml,6,8
GL009-None--SCGL-WEGL-2024-01-01-GL_26-05-31_JD_V9.4__SCGL_PH0005031_5_20260531-BODS_V1_1.xml,7,11
GL009-None--SCGL-WEGL-2024-01-01-GL_26-05-31_JD_V9.4__SCGL_PH0005031_5_20260531-BODS_V1_1.xml,8,11
GL009-None--SCGL-WEGL-2024-01-01-GL_26-05-31_JD_V9.4__SCGL_PH0005031_5_20260531-BODS_V1_1.xml,9,14
GL009-None--SCGL-WEGL-2024-01-01-GL_26-05-31_JD_V9.4__SCGL_PH0005031_5_20260531-BODS_V1_1.xml,10,15
GL009-None--SCGL-WEGL-2024-01-01-GL_26-05-31_JD_V9.4__SCGL_PH0005031_5_20260531-BODS_V1_1.xml,11,16
GL009-None--SCGL-WEGL-2024-01-01-GL_26-05-31_JD_V9.4__SCGL_PH0005031_5_20260531-BODS_V1_1.xml,12,16
GL009-None--SCGL-WEGL-2024-01-01-GL_26-05-31_JD_V9.4__SCGL_PH0005031_5_20260531-BODS_V1_1.xml,13,16
GL009-None--SCGL-WEGL-2024-01-01-GL_26-05-31_JD_V9.4__SCGL_PH0005031_5_20260531-BODS_V1_1.xml,14,16
GL009-None--SCGL-WEGL-2024-01-01-GL_26-05-31_JD_V9.4__SCGL_PH0005031_5_20260531-BODS_V1_1.xml,15,15
GL009-None--SCGL-WEGL-2024-01-01-GL_26-05-31_JD_V9.4__SCGL_PH0005031_5_20260531-BODS_V1_1.xml,16,13
GL009-None--SCGL-WEGL-2024-01-01-GL_26-05-31_JD_V9.4__SCGL_PH0005031_5_20260531-BODS_V1_1.xml,17,14
GL009-None--SCGL-WEGL-2024-01-01-GL_26-05-31_JD_V9.4__SCGL_PH0005031_5_20260531-BODS_V1_1.xml,18,12
GL009-None--SCGL-WEGL-2024-01-01-GL_26-05-31_JD_V9.4__SCGL_PH0005031_5_20260531-BODS_V1_1.xml,19,4
GL009-None--SCGL-WEGL-2024-01-01-GL_26-05-31_JD_V9.4__SCGL_PH0005031_5_20260531-BODS_V1_1.xml,20,4
GL009-None--SCGL-WEGL-2024-01-01-GL_26-05-31_JD_V9.4__SCGL_PH0005031_5_20260531-BODS_V1_1.xml,21,4
GL009-None--SCGL-WEGL-2024-01-01-GL_26-05-31_JD_V9.4__SCGL_PH0005031_5_20260531-BODS_V1_1.xml,22,4
GL010-None--SCGL-WEGL-2024-01-01-GL_26-03-08_DATA_SET__SCGL_PH0005031_13_20260413-BODS_V1_1.xml,0,7
GL010-None--SCGL-WEGL-2024-01-01-GL_26-03-08_DATA_SET__SCGL_PH0005031_13_20260413-BODS_V1_1.xml,1,4
GL010-None--SCGL-WEGL-2024-01-01-GL_26-03-08_DATA_SET__SCGL_PH0005031_13_20260413-BODS_V1_1.xml,5,7
GL010-None--SCGL-WEGL-2024-01-01-GL_26-03-08_DATA_SET__SCGL_PH0005031_13_20260413-BODS_V1_1.xml,6,19
GL010-None--SCGL-WEGL-2024-01-01-GL_26-03-08_DATA_SET__SCGL_PH0005031_13_20260413-BODS_V1_1.xml,7,19
GL010-None--SCGL-WEGL-2024-01-01-GL_26-03-08_DATA_SET__SCGL_PH0005031_13_20260413-BODS_V1_1.xml,8,23
GL010-None--SCGL-WEGL-2024-01-01-GL_26-03-08_DATA_SET__SCGL_PH0005031_13_20260413-BODS_V1_1.xml,9,24
GL010-None--SCGL-WEGL-2024-01-01-GL_26-03-08_DATA_SET__SCGL_PH0005031_13_20260413-BODS_V1_1.xml,10,22
GL010-None--SCGL-WEGL-2024-01-01-GL_26-03-08_DATA_SET__SCGL_PH0005031_13_20260413-BODS_V1_1.xml,11,22
GL010-None--SCGL-WEGL-2024-01-01-GL_26-03-08_DATA_SET__SCGL_PH0005031_13_20260413-BODS_V1_1.xml,12,22
GL010-None--SCGL-WEGL-2024-01-01-GL_26-03-08_DATA_SET__SCGL_PH0005031_13_20260413-BODS_V1_1.xml,13,22
GL010-None--SCGL-WEGL-2024-01-01-GL_26-03-08_DATA_SET__SCGL_PH0005031_13_20260413-BODS_V1_1.xml,14,22
GL010-None--SCGL-WEGL-2024-01-01-GL_26-03-08_DATA_SET__SCGL_PH0005031_13_20260413-BODS_V1_1.xml,15,24
GL010-None--SCGL-WEGL-2024-01-01-GL_26-03-08_DATA_SET__SCGL_PH0005031_13_20260413-BODS_V1_1.xml,16,21
GL010-None--SCGL-WEGL-2024-01-01-GL_26-03-08_DATA_SET__SCGL_PH0005031_13_20260413-BODS_V1_1.xml,17,23
GL010-None--SCGL-WEGL-2024-01-01-GL_26-03-08_DATA_SET__SCGL_PH0005031_13_20260413-BODS_V1_1.xml,18,16
GL010-None--SCGL-WEGL-2024-01-01-GL_26-03-08_DATA_SET__SCGL_PH0005031_13_20260413-BODS_V1_1.xml,19,13
GL010-None--SCGL-WEGL-2024-01-01-GL_26-03-08_DATA_SET__SCGL_PH0005031_13_20260413-BODS_V1_1.xml,20,9
GL010-None--SCGL-WEGL-2024-01-01-GL_26-03-08_DATA_SET__SCGL_PH0005031_13_20260413-BODS_V1_1.xml,21,10
GL010-None--SCGL-WEGL-2024-01-01-GL_26-03-08_DATA_SET__SCGL_PH0005031_13_20260413-BODS_V1_1.xml,22,10
GL010-None--SCGL-WEGL-2024-01-01-GL_26-03-08_DATA_SET__SCGL_PH0005031_13_20260413-BODS_V1_1.xml,23,13
GL010-None--SCGL-WEGL-2024-01-01-GL_26-03-08_DATA_SET__SCGL_PH0005031_13_20260526-BODS_V1_1.xml,0,7
GL010-None--SCGL-WEGL-2024-01-01-GL_26-03-08_DATA_SET__SCGL_PH0005031_13_20260526-BODS_V1_1.xml,1,4
GL010-None--SCGL-WEGL-2024-01-01-GL_26-03-08_DATA_SET__SCGL_PH0005031_13_20260526-BODS_V1_1.xml,5,6
GL010-None--SCGL-WEGL-2024-01-01-GL_26-03-08_DATA_SET__SCGL_PH0005031_13_20260526-BODS_V1_1.xml,6,15
GL010-None--SCGL-WEGL-2024-01-01-GL_26-03-08_DATA_SET__SCGL_PH0005031_13_20260526-BODS_V1_1.xml,7,18
GL010-None--SCGL-WEGL-2024-01-01-GL_26-03-08_DATA_SET__SCGL_PH0005031_13_20260526-BODS_V1_1.xml,8,23
GL010-None--SCGL-WEGL-2024-01-01-GL_26-03-08_DATA_SET__SCGL_PH0005031_13_20260526-BODS_V1_1.xml,9,24
GL010-None--SCGL-WEGL-2024-01-01-GL_26-03-08_DATA_SET__SCGL_PH0005031_13_20260526-BODS_V1_1.xml,10,22
GL010-None--SCGL-WEGL-2024-01-01-GL_26-03-08_DATA_SET__SCGL_PH0005031_13_20260526-BODS_V1_1.xml,11,22
GL010-None--SCGL-WEGL-2024-01-01-GL_26-03-08_DATA_SET__SCGL_PH0005031_13_20260526-BODS_V1_1.xml,12,22
GL010-None--SCGL-WEGL-2024-01-01-GL_26-03-08_DATA_SET__SCGL_PH0005031_13_20260526-BODS_V1_1.xml,13,22
GL010-None--SCGL-WEGL-2024-01-01-GL_26-03-08_DATA_SET__SCGL_PH0005031_13_20260526-BODS_V1_1.xml,14,22
GL010-None--SCGL-WEGL-2024-01-01-GL_26-03-08_DATA_SET__SCGL_PH0005031_13_20260526-BODS_V1_1.xml,15,21
GL010-None--SCGL-WEGL-2024-01-01-GL_26-03-08_DATA_SET__SCGL_PH0005031_13_20260526-BODS_V1_1.xml,16,20
GL010-None--SCGL-WEGL-2024-01-01-GL_26-03-08_DATA_SET__SCGL_PH0005031_13_20260526-BODS_V1_1.xml,17,23
GL010-None--SCGL-WEGL-2024-01-01-GL_26-03-08_DATA_SET__SCGL_PH0005031_13_20260526-BODS_V1_1.xml,18,16
GL010-None--SCGL-WEGL-2024-01-01-GL_26-03-08_DATA_SET__SCGL_PH0005031_13_20260526-BODS_V1_1.xml,19,13
GL010-None--SCGL-WEGL-2024-01-01-GL_26-03-08_DATA_SET__SCGL_PH0005031_13_20260526-BODS_V1_1.xml,20,9
GL010-None--SCGL-WEGL-2024-01-01-GL_26-03-08_DATA_SET__SCGL_PH0005031_13_20260526-BODS_V1_1.xml,21,10
GL010-None--SCGL-WEGL-2024-01-01-GL_26-03-08_DATA_SET__SCGL_PH0005031_13_20260526-BODS_V1_1.xml,22,10
GL010-None--SCGL-WEGL-2024-01-01-GL_26-03-08_DATA_SET__SCGL_PH0005031_13_20260526-BODS_V1_1.xml,23,13
GL010-None--SCGL-WEGL-2024-01-01-GL_26-05-31_JD_V9.4__SCGL_PH0005031_13_20260531-BODS_V1_1.xml,0,7
GL010-None--SCGL-WEGL-2024-01-01-GL_26-05-31_JD_V9.4__SCGL_PH0005031_13_20260531-BODS_V1_1.xml,1,4
GL010-None--SCGL-WEGL-2024-01-01-GL_26-05-31_JD_V9.4__SCGL_PH0005031_13_20260531-BODS_V1_1.xml,5,7
GL010-None--SCGL-WEGL-2024-01-01-GL_26-05-31_JD_V9.4__SCGL_PH0005031_13_20260531-BODS_V1_1.xml,6,19
GL010-None--SCGL-WEGL-2024-01-01-GL_26-05-31_JD_V9.4__SCGL_PH0005031_13_20260531-BODS_V1_1.xml,7,19
GL010-None--SCGL-WEGL-2024-01-01-GL_26-05-31_JD_V9.4__SCGL_PH0005031_13_20260531-BODS_V1_1.xml,8,23
GL010-None--SCGL-WEGL-2024-01-01-GL_26-05-31_JD_V9.4__SCGL_PH0005031_13_20260531-BODS_V1_1.xml,9,24
GL010-None--SCGL-WEGL-2024-01-01-GL_26-05-31_JD_V9.4__SCGL_PH0005031_13_20260531-BODS_V1_1.xml,10,22
GL010-None--SCGL-WEGL-2024-01-01-GL_26-05-31_JD_V9.4__SCGL_PH0005031_13_20260531-BODS_V1_1.xml,11,22
GL010-None--SCGL-WEGL-2024-01-01-GL_26-05-31_JD_V9.4__SCGL_PH0005031_13_20260531-BODS_V1_1.xml,12,22
GL010-None--SCGL-WEGL-2024-01-01-GL_26-05-31_JD_V9.4__SCGL_PH0005031_13_20260531-BODS_V1_1.xml,13,22
GL010-None--SCGL-WEGL-2024-01-01-GL_26-05-31_JD_V9.4__SCGL_PH0005031_13_20260531-BODS_V1_1.xml,14,22
GL010-None--SCGL-WEGL-2024-01-01-GL_26-05-31_JD_V9.4__SCGL_PH0005031_13_20260531-BODS_V1_1.xml,15,24
GL010-None--SCGL-WEGL-2024-01-01-GL_26-05-31_JD_V9.4__SCGL_PH0005031_13_20260531-BODS_V1_1.xml,16,21
GL010-None--SCGL-WEGL-2024-01-01-GL_26-05-31_JD_V9.4__SCGL_PH0005031_13_20260531-BODS_V1_1.xml,17,22
GL010-None--SCGL-WEGL-2024-01-01-GL_26-05-31_JD_V9.4__SCGL_PH0005031_13_20260531-BODS_V1_1.xml,18,17
GL010-None--SCGL-WEGL-2024-01-01-GL_26-05-31_JD_V9.4__SCGL_PH0005031_13_20260531-BODS_V1_1.xml,19,12
GL010-None--SCGL-WEGL-2024-01-01-GL_26-05-31_JD_V9.4__SCGL_PH0005031_13_20260531-BODS_V1_1.xml,20,9
GL010-None--SCGL-WEGL-2024-01-01-GL_26-05-31_JD_V9.4__SCGL_PH0005031_13_20260531-BODS_V1_1.xml,21,10
GL010-None--SCGL-WEGL-2024-01-01-GL_26-05-31_JD_V9.4__SCGL_PH0005031_13_20260531-BODS_V1_1.xml,22,10
GL010-None--SCGL-WEGL-2024-01-01-GL_26-05-31_JD_V9.4__SCGL_PH0005031_13_20260531-BODS_V1_1.xml,23,13
GL011-None--SCGL-WEGL-2024-01-01-GL_26-03-08_DATA_SET__SCGL_PH0005031_269_20260413-BODS_V1_1.xml,10,2
GL011-None--SCGL-WEGL-2024-01-01-GL_26-03-08_DATA_SET__SCGL_PH0005031_269_20260413-BODS_V1_1.xml,12,2
GL011-None--SCGL-WEGL-2024-01-01-GL_26-03-08_DATA_SET__SCGL_PH0005031_269_20260413-BODS_V1_1.xml,14,2
GL011-None--SCGL-WEGL-2024-01-01-GL_26-03-08_DATA_SET__SCGL_PH0005031_269_20260526-BODS_V1_1.xml,10,2
GL011-None--SCGL-WEGL-2024-01-01-GL_26-03-08_DATA_SET__SCGL_PH0005031_269_20260526-BODS_V1_1.xml,12,2
GL011-None--SCGL-WEGL-2024-01-01-GL_26-03-08_DATA_SET__SCGL_PH0005031_269_20260526-BODS_V1_1.xml,14,2
GL011-None--SCGL-WEGL-2024-01-01-GL_26-05-31_JD_V9.4__SCGL_PH0005031_269_20260531-BODS_V1_1.xml,10,2
GL011-None--SCGL-WEGL-2024-01-01-GL_26-05-31_JD_V9.4__SCGL_PH0005031_269_20260531-BODS_V1_1.xml,12,2
GL011-None--SCGL-WEGL-2024-01-01-GL_26-05-31_JD_V9.4__SCGL_PH0005031_269_20260531-BODS_V1_1.xml,14,2
GL012-None--SCGL-WEGL-2024-01-01-GL_26-03-08_DATA_SET__SCGL_PH0005031_26_20260413-BODS_V1_1.xml,0,4
GL012-None--SCGL-WEGL-2024-01-01-GL_26-03-08_DATA_SET__SCGL_PH0005031_26_20260413-BODS_V1_1.xml,1,2
GL012-None--SCGL-WEGL-2024-01-01-GL_26-03-08_DATA_SET__SCGL_PH0005031_26_20260413-BODS_V1_1.xml,5,3
GL012-None--SCGL-WEGL-2024-01-01-GL_26-03-08_DATA_SET__SCGL_PH0005031_26_20260413-BODS_V1_1.xml,6,10
GL012-None--SCGL-WEGL-2024-01-01-GL_26-03-08_DATA_SET__SCGL_PH0005031_26_20260413-BODS_V1_1.xml,7,16
GL012-None--SCGL-WEGL-2024-01-01-GL_26-03-08_DATA_SET__SCGL_PH0005031_26_20260413-BODS_V1_1.xml,8,19
GL012-None--SCGL-WEGL-2024-01-01-GL_26-03-08_DATA_SET__SCGL_PH0005031_26_20260413-BODS_V1_1.xml,9,17
GL012-None--SCGL-WEGL-2024-01-01-GL_26-03-08_DATA_SET__SCGL_PH0005031_26_20260413-BODS_V1_1.xml,10,18
GL012-None--SCGL-WEGL-2024-01-01-GL_26-03-08_DATA_SET__SCGL_PH0005031_26_20260413-BODS_V1_1.xml,11,18
GL012-None--SCGL-WEGL-2024-01-01-GL_26-03-08_DATA_SET__SCGL_PH0005031_26_20260413-BODS_V1_1.xml,12,18
GL012-None--SCGL-WEGL-2024-01-01-GL_26-03-08_DATA_SET__SCGL_PH0005031_26_20260413-BODS_V1_1.xml,13,18
GL012-None--SCGL-WEGL-2024-01-01-GL_26-03-08_DATA_SET__SCGL_PH0005031_26_20260413-BODS_V1_1.xml,14,17
GL012-None--SCGL-WEGL-2024-01-01-GL_26-03-08_DATA_SET__SCGL_PH0005031_26_20260413-BODS_V1_1.xml,15,18
GL012-None--SCGL-WEGL-2024-01-01-GL_26-03-08_DATA_SET__SCGL_PH0005031_26_20260413-BODS_V1_1.xml,16,16
GL012-None--SCGL-WEGL-2024-01-01-GL_26-03-08_DATA_SET__SCGL_PH0005031_26_20260413-BODS_V1_1.xml,17,16
GL012-None--SCGL-WEGL-2024-01-01-GL_26-03-08_DATA_SET__SCGL_PH0005031_26_20260413-BODS_V1_1.xml,18,13
GL012-None--SCGL-WEGL-2024-01-01-GL_26-03-08_DATA_SET__SCGL_PH0005031_26_20260413-BODS_V1_1.xml,19,10
GL012-None--SCGL-WEGL-2024-01-01-GL_26-03-08_DATA_SET__SCGL_PH0005031_26_20260413-BODS_V1_1.xml,20,11
GL012-None--SCGL-WEGL-2024-01-01-GL_26-03-08_DATA_SET__SCGL_PH0005031_26_20260413-BODS_V1_1.xml,21,12
GL012-None--SCGL-WEGL-2024-01-01-GL_26-03-08_DATA_SET__SCGL_PH0005031_26_20260413-BODS_V1_1.xml,22,8
GL012-None--SCGL-WEGL-2024-01-01-GL_26-03-08_DATA_SET__SCGL_PH0005031_26_20260413-BODS_V1_1.xml,23,6
GL012-None--SCGL-WEGL-2024-01-01-GL_26-03-08_DATA_SET__SCGL_PH0005031_26_20260526-BODS_V1_1.xml,0,4
GL012-None--SCGL-WEGL-2024-01-01-GL_26-03-08_DATA_SET__SCGL_PH0005031_26_20260526-BODS_V1_1.xml,1,2
GL012-None--SCGL-WEGL-2024-01-01-GL_26-03-08_DATA_SET__SCGL_PH0005031_26_20260526-BODS_V1_1.xml,5,3
GL012-None--SCGL-WEGL-2024-01-01-GL_26-03-08_DATA_SET__SCGL_PH0005031_26_20260526-BODS_V1_1.xml,6,10
GL012-None--SCGL-WEGL-2024-01-01-GL_26-03-08_DATA_SET__SCGL_PH0005031_26_20260526-BODS_V1_1.xml,7,16
GL012-None--SCGL-WEGL-2024-01-01-GL_26-03-08_DATA_SET__SCGL_PH0005031_26_20260526-BODS_V1_1.xml,8,19
GL012-None--SCGL-WEGL-2024-01-01-GL_26-03-08_DATA_SET__SCGL_PH0005031_26_20260526-BODS_V1_1.xml,9,17
GL012-None--SCGL-WEGL-2024-01-01-GL_26-03-08_DATA_SET__SCGL_PH0005031_26_20260526-BODS_V1_1.xml,10,18
GL012-None--SCGL-WEGL-2024-01-01-GL_26-03-08_DATA_SET__SCGL_PH0005031_26_20260526-BODS_V1_1.xml,11,18
GL012-None--SCGL-WEGL-2024-01-01-GL_26-03-08_DATA_SET__SCGL_PH0005031_26_20260526-BODS_V1_1.xml,12,18
GL012-None--SCGL-WEGL-2024-01-01-GL_26-03-08_DATA_SET__SCGL_PH0005031_26_20260526-BODS_V1_1.xml,13,18
GL012-None--SCGL-WEGL-2024-01-01-GL_26-03-08_DATA_SET__SCGL_PH0005031_26_20260526-BODS_V1_1.xml,14,17
GL012-None--SCGL-WEGL-2024-01-01-GL_26-03-08_DATA_SET__SCGL_PH0005031_26_20260526-BODS_V1_1.xml,15,18
GL012-None--SCGL-WEGL-2024-01-01-GL_26-03-08_DATA_SET__SCGL_PH0005031_26_20260526-BODS_V1_1.xml,16,18
GL012-None--SCGL-WEGL-2024-01-01-GL_26-03-08_DATA_SET__SCGL_PH0005031_26_20260526-BODS_V1_1.xml,17,18
GL012-None--SCGL-WEGL-2024-01-01-GL_26-03-08_DATA_SET__SCGL_PH0005031_26_20260526-BODS_V1_1.xml,18,13
GL012-None--SCGL-WEGL-2024-01-01-GL_26-03-08_DATA_SET__SCGL_PH0005031_26_20260526-BODS_V1_1.xml,19,10
GL012-None--SCGL-WEGL-2024-01-01-GL_26-03-08_DATA_SET__SCGL_PH0005031_26_20260526-BODS_V1_1.xml,20,11
GL012-None--SCGL-WEGL-2024-01-01-GL_26-03-08_DATA_SET__SCGL_PH0005031_26_20260526-BODS_V1_1.xml,21,10
GL012-None--SCGL-WEGL-2024-01-01-GL_26-03-08_DATA_SET__SCGL_PH0005031_26_20260526-BODS_V1_1.xml,22,6
GL012-None--SCGL-WEGL-2024-01-01-GL_26-03-08_DATA_SET__SCGL_PH0005031_26_20260526-BODS_V1_1.xml,23,6
GL012-None--SCGL-WEGL-2024-01-01-GL_26-05-31_JD_V9.4__SCGL_PH0005031_26_20260531-BODS_V1_1.xml,0,4
GL012-None--SCGL-WEGL-2024-01-01-GL_26-05-31_JD_V9.4__SCGL_PH0005031_26_20260531-BODS_V1_1.xml,1,2
GL012-None--SCGL-WEGL-2024-01-01-GL_26-05-31_JD_V9.4__SCGL_PH0005031_26_20260531-BODS_V1_1.xml,5,3
GL012-None--SCGL-WEGL-2024-01-01-GL_26-05-31_JD_V9.4__SCGL_PH0005031_26_20260531-BODS_V1_1.xml,6,8
GL012-None--SCGL-WEGL-2024-01-01-GL_26-05-31_JD_V9.4__SCGL_PH0005031_26_20260531-BODS_V1_1.xml,7,14
GL012-None--SCGL-WEGL-2024-01-01-GL_26-05-31_JD_V9.4__SCGL_PH0005031_26_20260531-BODS_V1_1.xml,8,18
GL012-None--SCGL-WEGL-2024-01-01-GL_26-05-31_JD_V9.4__SCGL_PH0005031_26_20260531-BODS_V1_1.xml,9,16
GL012-None--SCGL-WEGL-2024-01-01-GL_26-05-31_JD_V9.4__SCGL_PH0005031_26_20260531-BODS_V1_1.xml,10,16
GL012-None--SCGL-WEGL-2024-01-01-GL_26-05-31_JD_V9.4__SCGL_PH0005031_26_20260531-BODS_V1_1.xml,11,16
GL012-None--SCGL-WEGL-2024-01-01-GL_26-05-31_JD_V9.4__SCGL_PH0005031_26_20260531-BODS_V1_1.xml,12,16
GL012-None--SCGL-WEGL-2024-01-01-GL_26-05-31_JD_V9.4__SCGL_PH0005031_26_20260531-BODS_V1_1.xml,13,16
GL012-None--SCGL-WEGL-2024-01-01-GL_26-05-31_JD_V9.4__SCGL_PH0005031_26_20260531-BODS_V1_1.xml,14,16
GL012-None--SCGL-WEGL-2024-01-01-GL_26-05-31_JD_V9.4__SCGL_PH0005031_26_20260531-BODS_V1_1.xml,15,16
GL012-None--SCGL-WEGL-2024-01-01-GL_26-05-31_JD_V9.4__SCGL_PH0005031_26_20260531-BODS_V1_1.xml,16,15
GL012-None--SCGL-WEGL-2024-01-01-GL_26-05-31_JD_V9.4__SCGL_PH0005031_26_20260531-BODS_V1_1.xml,17,14
GL012-None--SCGL-WEGL-2024-01-01-GL_26-05-31_JD_V9.4__SCGL_PH0005031_26_20260531-BODS_V1_1.xml,18,13
GL012-None--SCGL-WEGL-2024-01-01-GL_26-05-31_JD_V9.4__SCGL_PH0005031_26_20260531-BODS_V1_1.xml,19,10
GL012-None--SCGL-WEGL-2024-01-01-GL_26-05-31_JD_V9.4__SCGL_PH0005031_26_20260531-BODS_V1_1.xml,20,11
GL012-None--SCGL-WEGL-2024-01-01-GL_26-05-31_JD_V9.4__SCGL_PH0005031_26_20260531-BODS_V1_1.xml,21,10
GL012-None--SCGL-WEGL-2024-01-01-GL_26-05-31_JD_V9.4__SCGL_PH0005031_26_20260531-BODS_V1_1.xml,22,6
GL012-None--SCGL-WEGL-2024-01-01-GL_26-05-31_JD_V9.4__SCGL_PH0005031_26_20260531-BODS_V1_1.xml,23,6
GL013-None--SCGL-WEGL-2024-01-01-GL_26-03-08_DATA_SET__SCGL_PH0005031_169_20260413-BODS_V1_1.xml,8,2
GL013-None--SCGL-WEGL-2024-01-01-GL_26-03-08_DATA_SET__SCGL_PH0005031_169_20260413-BODS_V1_1.xml,9,4
GL013-None--SCGL-WEGL-2024-01-01-GL_26-03-08_DATA_SET__SCGL_PH0005031_169_20260413-BODS_V1_1.xml,10,4
GL013-None--SCGL-WEGL-2024-01-01-GL_26-03-08_DATA_SET__SCGL_PH0005031_169_20260413-BODS_V1_1.xml,11,4
GL013-None--SCGL-WEGL-2024-01-01-GL_26-03-08_DATA_SET__SCGL_PH0005031_169_20260413-BODS_V1_1.xml,12,4
GL013-None--SCGL-WEGL-2024-01-01-GL_26-03-08_DATA_SET__SCGL_PH0005031_169_20260413-BODS_V1_1.xml,13,4
GL013-None--SCGL-WEGL-2024-01-01-GL_26-03-08_DATA_SET__SCGL_PH0005031_169_20260413-BODS_V1_1.xml,14,2
GL013-None--SCGL-WEGL-2024-01-01-GL_26-03-08_DATA_SET__SCGL_PH0005031_169_20260526-BODS_V1_1.xml,8,2
GL013-None--SCGL-WEGL-2024-01-01-GL_26-03-08_DATA_SET__SCGL_PH0005031_169_20260526-BODS_V1_1.xml,9,4
GL013-None--SCGL-WEGL-2024-01-01-GL_26-03-08_DATA_SET__SCGL_PH0005031_169_20260526-BODS_V1_1.xml,10,4
GL013-None--SCGL-WEGL-2024-01-01-GL_26-03-08_DATA_SET__SCGL_PH0005031_169_20260526-BODS_V1_1.xml,11,4
GL013-None--SCGL-WEGL-2024-01-01-GL_26-03-08_DATA_SET__SCGL_PH0005031_169_20260526-BODS_V1_1.xml,12,4
GL013-None--SCGL-WEGL-2024-01-01-GL_26-03-08_DATA_SET__SCGL_PH0005031_169_20260526-BODS_V1_1.xml,13,4
GL013-None--SCGL-WEGL-2024-01-01-GL_26-03-08_DATA_SET__SCGL_PH0005031_169_20260526-BODS_V1_1.xml,14,2
GL013-None--SCGL-WEGL-2024-01-01-GL_26-05-31_JD_V9.4__SCGL_PH0005031_169_20260531-BODS_V1_1.xml,8,1
GL013-None--SCGL-WEGL-2024-01-01-GL_26-05-31_JD_V9.4__SCGL_PH0005031_169_20260531-BODS_V1_1.xml,9,5
GL013-None--SCGL-WEGL-2024-01-01-GL_26-05-31_JD_V9.4__SCGL_PH0005031_169_20260531-BODS_V1_1.xml,10,4
GL013-None--SCGL-WEGL-2024-01-01-GL_26-05-31_JD_V9.4__SCGL_PH0005031_169_20260531-BODS_V1_1.xml,11,4
GL013-None--SCGL-WEGL-2024-01-01-GL_26-05-31_JD_V9.4__SCGL_PH0005031_169_20260531-BODS_V1_1.xml,12,4
GL013-None--SCGL-WEGL-2024-01-01-GL_26-05-31_JD_V9.4__SCGL_PH0005031_169_20260531-BODS_V1_1.xml,13,4
GL013-None--SCGL-WEGL-2024-01-01-GL_26-05-31_JD_V9.4__SCGL_PH0005031_169_20260531-BODS_V1_1.xml,14,2
GL022.3-None--SCGL-WEGL-2024-01-01-GL_26-03-08_DATA_SET__SCGL_PH0005031_167_20260413-BODS_V1_1.xml,0,2
GL022.3-None--SCGL-WEGL-2024-01-01-GL_26-03-08_DATA_SET__SCGL_PH0005031_167_20260413-BODS_V1_1.xml,5,3
GL022.3-None--SCGL-WEGL-2024-01-01-GL_26-03-08_DATA_SET__SCGL_PH0005031_167_20260413-BODS_V1_1.xml,6,8
GL022.3-None--SCGL-WEGL-2024-01-01-GL_26-03-08_DATA_SET__SCGL_PH0005031_167_20260413-BODS_V1_1.xml,7,8
GL022.3-None--SCGL-WEGL-2024-01-01-GL_26-03-08_DATA_SET__SCGL_PH0005031_167_20260413-BODS_V1_1.xml,8,8
GL022.3-None--SCGL-WEGL-2024-01-01-GL_26-03-08_DATA_SET__SCGL_PH0005031_167_20260413-BODS_V1_1.xml,9,10
GL022.3-None--SCGL-WEGL-2024-01-01-GL_26-03-08_DATA_SET__SCGL_PH0005031_167_20260413-BODS_V1_1.xml,10,10
GL022.3-None--SCGL-WEGL-2024-01-01-GL_26-03-08_DATA_SET__SCGL_PH0005031_167_20260413-BODS_V1_1.xml,11,10
GL022.3-None--SCGL-WEGL-2024-01-01-GL_26-03-08_DATA_SET__SCGL_PH0005031_167_20260413-BODS_V1_1.xml,12,10
GL022.3-None--SCGL-WEGL-2024-01-01-GL_26-03-08_DATA_SET__SCGL_PH0005031_167_20260413-BODS_V1_1.xml,13,10
GL022.3-None--SCGL-WEGL-2024-01-01-GL_26-03-08_DATA_SET__SCGL_PH0005031_167_20260413-BODS_V1_1.xml,14,10
GL022.3-None--SCGL-WEGL-2024-01-01-GL_26-03-08_DATA_SET__SCGL_PH0005031_167_20260413-BODS_V1_1.xml,15,11
GL022.3-None--SCGL-WEGL-2024-01-01-GL_26-03-08_DATA_SET__SCGL_PH0005031_167_20260413-BODS_V1_1.xml,16,12
GL022.3-None--SCGL-WEGL-2024-01-01-GL_26-03-08_DATA_SET__SCGL_PH0005031_167_20260413-BODS_V1_1.xml,17,10
GL022.3-None--SCGL-WEGL-2024-01-01-GL_26-03-08_DATA_SET__SCGL_PH0005031_167_20260413-BODS_V1_1.xml,18,6
GL022.3-None--SCGL-WEGL-2024-01-01-GL_26-03-08_DATA_SET__SCGL_PH0005031_167_20260413-BODS_V1_1.xml,19,6
GL022.3-None--SCGL-WEGL-2024-01-01-GL_26-03-08_DATA_SET__SCGL_PH0005031_167_20260413-BODS_V1_1.xml,20,4
GL022.3-None--SCGL-WEGL-2024-01-01-GL_26-03-08_DATA_SET__SCGL_PH0005031_167_20260413-BODS_V1_1.xml,21,2
GL022.3-None--SCGL-WEGL-2024-01-01-GL_26-03-08_DATA_SET__SCGL_PH0005031_167_20260413-BODS_V1_1.xml,23,2
GL022.3-None--SCGL-WEGL-2024-01-01-GL_26-03-08_DATA_SET__SCGL_PH0005031_167_20260526-BODS_V1_1.xml,0,2
GL022.3-None--SCGL-WEGL-2024-01-01-GL_26-03-08_DATA_SET__SCGL_PH0005031_167_20260526-BODS_V1_1.xml,5,3
GL022.3-None--SCGL-WEGL-2024-01-01-GL_26-03-08_DATA_SET__SCGL_PH0005031_167_20260526-BODS_V1_1.xml,6,8
GL022.3-None--SCGL-WEGL-2024-01-01-GL_26-03-08_DATA_SET__SCGL_PH0005031_167_20260526-BODS_V1_1.xml,7,6
GL022.3-None--SCGL-WEGL-2024-01-01-GL_26-03-08_DATA_SET__SCGL_PH0005031_167_20260526-BODS_V1_1.xml,8,10
GL022.3-None--SCGL-WEGL-2024-01-01-GL_26-03-08_DATA_SET__SCGL_PH0005031_167_20260526-BODS_V1_1.xml,9,10
GL022.3-None--SCGL-WEGL-2024-01-01-GL_26-03-08_DATA_SET__SCGL_PH0005031_167_20260526-BODS_V1_1.xml,10,10
GL022.3-None--SCGL-WEGL-2024-01-01-GL_26-03-08_DATA_SET__SCGL_PH0005031_167_20260526-BODS_V1_1.xml,11,10
GL022.3-None--SCGL-WEGL-2024-01-01-GL_26-03-08_DATA_SET__SCGL_PH0005031_167_20260526-BODS_V1_1.xml,12,10
GL022.3-None--SCGL-WEGL-2024-01-01-GL_26-03-08_DATA_SET__SCGL_PH0005031_167_20260526-BODS_V1_1.xml,13,10
GL022.3-None--SCGL-WEGL-2024-01-01-GL_26-03-08_DATA_SET__SCGL_PH0005031_167_20260526-BODS_V1_1.xml,14,9
GL022.3-None--SCGL-WEGL-2024-01-01-GL_26-03-08_DATA_SET__SCGL_PH0005031_167_20260526-BODS_V1_1.xml,15,12
GL022.3-None--SCGL-WEGL-2024-01-01-GL_26-03-08_DATA_SET__SCGL_PH0005031_167_20260526-BODS_V1_1.xml,16,12
GL022.3-None--SCGL-WEGL-2024-01-01-GL_26-03-08_DATA_SET__SCGL_PH0005031_167_20260526-BODS_V1_1.xml,17,10
GL022.3-None--SCGL-WEGL-2024-01-01-GL_26-03-08_DATA_SET__SCGL_PH0005031_167_20260526-BODS_V1_1.xml,18,6
GL022.3-None--SCGL-WEGL-2024-01-01-GL_26-03-08_DATA_SET__SCGL_PH0005031_167_20260526-BODS_V1_1.xml,19,6
GL022.3-None--SCGL-WEGL-2024-01-01-GL_26-03-08_DATA_SET__SCGL_PH0005031_167_20260526-BODS_V1_1.xml,20,4
GL022.3-None--SCGL-WEGL-2024-01-01-GL_26-03-08_DATA_SET__SCGL_PH0005031_167_20260526-BODS_V1_1.xml,21,2
GL022.3-None--SCGL-WEGL-2024-01-01-GL_26-03-08_DATA_SET__SCGL_PH0005031_167_20260526-BODS_V1_1.xml,23,2
GL022.3-None--SCGL-WEGL-2024-01-01-GL_26-05-31_JD_V9.4__SCGL_PH0005031_167_20260531-BODS_V1_1.xml,0,2
GL022.3-None--SCGL-WEGL-2024-01-01-GL_26-05-31_JD_V9.4__SCGL_PH0005031_167_20260531-BODS_V1_1.xml,5,3
GL022.3-None--SCGL-WEGL-2024-01-01-GL_26-05-31_JD_V9.4__SCGL_PH0005031_167_20260531-BODS_V1_1.xml,6,8
GL022.3-None--SCGL-WEGL-2024-01-01-GL_26-05-31_JD_V9.4__SCGL_PH0005031_167_20260531-BODS_V1_1.xml,7,8
GL022.3-None--SCGL-WEGL-2024-01-01-GL_26-05-31_JD_V9.4__SCGL_PH0005031_167_20260531-BODS_V1_1.xml,8,8
GL022.3-None--SCGL-WEGL-2024-01-01-GL_26-05-31_JD_V9.4__SCGL_PH0005031_167_20260531-BODS_V1_1.xml,9,10
GL022.3-None--SCGL-WEGL-2024-01-01-GL_26-05-31_JD_V9.4__SCGL_PH0005031_167_20260531-BODS_V1_1.xml,10,10
GL022.3-None--SCGL-WEGL-2024-01-01-GL_26-05-31_JD_V9.4__SCGL_PH0005031_167_20260531-BODS_V1_1.xml,11,10
GL022.3-None--SCGL-WEGL-2024-01-01-GL_26-05-31_JD_V9.4__SCGL_PH0005031_167_20260531-BODS_V1_1.xml,12,10
GL022.3-None--SCGL-WEGL-2024-01-01-GL_26-05-31_JD_V9.4__SCGL_PH0005031_167_20260531-BODS_V1_1.xml,13,10
GL022.3-None--SCGL-WEGL-2024-01-01-GL_26-05-31_JD_V9.4__SCGL_PH0005031_167_20260531-BODS_V1_1.xml,14,10
GL022.3-None--SCGL-WEGL-2024-01-01-GL_26-05-31_JD_V9.4__SCGL_PH0005031_167_20260531-BODS_V1_1.xml,15,11
GL022.3-None--SCGL-WEGL-2024-01-01-GL_26-05-31_JD_V9.4__SCGL_PH0005031_167_20260531-BODS_V1_1.xml,16,12
GL022.3-None--SCGL-WEGL-2024-01-01-GL_26-05-31_JD_V9.4__SCGL_PH0005031_167_20260531-BODS_V1_1.xml,17,10
GL022.3-None--SCGL-WEGL-2024-01-01-GL_26-05-31_JD_V9.4__SCGL_PH0005031_167_20260531-BODS_V1_1.xml,18,6
GL022.3-None--SCGL-WEGL-2024-01-01-GL_26-05-31_JD_V9.4__SCGL_PH0005031_167_20260531-BODS_V1_1.xml,19,6
GL022.3-None--SCGL-WEGL-2024-01-01-GL_26-05-31_JD_V9.4__SCGL_PH0005031_167_20260531-BODS_V1_1.xml,20,4
GL022.3-None--SCGL-WEGL-2024-01-01-GL_26-05-31_JD_V9.4__SCGL_PH0005031_167_20260531-BODS_V1_1.xml,21,2
GL022.3-None--SCGL-WEGL-2024-01-01-GL_26-05-31_JD_V9.4__SCGL_PH0005031_167_20260531-BODS_V1_1.xml,23,2
GL024-None--SCGL-WEGL-2024-01-01-GL_26-03-08_DATA_SET__SCGL_PH0005031_378_20260413-BODS_V1_1.xml,6,4
GL024-None--SCGL-WEGL-2024-01-01-GL_26-03-08_DATA_SET__SCGL_PH0005031_378_20260413-BODS_V1_1.xml,7,3
GL024-None--SCGL-WEGL-2024-01-01-GL_26-03-08_DATA_SET__SCGL_PH0005031_378_20260413-BODS_V1_1.xml,8,3
GL024-None--SCGL-WEGL-2024-01-01-GL_26-03-08_DATA_SET__SCGL_PH0005031_378_20260413-BODS_V1_1.xml,9,2
GL024-None--SCGL-WEGL-2024-01-01-GL_26-03-08_DATA_SET__SCGL_PH0005031_378_20260413-BODS_V1_1.xml,10,3
GL024-None--SCGL-WEGL-2024-01-01-GL_26-03-08_DATA_SET__SCGL_PH0005031_378_20260413-BODS_V1_1.xml,11,3
GL024-None--SCGL-WEGL-2024-01-01-GL_26-03-08_DATA_SET__SCGL_PH0005031_378_20260413-BODS_V1_1.xml,12,3
GL024-None--SCGL-WEGL-2024-01-01-GL_26-03-08_DATA_SET__SCGL_PH0005031_378_20260413-BODS_V1_1.xml,13,3
GL024-None--SCGL-WEGL-2024-01-01-GL_26-03-08_DATA_SET__SCGL_PH0005031_378_20260413-BODS_V1_1.xml,14,3
GL024-None--SCGL-WEGL-2024-01-01-GL_26-03-08_DATA_SET__SCGL_PH0005031_378_20260413-BODS_V1_1.xml,15,5
GL024-None--SCGL-WEGL-2024-01-01-GL_26-03-08_DATA_SET__SCGL_PH0005031_378_20260413-BODS_V1_1.xml,16,5
GL024-None--SCGL-WEGL-2024-01-01-GL_26-03-08_DATA_SET__SCGL_PH0005031_378_20260413-BODS_V1_1.xml,17,3
GL024-None--SCGL-WEGL-2024-01-01-GL_26-03-08_DATA_SET__SCGL_PH0005031_378_20260413-BODS_V1_1.xml,18,3
GL024-None--SCGL-WEGL-2024-01-01-GL_26-03-08_DATA_SET__SCGL_PH0005031_378_20260413-BODS_V1_1.xml,19,3
GL024-None--SCGL-WEGL-2024-01-01-GL_26-03-08_DATA_SET__SCGL_PH0005031_378_20260413-BODS_V1_1.xml,20,3
GL024-None--SCGL-WEGL-2024-01-01-GL_26-03-08_DATA_SET__SCGL_PH0005031_378_20260413-BODS_V1_1.xml,21,2
GL024-None--SCGL-WEGL-2024-01-01-GL_26-03-08_DATA_SET__SCGL_PH0005031_378_20260413-BODS_V1_1.xml,22,2
GL024-None--SCGL-WEGL-2024-01-01-GL_26-03-08_DATA_SET__SCGL_PH0005031_378_20260413-BODS_V1_1.xml,23,2
GL024-None--SCGL-WEGL-2024-01-01-GL_26-03-08_DATA_SET__SCGL_PH0005031_378_20260526-BODS_V1_1.xml,6,4
GL024-None--SCGL-WEGL-2024-01-01-GL_26-03-08_DATA_SET__SCGL_PH0005031_378_20260526-BODS_V1_1.xml,7,2
GL024-None--SCGL-WEGL-2024-01-01-GL_26-03-08_DATA_SET__SCGL_PH0005031_378_20260526-BODS_V1_1.xml,8,3
GL024-None--SCGL-WEGL-2024-01-01-GL_26-03-08_DATA_SET__SCGL_PH0005031_378_20260526-BODS_V1_1.xml,9,3
GL024-None--SCGL-WEGL-2024-01-01-GL_26-03-08_DATA_SET__SCGL_PH0005031_378_20260526-BODS_V1_1.xml,10,3
GL024-None--SCGL-WEGL-2024-01-01-GL_26-03-08_DATA_SET__SCGL_PH0005031_378_20260526-BODS_V1_1.xml,11,3
GL024-None--SCGL-WEGL-2024-01-01-GL_26-03-08_DATA_SET__SCGL_PH0005031_378_20260526-BODS_V1_1.xml,12,3
GL024-None--SCGL-WEGL-2024-01-01-GL_26-03-08_DATA_SET__SCGL_PH0005031_378_20260526-BODS_V1_1.xml,13,3
GL024-None--SCGL-WEGL-2024-01-01-GL_26-03-08_DATA_SET__SCGL_PH0005031_378_20260526-BODS_V1_1.xml,14,3
GL024-None--SCGL-WEGL-2024-01-01-GL_26-03-08_DATA_SET__SCGL_PH0005031_378_20260526-BODS_V1_1.xml,15,5
GL024-None--SCGL-WEGL-2024-01-01-GL_26-03-08_DATA_SET__SCGL_PH0005031_378_20260526-BODS_V1_1.xml,16,5
GL024-None--SCGL-WEGL-2024-01-01-GL_26-03-08_DATA_SET__SCGL_PH0005031_378_20260526-BODS_V1_1.xml,17,3
GL024-None--SCGL-WEGL-2024-01-01-GL_26-03-08_DATA_SET__SCGL_PH0005031_378_20260526-BODS_V1_1.xml,18,3
GL024-None--SCGL-WEGL-2024-01-01-GL_26-03-08_DATA_SET__SCGL_PH0005031_378_20260526-BODS_V1_1.xml,19,2
GL024-None--SCGL-WEGL-2024-01-01-GL_26-03-08_DATA_SET__SCGL_PH0005031_378_20260526-BODS_V1_1.xml,20,2
GL024-None--SCGL-WEGL-2024-01-01-GL_26-03-08_DATA_SET__SCGL_PH0005031_378_20260526-BODS_V1_1.xml,21,2
GL024-None--SCGL-WEGL-2024-01-01-GL_26-03-08_DATA_SET__SCGL_PH0005031_378_20260526-BODS_V1_1.xml,22,2
GL024-None--SCGL-WEGL-2024-01-01-GL_26-03-08_DATA_SET__SCGL_PH0005031_378_20260526-BODS_V1_1.xml,23,2
GL024-None--SCGL-WEGL-2024-01-01-GL_26-05-31_JD_V9.4__SCGL_PH0005031_378_20260531-BODS_V1_1.xml,6,4
GL024-None--SCGL-WEGL-2024-01-01-GL_26-05-31_JD_V9.4__SCGL_PH0005031_378_20260531-BODS_V1_1.xml,7,3
GL024-None--SCGL-WEGL-2024-01-01-GL_26-05-31_JD_V9.4__SCGL_PH0005031_378_20260531-BODS_V1_1.xml,8,3
GL024-None--SCGL-WEGL-2024-01-01-GL_26-05-31_JD_V9.4__SCGL_PH0005031_378_20260531-BODS_V1_1.xml,9,3
GL024-None--SCGL-WEGL-2024-01-01-GL_26-05-31_JD_V9.4__SCGL_PH0005031_378_20260531-BODS_V1_1.xml,10,3
GL024-None--SCGL-WEGL-2024-01-01-GL_26-05-31_JD_V9.4__SCGL_PH0005031_378_20260531-BODS_V1_1.xml,11,3
GL024-None--SCGL-WEGL-2024-01-01-GL_26-05-31_JD_V9.4__SCGL_PH0005031_378_20260531-BODS_V1_1.xml,12,3
GL024-None--SCGL-WEGL-2024-01-01-GL_26-05-31_JD_V9.4__SCGL_PH0005031_378_20260531-BODS_V1_1.xml,13,3
GL024-None--SCGL-WEGL-2024-01-01-GL_26-05-31_JD_V9.4__SCGL_PH0005031_378_20260531-BODS_V1_1.xml,14,3
GL024-None--SCGL-WEGL-2024-01-01-GL_26-05-31_JD_V9.4__SCGL_PH0005031_378_20260531-BODS_V1_1.xml,15,5
GL024-None--SCGL-WEGL-2024-01-01-GL_26-05-31_JD_V9.4__SCGL_PH0005031_378_20260531-BODS_V1_1.xml,16,5
GL024-None--SCGL-WEGL-2024-01-01-GL_26-05-31_JD_V9.4__SCGL_PH0005031_378_20260531-BODS_V1_1.xml,17,3
GL024-None--SCGL-WEGL-2024-01-01-GL_26-05-31_JD_V9.4__SCGL_PH0005031_378_20260531-BODS_V1_1.xml,18,3
GL024-None--SCGL-WEGL-2024-01-01-GL_26-05-31_JD_V9.4__SCGL_PH0005031_378_20260531-BODS_V1_1.xml,19,2
GL024-None--SCGL-WEGL-2024-01-01-GL_26-05-31_JD_V9.4__SCGL_PH0005031_378_20260531-BODS_V1_1.xml,20,2
GL024-None--SCGL-WEGL-2024-01-01-GL_26-05-31_JD_V9.4__SCGL_PH0005031_378_20260531-BODS_V1_1.xml,21,2
GL024-None--SCGL-WEGL-2024-01-01-GL_26-05-31_JD_V9.4__SCGL_PH0005031_378_20260531-BODS_V1_1.xml,22,2
GL024-None--SCGL-WEGL-2024-01-01-GL_26-05-31_JD_V9.4__SCGL_PH0005031_378_20260531-BODS_V1_1.xml,23,2
GL071-None--SCGL-WEGL-2024-01-01-GL_26-03-08_DATA_SET__SCGL_PH0005031_39_20260413-BODS_V1_1.xml,6,7
GL071-None--SCGL-WEGL-2024-01-01-GL_26-03-08_DATA_SET__SCGL_PH0005031_39_20260413-BODS_V1_1.xml,7,9
GL071-None--SCGL-WEGL-2024-01-01-GL_26-03-08_DATA_SET__SCGL_PH0005031_39_20260413-BODS_V1_1.xml,8,9
GL071-None--SCGL-WEGL-2024-01-01-GL_26-03-08_DATA_SET__SCGL_PH0005031_39_20260413-BODS_V1_1.xml,9,10
GL071-None--SCGL-WEGL-2024-01-01-GL_26-03-08_DATA_SET__SCGL_PH0005031_39_20260413-BODS_V1_1.xml,10,10
GL071-None--SCGL-WEGL-2024-01-01-GL_26-03-08_DATA_SET__SCGL_PH0005031_39_20260413-BODS_V1_1.xml,11,10
GL071-None--SCGL-WEGL-2024-01-01-GL_26-03-08_DATA_SET__SCGL_PH0005031_39_20260413-BODS_V1_1.xml,12,10
GL071-None--SCGL-WEGL-2024-01-01-GL_26-03-08_DATA_SET__SCGL_PH0005031_39_20260413-BODS_V1_1.xml,13,10
GL071-None--SCGL-WEGL-2024-01-01-GL_26-03-08_DATA_SET__SCGL_PH0005031_39_20260413-BODS_V1_1.xml,14,10
GL071-None--SCGL-WEGL-2024-01-01-GL_26-03-08_DATA_SET__SCGL_PH0005031_39_20260413-BODS_V1_1.xml,15,9
GL071-None--SCGL-WEGL-2024-01-01-GL_26-03-08_DATA_SET__SCGL_PH0005031_39_20260413-BODS_V1_1.xml,16,10
GL071-None--SCGL-WEGL-2024-01-01-GL_26-03-08_DATA_SET__SCGL_PH0005031_39_20260413-BODS_V1_1.xml,17,7
GL071-None--SCGL-WEGL-2024-01-01-GL_26-03-08_DATA_SET__SCGL_PH0005031_39_20260413-BODS_V1_1.xml,18,6
GL071-None--SCGL-WEGL-2024-01-01-GL_26-03-08_DATA_SET__SCGL_PH0005031_39_20260413-BODS_V1_1.xml,19,4
GL071-None--SCGL-WEGL-2024-01-01-GL_26-03-08_DATA_SET__SCGL_PH0005031_39_20260413-BODS_V1_1.xml,20,5
GL071-None--SCGL-WEGL-2024-01-01-GL_26-03-08_DATA_SET__SCGL_PH0005031_39_20260413-BODS_V1_1.xml,21,5
GL071-None--SCGL-WEGL-2024-01-01-GL_26-03-08_DATA_SET__SCGL_PH0005031_39_20260413-BODS_V1_1.xml,22,4
GL071-None--SCGL-WEGL-2024-01-01-GL_26-03-08_DATA_SET__SCGL_PH0005031_39_20260413-BODS_V1_1.xml,23,2
GL071-None--SCGL-WEGL-2024-01-01-GL_26-03-08_DATA_SET__SCGL_PH0005031_39_20260526-BODS_V1_1.xml,6,7
GL071-None--SCGL-WEGL-2024-01-01-GL_26-03-08_DATA_SET__SCGL_PH0005031_39_20260526-BODS_V1_1.xml,7,9
GL071-None--SCGL-WEGL-2024-01-01-GL_26-03-08_DATA_SET__SCGL_PH0005031_39_20260526-BODS_V1_1.xml,8,9
GL071-None--SCGL-WEGL-2024-01-01-GL_26-03-08_DATA_SET__SCGL_PH0005031_39_20260526-BODS_V1_1.xml,9,10
GL071-None--SCGL-WEGL-2024-01-01-GL_26-03-08_DATA_SET__SCGL_PH0005031_39_20260526-BODS_V1_1.xml,10,10
GL071-None--SCGL-WEGL-2024-01-01-GL_26-03-08_DATA_SET__SCGL_PH0005031_39_20260526-BODS_V1_1.xml,11,10
GL071-None--SCGL-WEGL-2024-01-01-GL_26-03-08_DATA_SET__SCGL_PH0005031_39_20260526-BODS_V1_1.xml,12,10
GL071-None--SCGL-WEGL-2024-01-01-GL_26-03-08_DATA_SET__SCGL_PH0005031_39_20260526-BODS_V1_1.xml,13,10
GL071-None--SCGL-WEGL-2024-01-01-GL_26-03-08_DATA_SET__SCGL_PH0005031_39_20260526-BODS_V1_1.xml,14,10
GL071-None--SCGL-WEGL-2024-01-01-GL_26-03-08_DATA_SET__SCGL_PH0005031_39_20260526-BODS_V1_1.xml,15,9
GL071-None--SCGL-WEGL-2024-01-01-GL_26-03-08_DATA_SET__SCGL_PH0005031_39_20260526-BODS_V1_1.xml,16,10
GL071-None--SCGL-WEGL-2024-01-01-GL_26-03-08_DATA_SET__SCGL_PH0005031_39_20260526-BODS_V1_1.xml,17,7
GL071-None--SCGL-WEGL-2024-01-01-GL_26-03-08_DATA_SET__SCGL_PH0005031_39_20260526-BODS_V1_1.xml,18,6
GL071-None--SCGL-WEGL-2024-01-01-GL_26-03-08_DATA_SET__SCGL_PH0005031_39_20260526-BODS_V1_1.xml,19,5
GL071-None--SCGL-WEGL-2024-01-01-GL_26-03-08_DATA_SET__SCGL_PH0005031_39_20260526-BODS_V1_1.xml,20,6
GL071-None--SCGL-WEGL-2024-01-01-GL_26-03-08_DATA_SET__SCGL_PH0005031_39_20260526-BODS_V1_1.xml,21,6
GL071-None--SCGL-WEGL-2024-01-01-GL_26-03-08_DATA_SET__SCGL_PH0005031_39_20260526-BODS_V1_1.xml,22,5
GL071-None--SCGL-WEGL-2024-01-01-GL_26-03-08_DATA_SET__SCGL_PH0005031_39_20260526-BODS_V1_1.xml,23,2
GL071-None--SCGL-WEGL-2024-01-01-GL_26-05-31_JD_V9.4__SCGL_PH0005031_39_20260531-BODS_V1_1.xml,6,7
GL071-None--SCGL-WEGL-2024-01-01-GL_26-05-31_JD_V9.4__SCGL_PH0005031_39_20260531-BODS_V1_1.xml,7,9
GL071-None--SCGL-WEGL-2024-01-01-GL_26-05-31_JD_V9.4__SCGL_PH0005031_39_20260531-BODS_V1_1.xml,8,9
GL071-None--SCGL-WEGL-2024-01-01-GL_26-05-31_JD_V9.4__SCGL_PH0005031_39_20260531-BODS_V1_1.xml,9,10
GL071-None--SCGL-WEGL-2024-01-01-GL_26-05-31_JD_V9.4__SCGL_PH0005031_39_20260531-BODS_V1_1.xml,10,10
GL071-None--SCGL-WEGL-2024-01-01-GL_26-05-31_JD_V9.4__SCGL_PH0005031_39_20260531-BODS_V1_1.xml,11,10
GL071-None--SCGL-WEGL-2024-01-01-GL_26-05-31_JD_V9.4__SCGL_PH0005031_39_20260531-BODS_V1_1.xml,12,10
GL071-None--SCGL-WEGL-2024-01-01-GL_26-05-31_JD_V9.4__SCGL_PH0005031_39_20260531-BODS_V1_1.xml,13,10
GL071-None--SCGL-WEGL-2024-01-01-GL_26-05-31_JD_V9.4__SCGL_PH0005031_39_20260531-BODS_V1_1.xml,14,10
GL071-None--SCGL-WEGL-2024-01-01-GL_26-05-31_JD_V9.4__SCGL_PH0005031_39_20260531-BODS_V1_1.xml,15,9
GL071-None--SCGL-WEGL-2024-01-01-GL_26-05-31_JD_V9.4__SCGL_PH0005031_39_20260531-BODS_V1_1.xml,16,10
GL071-None--SCGL-WEGL-2024-01-01-GL_26-05-31_JD_V9.4__SCGL_PH0005031_39_20260531-BODS_V1_1.xml,17,7
GL071-None--SCGL-WEGL-2024-01-01-GL_26-05-31_JD_V9.4__SCGL_PH0005031_39_20260531-BODS_V1_1.xml,18,6
GL071-None--SCGL-WEGL-2024-01-01-GL_26-05-31_JD_V9.4__SCGL_PH0005031_39_20260531-BODS_V1_1.xml,19,4
GL071-None--SCGL-WEGL-2024-01-01-GL_26-05-31_JD_V9.4__SCGL_PH0005031_39_20260531-BODS_V1_1.xml,20,4
GL071-None--SCGL-WEGL-2024-01-01-GL_26-05-31_JD_V9.4__SCGL_PH0005031_39_20260531-BODS_V1_1.xml,21,4
GL071-None--SCGL-WEGL-2024-01-01-GL_26-05-31_JD_V9.4__SCGL_PH0005031_39_20260531-BODS_V1_1.xml,22,4
GL071-None--SCGL-WEGL-2024-01-01-GL_26-05-31_JD_V9.4__SCGL_PH0005031_39_20260531-BODS_V1_1.xml,23,2
GL097-None--SCGL-WEGL-2024-01-01-GL_26-03-08_DATA_SET__SCGL_PH0005031_9_20260413-BODS_V1_1.xml,0,2
GL097-None--SCGL-WEGL-2024-01-01-GL_26-03-08_DATA_SET__SCGL_PH0005031_9_20260413-BODS_V1_1.xml,5,1
GL097-None--SCGL-WEGL-2024-01-01-GL_26-03-08_DATA_SET__SCGL_PH0005031_9_20260413-BODS_V1_1.xml,6,9
GL097-None--SCGL-WEGL-2024-01-01-GL_26-03-08_DATA_SET__SCGL_PH0005031_9_20260413-BODS_V1_1.xml,7,10
GL097-None--SCGL-WEGL-2024-01-01-GL_26-03-08_DATA_SET__SCGL_PH0005031_9_20260413-BODS_V1_1.xml,8,12
GL097-None--SCGL-WEGL-2024-01-01-GL_26-03-08_DATA_SET__SCGL_PH0005031_9_20260413-BODS_V1_1.xml,9,15
GL097-None--SCGL-WEGL-2024-01-01-GL_26-03-08_DATA_SET__SCGL_PH0005031_9_20260413-BODS_V1_1.xml,10,16
GL097-None--SCGL-WEGL-2024-01-01-GL_26-03-08_DATA_SET__SCGL_PH0005031_9_20260413-BODS_V1_1.xml,11,16
GL097-None--SCGL-WEGL-2024-01-01-GL_26-03-08_DATA_SET__SCGL_PH0005031_9_20260413-BODS_V1_1.xml,12,16
GL097-None--SCGL-WEGL-2024-01-01-GL_26-03-08_DATA_SET__SCGL_PH0005031_9_20260413-BODS_V1_1.xml,13,16
GL097-None--SCGL-WEGL-2024-01-01-GL_26-03-08_DATA_SET__SCGL_PH0005031_9_20260413-BODS_V1_1.xml,14,16
GL097-None--SCGL-WEGL-2024-01-01-GL_26-03-08_DATA_SET__SCGL_PH0005031_9_20260413-BODS_V1_1.xml,15,17
GL097-None--SCGL-WEGL-2024-01-01-GL_26-03-08_DATA_SET__SCGL_PH0005031_9_20260413-BODS_V1_1.xml,16,16
GL097-None--SCGL-WEGL-2024-01-01-GL_26-03-08_DATA_SET__SCGL_PH0005031_9_20260413-BODS_V1_1.xml,17,14
GL097-None--SCGL-WEGL-2024-01-01-GL_26-03-08_DATA_SET__SCGL_PH0005031_9_20260413-BODS_V1_1.xml,18,12
GL097-None--SCGL-WEGL-2024-01-01-GL_26-03-08_DATA_SET__SCGL_PH0005031_9_20260413-BODS_V1_1.xml,19,10
GL097-None--SCGL-WEGL-2024-01-01-GL_26-03-08_DATA_SET__SCGL_PH0005031_9_20260413-BODS_V1_1.xml,20,9
GL097-None--SCGL-WEGL-2024-01-01-GL_26-03-08_DATA_SET__SCGL_PH0005031_9_20260413-BODS_V1_1.xml,21,9
GL097-None--SCGL-WEGL-2024-01-01-GL_26-03-08_DATA_SET__SCGL_PH0005031_9_20260413-BODS_V1_1.xml,22,9
GL097-None--SCGL-WEGL-2024-01-01-GL_26-03-08_DATA_SET__SCGL_PH0005031_9_20260413-BODS_V1_1.xml,23,4
GL097-None--SCGL-WEGL-2024-01-01-GL_26-03-08_DATA_SET__SCGL_PH0005031_9_20260526-BODS_V1_1.xml,0,2
GL097-None--SCGL-WEGL-2024-01-01-GL_26-03-08_DATA_SET__SCGL_PH0005031_9_20260526-BODS_V1_1.xml,5,1
GL097-None--SCGL-WEGL-2024-01-01-GL_26-03-08_DATA_SET__SCGL_PH0005031_9_20260526-BODS_V1_1.xml,6,9
GL097-None--SCGL-WEGL-2024-01-01-GL_26-03-08_DATA_SET__SCGL_PH0005031_9_20260526-BODS_V1_1.xml,7,10
GL097-None--SCGL-WEGL-2024-01-01-GL_26-03-08_DATA_SET__SCGL_PH0005031_9_20260526-BODS_V1_1.xml,8,12
GL097-None--SCGL-WEGL-2024-01-01-GL_26-03-08_DATA_SET__SCGL_PH0005031_9_20260526-BODS_V1_1.xml,9,15
GL097-None--SCGL-WEGL-2024-01-01-GL_26-03-08_DATA_SET__SCGL_PH0005031_9_20260526-BODS_V1_1.xml,10,16
GL097-None--SCGL-WEGL-2024-01-01-GL_26-03-08_DATA_SET__SCGL_PH0005031_9_20260526-BODS_V1_1.xml,11,16
GL097-None--SCGL-WEGL-2024-01-01-GL_26-03-08_DATA_SET__SCGL_PH0005031_9_20260526-BODS_V1_1.xml,12,16
GL097-None--SCGL-WEGL-2024-01-01-GL_26-03-08_DATA_SET__SCGL_PH0005031_9_20260526-BODS_V1_1.xml,13,16
GL097-None--SCGL-WEGL-2024-01-01-GL_26-03-08_DATA_SET__SCGL_PH0005031_9_20260526-BODS_V1_1.xml,14,16
GL097-None--SCGL-WEGL-2024-01-01-GL_26-03-08_DATA_SET__SCGL_PH0005031_9_20260526-BODS_V1_1.xml,15,16
GL097-None--SCGL-WEGL-2024-01-01-GL_26-03-08_DATA_SET__SCGL_PH0005031_9_20260526-BODS_V1_1.xml,16,15
GL097-None--SCGL-WEGL-2024-01-01-GL_26-03-08_DATA_SET__SCGL_PH0005031_9_20260526-BODS_V1_1.xml,17,13
GL097-None--SCGL-WEGL-2024-01-01-GL_26-03-08_DATA_SET__SCGL_PH0005031_9_20260526-BODS_V1_1.xml,18,11
GL097-None--SCGL-WEGL-2024-01-01-GL_26-03-08_DATA_SET__SCGL_PH0005031_9_20260526-BODS_V1_1.xml,19,10
GL097-None--SCGL-WEGL-2024-01-01-GL_26-03-08_DATA_SET__SCGL_PH0005031_9_20260526-BODS_V1_1.xml,20,9
GL097-None--SCGL-WEGL-2024-01-01-GL_26-03-08_DATA_SET__SCGL_PH0005031_9_20260526-BODS_V1_1.xml,21,9
GL097-None--SCGL-WEGL-2024-01-01-GL_26-03-08_DATA_SET__SCGL_PH0005031_9_20260526-BODS_V1_1.xml,22,9
GL097-None--SCGL-WEGL-2024-01-01-GL_26-03-08_DATA_SET__SCGL_PH0005031_9_20260526-BODS_V1_1.xml,23,4
GL097-None--SCGL-WEGL-2024-01-01-GL_26-05-31_JD_V9.4__SCGL_PH0005031_9_20260531-BODS_V1_1.xml,5,1
GL097-None--SCGL-WEGL-2024-01-01-GL_26-05-31_JD_V9.4__SCGL_PH0005031_9_20260531-BODS_V1_1.xml,6,7
GL097-None--SCGL-WEGL-2024-01-01-GL_26-05-31_JD_V9.4__SCGL_PH0005031_9_20260531-BODS_V1_1.xml,7,8
GL097-None--SCGL-WEGL-2024-01-01-GL_26-05-31_JD_V9.4__SCGL_PH0005031_9_20260531-BODS_V1_1.xml,8,12
GL097-None--SCGL-WEGL-2024-01-01-GL_26-05-31_JD_V9.4__SCGL_PH0005031_9_20260531-BODS_V1_1.xml,9,13
GL097-None--SCGL-WEGL-2024-01-01-GL_26-05-31_JD_V9.4__SCGL_PH0005031_9_20260531-BODS_V1_1.xml,10,12
GL097-None--SCGL-WEGL-2024-01-01-GL_26-05-31_JD_V9.4__SCGL_PH0005031_9_20260531-BODS_V1_1.xml,11,12
GL097-None--SCGL-WEGL-2024-01-01-GL_26-05-31_JD_V9.4__SCGL_PH0005031_9_20260531-BODS_V1_1.xml,12,12
GL097-None--SCGL-WEGL-2024-01-01-GL_26-05-31_JD_V9.4__SCGL_PH0005031_9_20260531-BODS_V1_1.xml,13,12
GL097-None--SCGL-WEGL-2024-01-01-GL_26-05-31_JD_V9.4__SCGL_PH0005031_9_20260531-BODS_V1_1.xml,14,11
GL097-None--SCGL-WEGL-2024-01-01-GL_26-05-31_JD_V9.4__SCGL_PH0005031_9_20260531-BODS_V1_1.xml,15,11
GL097-None--SCGL-WEGL-2024-01-01-GL_26-05-31_JD_V9.4__SCGL_PH0005031_9_20260531-BODS_V1_1.xml,16,10
GL097-None--SCGL-WEGL-2024-01-01-GL_26-05-31_JD_V9.4__SCGL_PH0005031_9_20260531-BODS_V1_1.xml,17,8
GL097-None--SCGL-WEGL-2024-01-01-GL_26-05-31_JD_V9.4__SCGL_PH0005031_9_20260531-BODS_V1_1.xml,18,12
GL097-None--SCGL-WEGL-2024-01-01-GL_26-05-31_JD_V9.4__SCGL_PH0005031_9_20260531-BODS_V1_1.xml,19,6
GL097-None--SCGL-WEGL-2024-01-01-GL_26-05-31_JD_V9.4__SCGL_PH0005031_9_20260531-BODS_V1_1.xml,20,4
GL097-None--SCGL-WEGL-2024-01-01-GL_26-05-31_JD_V9.4__SCGL_PH0005031_9_20260531-BODS_V1_1.xml,21,4
GL097-None--SCGL-WEGL-2024-01-01-GL_26-05-31_JD_V9.4__SCGL_PH0005031_9_20260531-BODS_V1_1.xml,22,2
GL097-None--SCGL-WEGL-2024-01-01-GL_26-05-31_JD_V9.4__SCGL_PH0005031_9_20260531-BODS_V1_1.xml,23,4
GL351-None--SCGL-WEGL-2024-01-01-GL_26-03-08_DATA_SET__SCGL_PH0005031_271_20260413-BODS_V1_1.xml,6,2
GL351-None--SCGL-WEGL-2024-01-01-GL_26-03-08_DATA_SET__SCGL_PH0005031_271_20260413-BODS_V1_1.xml,9,2
GL351-None--SCGL-WEGL-2024-01-01-GL_26-03-08_DATA_SET__SCGL_PH0005031_271_20260413-BODS_V1_1.xml,10,2
GL351-None--SCGL-WEGL-2024-01-01-GL_26-03-08_DATA_SET__SCGL_PH0005031_271_20260413-BODS_V1_1.xml,11,2
GL351-None--SCGL-WEGL-2024-01-01-GL_26-03-08_DATA_SET__SCGL_PH0005031_271_20260413-BODS_V1_1.xml,12,2
GL351-None--SCGL-WEGL-2024-01-01-GL_26-03-08_DATA_SET__SCGL_PH0005031_271_20260413-BODS_V1_1.xml,13,2
GL351-None--SCGL-WEGL-2024-01-01-GL_26-03-08_DATA_SET__SCGL_PH0005031_271_20260413-BODS_V1_1.xml,14,2
GL351-None--SCGL-WEGL-2024-01-01-GL_26-03-08_DATA_SET__SCGL_PH0005031_271_20260413-BODS_V1_1.xml,16,2
GL351-None--SCGL-WEGL-2024-01-01-GL_26-03-08_DATA_SET__SCGL_PH0005031_271_20260413-BODS_V1_1.xml,17,2
GL351-None--SCGL-WEGL-2024-01-01-GL_26-03-08_DATA_SET__SCGL_PH0005031_271_20260526-BODS_V1_1.xml,6,2
GL351-None--SCGL-WEGL-2024-01-01-GL_26-03-08_DATA_SET__SCGL_PH0005031_271_20260526-BODS_V1_1.xml,9,2
GL351-None--SCGL-WEGL-2024-01-01-GL_26-03-08_DATA_SET__SCGL_PH0005031_271_20260526-BODS_V1_1.xml,10,2
GL351-None--SCGL-WEGL-2024-01-01-GL_26-03-08_DATA_SET__SCGL_PH0005031_271_20260526-BODS_V1_1.xml,11,2
GL351-None--SCGL-WEGL-2024-01-01-GL_26-03-08_DATA_SET__SCGL_PH0005031_271_20260526-BODS_V1_1.xml,12,2
GL351-None--SCGL-WEGL-2024-01-01-GL_26-03-08_DATA_SET__SCGL_PH0005031_271_20260526-BODS_V1_1.xml,13,2
GL351-None--SCGL-WEGL-2024-01-01-GL_26-03-08_DATA_SET__SCGL_PH0005031_271_20260526-BODS_V1_1.xml,14,2
GL351-None--SCGL-WEGL-2024-01-01-GL_26-03-08_DATA_SET__SCGL_PH0005031_271_20260526-BODS_V1_1.xml,16,2
GL351-None--SCGL-WEGL-2024-01-01-GL_26-03-08_DATA_SET__SCGL_PH0005031_271_20260526-BODS_V1_1.xml,17,2
GL351-None--SCGL-WEGL-2024-01-01-GL_26-05-31_JD_V9.4__SCGL_PH0005031_271_20260531-BODS_V1_1.xml,6,2
GL351-None--SCGL-WEGL-2024-01-01-GL_26-05-31_JD_V9.4__SCGL_PH0005031_271_20260531-BODS_V1_1.xml,9,2
GL351-None--SCGL-WEGL-2024-01-01-GL_26-05-31_JD_V9.4__SCGL_PH0005031_271_20260531-BODS_V1_1.xml,10,2
GL351-None--SCGL-WEGL-2024-01-01-GL_26-05-31_JD_V9.4__SCGL_PH0005031_271_20260531-BODS_V1_1.xml,11,2
GL351-None--SCGL-WEGL-2024-01-01-GL_26-05-31_JD_V9.4__SCGL_PH0005031_271_20260531-BODS_V1_1.xml,12,2
GL351-None--SCGL-WEGL-2024-01-01-GL_26-05-31_JD_V9.4__SCGL_PH0005031_271_20260531-BODS_V1_1.xml,13,2
GL351-None--SCGL-WEGL-2024-01-01-GL_26-05-31_JD_V9.4__SCGL_PH0005031_271_20260531-BODS_V1_1.xml,14,2
GL351-None--SCGL-WEGL-2024-01-01-GL_26-05-31_JD_V9.4__SCGL_PH0005031_271_20260531-BODS_V1_1.xml,16,2
GL351-None--SCGL-WEGL-2024-01-01-GL_26-05-31_JD_V9.4__SCGL_PH0005031_271_20260531-BODS_V1_1.xml,17,2
GL353-None--SCGL-WEGL-2024-01-01-GL_26-03-08_DATA_SET__SCGL_PH0005031_270_20260413-BODS_V1_1.xml,9,2
GL353-None--SCGL-WEGL-2024-01-01-GL_26-03-08_DATA_SET__SCGL_PH0005031_270_20260413-BODS_V1_1.xml,11,4
GL353-None--SCGL-WEGL-2024-01-01-GL_26-03-08_DATA_SET__SCGL_PH0005031_270_20260413-BODS_V1_1.xml,13,2
GL353-None--SCGL-WEGL-2024-01-01-GL_26-03-08_DATA_SET__SCGL_PH0005031_270_20260526-BODS_V1_1.xml,9,2
GL353-None--SCGL-WEGL-2024-01-01-GL_26-03-08_DATA_SET__SCGL_PH0005031_270_20260526-BODS_V1_1.xml,11,4
GL353-None--SCGL-WEGL-2024-01-01-GL_26-03-08_DATA_SET__SCGL_PH0005031_270_20260526-BODS_V1_1.xml,13,2
GL353-None--SCGL-WEGL-2024-01-01-GL_26-05-31_JD_V9.4__SCGL_PH0005031_270_20260531-BODS_V1_1.xml,9,2
GL353-None--SCGL-WEGL-2024-01-01-GL_26-05-31_JD_V9.4__SCGL_PH0005031_270_20260531-BODS_V1_1.xml,11,4
GL353-None--SCGL-WEGL-2024-01-01-GL_26-05-31_JD_V9.4__SCGL_PH0005031_270_20260531-BODS_V1_1.xml,13,2
GL882A-None--SCGL-WEST-2024-01-01-ST_26-04-12_Exports__SCGL_PH0005031_358_20260412-BODS_V1_1.xml,6,1
GL882A-None--SCGL-WEST-2024-01-01-ST_26-04-12_Exports__SCGL_PH0005031_358_20260412-BODS_V1_1.xml,7,2
GL882A-None--SCGL-WEST-2024-01-01-ST_26-04-12_Exports__SCGL_PH0005031_358_20260412-BODS_V1_1.xml,8,1
GL882A-None--SCGL-WEST-2024-01-01-ST_26-04-12_Exports__SCGL_PH0005031_358_20260412-BODS_V1_1.xml,9,2
GL882A-None--SCGL-WEST-2024-01-01-ST_26-04-12_Exports__SCGL_PH0005031_358_20260412-BODS_V1_1.xml,10,2
GL882A-None--SCGL-WEST-2024-01-01-ST_26-04-12_Exports__SCGL_PH0005031_358_20260412-BODS_V1_1.xml,11,1
GL882A-None--SCGL-WEST-2024-01-01-ST_26-04-12_Exports__SCGL_PH0005031_358_20260412-BODS_V1_1.xml,12,1
GL882A-None--SCGL-WEST-2024-01-01-ST_26-04-12_Exports__SCGL_PH0005031_358_20260412-BODS_V1_1.xml,13,3
GL882A-None--SCGL-WEST-2024-01-01-ST_26-04-12_Exports__SCGL_PH0005031_358_20260412-BODS_V1_1.xml,14,2
GL882A-None--SCGL-WEST-2024-01-01-ST_26-04-12_Exports__SCGL_PH0005031_358_20260412-BODS_V1_1.xml,15,2
GL882A-None--SCGL-WEST-2024-01-01-ST_26-04-12_Exports__SCGL_PH0005031_358_20260412-BODS_V1_1.xml,16,1
GL882A-None--SCGL-WEST-2024-01-01-ST_26-04-12_Exports__SCGL_PH0005031_358_20260412-BODS_V1_1.xml,17,1
GL882A-None--SCGL-WEST-2024-01-01-ST_26-04-12_Exports__SCGL_PH0005031_358_20260412-BODS_V1_1.xml,18,1
GL882A-None--SCGL-WEST-2024-01-01-ST_26-04-12_Full_Set_Data_Expor__SCGL_PH0005031_358_20260526-BODS_V1_1.xml,6,1
GL882A-None--SCGL-WEST-2024-01-01-ST_26-04-12_Full_Set_Data_Expor__SCGL_PH0005031_358_20260526-BODS_V1_1.xml,7,2
GL882A-None--SCGL-WEST-2024-01-01-ST_26-04-12_Full_Set_Data_Expor__SCGL_PH0005031_358_20260526-BODS_V1_1.xml,8,1
GL882A-None--SCGL-WEST-2024-01-01-ST_26-04-12_Full_Set_Data_Expor__SCGL_PH0005031_358_20260526-BODS_V1_1.xml,9,2
GL882A-None--SCGL-WEST-2024-01-01-ST_26-04-12_Full_Set_Data_Expor__SCGL_PH0005031_358_20260526-BODS_V1_1.xml,10,2
GL882A-None--SCGL-WEST-2024-01-01-ST_26-04-12_Full_Set_Data_Expor__SCGL_PH0005031_358_20260526-BODS_V1_1.xml,11,1
GL882A-None--SCGL-WEST-2024-01-01-ST_26-04-12_Full_Set_Data_Expor__SCGL_PH0005031_358_20260526-BODS_V1_1.xml,12,1
GL882A-None--SCGL-WEST-2024-01-01-ST_26-04-12_Full_Set_Data_Expor__SCGL_PH0005031_358_20260526-BODS_V1_1.xml,13,3
GL882A-None--SCGL-WEST-2024-01-01-ST_26-04-12_Full_Set_Data_Expor__SCGL_PH0005031_358_20260526-BODS_V1_1.xml,14,2
GL882A-None--SCGL-WEST-2024-01-01-ST_26-04-12_Full_Set_Data_Expor__SCGL_PH0005031_358_20260526-BODS_V1_1.xml,15,2
GL882A-None--SCGL-WEST-2024-01-01-ST_26-04-12_Full_Set_Data_Expor__SCGL_PH0005031_358_20260526-BODS_V1_1.xml,16,1
GL882A-None--SCGL-WEST-2024-01-01-ST_26-04-12_Full_Set_Data_Expor__SCGL_PH0005031_358_20260526-BODS_V1_1.xml,17,1
GL882A-None--SCGL-WEST-2024-01-01-ST_26-04-12_Full_Set_Data_Expor__SCGL_PH0005031_358_20260526-BODS_V1_1.xml,18,1
GL882A-None--SCGL-WEST-2024-01-01-ST_26-04-12_Full_Set_Data_Expor__SCGL_PH0005031_358_20260531-BODS_V1_1.xml,6,1
GL882A-None--SCGL-WEST-2024-01-01-ST_26-04-12_Full_Set_Data_Expor__SCGL_PH0005031_358_20260531-BODS_V1_1.xml,7,2
GL882A-None--SCGL-WEST-2024-01-01-ST_26-04-12_Full_Set_Data_Expor__SCGL_PH0005031_358_20260531-BODS_V1_1.xml,8,1
GL882A-None--SCGL-WEST-2024-01-01-ST_26-04-12_Full_Set_Data_Expor__SCGL_PH0005031_358_20260531-BODS_V1_1.xml,9,2
GL882A-None--SCGL-WEST-2024-01-01-ST_26-04-12_Full_Set_Data_Expor__SCGL_PH0005031_358_20260531-BODS_V1_1.xml,10,2
GL882A-None--SCGL-WEST-2024-01-01-ST_26-04-12_Full_Set_Data_Expor__SCGL_PH0005031_358_20260531-BODS_V1_1.xml,11,1
GL882A-None--SCGL-WEST-2024-01-01-ST_26-04-12_Full_Set_Data_Expor__SCGL_PH0005031_358_20260531-BODS_V1_1.xml,12,1
GL882A-None--SCGL-WEST-2024-01-01-ST_26-04-12_Full_Set_Data_Expor__SCGL_PH0005031_358_20260531-BODS_V1_1.xml,13,3
GL882A-None--SCGL-WEST-2024-01-01-ST_26-04-12_Full_Set_Data_Expor__SCGL_PH0005031_358_20260531-BODS_V1_1.xml,14,2
GL882A-None--SCGL-WEST-2024-01-01-ST_26-04-12_Full_Set_Data_Expor__SCGL_PH0005031_358_20260531-BODS_V1_1.xml,15,2
GL882A-None--SCGL-WEST-2024-01-01-ST_26-04-12_Full_Set_Data_Expor__SCGL_PH0005031_358_20260531-BODS_V1_1.xml,16,1
GL882A-None--SCGL-WEST-2024-01-01-ST_26-04-12_Full_Set_Data_Expor__SCGL_PH0005031_358_20260531-BODS_V1_1.xml,17,1
GL882A-None--SCGL-WEST-2024-01-01-ST_26-04-12_Full_Set_Data_Expor__SCGL_PH0005031_358_20260531-BODS_V1_1.xml,18,1
GL882B-None--SCGL-WEST-2024-01-01-ST_26-04-12_Exports__SCGL_PH0005031_359_20260412-BODS_V1_1.xml,6,1
GL882B-None--SCGL-WEST-2024-01-01-ST_26-04-12_Exports__SCGL_PH0005031_359_20260412-BODS_V1_1.xml,7,1
GL882B-None--SCGL-WEST-2024-01-01-ST_26-04-12_Exports__SCGL_PH0005031_359_20260412-BODS_V1_1.xml,8,2
GL882B-None--SCGL-WEST-2024-01-01-ST_26-04-12_Exports__SCGL_PH0005031_359_20260412-BODS_V1_1.xml,9,2
GL882B-None--SCGL-WEST-2024-01-01-ST_26-04-12_Exports__SCGL_PH0005031_359_20260412-BODS_V1_1.xml,10,1
GL882B-None--SCGL-WEST-2024-01-01-ST_26-04-12_Exports__SCGL_PH0005031_359_20260412-BODS_V1_1.xml,11,3
GL882B-None--SCGL-WEST-2024-01-01-ST_26-04-12_Exports__SCGL_PH0005031_359_20260412-BODS_V1_1.xml,12,2
GL882B-None--SCGL-WEST-2024-01-01-ST_26-04-12_Exports__SCGL_PH0005031_359_20260412-BODS_V1_1.xml,13,1
GL882B-None--SCGL-WEST-2024-01-01-ST_26-04-12_Exports__SCGL_PH0005031_359_20260412-BODS_V1_1.xml,14,2
GL882B-None--SCGL-WEST-2024-01-01-ST_26-04-12_Exports__SCGL_PH0005031_359_20260412-BODS_V1_1.xml,15,2
GL882B-None--SCGL-WEST-2024-01-01-ST_26-04-12_Exports__SCGL_PH0005031_359_20260412-BODS_V1_1.xml,17,2
GL882B-None--SCGL-WEST-2024-01-01-ST_26-04-12_Exports__SCGL_PH0005031_359_20260412-BODS_V1_1.xml,18,1
GL882B-None--SCGL-WEST-2024-01-01-ST_26-04-12_Full_Set_Data_Expor__SCGL_PH0005031_359_20260526-BODS_V1_1.xml,6,1
GL882B-None--SCGL-WEST-2024-01-01-ST_26-04-12_Full_Set_Data_Expor__SCGL_PH0005031_359_20260526-BODS_V1_1.xml,7,1
GL882B-None--SCGL-WEST-2024-01-01-ST_26-04-12_Full_Set_Data_Expor__SCGL_PH0005031_359_20260526-BODS_V1_1.xml,8,2
GL882B-None--SCGL-WEST-2024-01-01-ST_26-04-12_Full_Set_Data_Expor__SCGL_PH0005031_359_20260526-BODS_V1_1.xml,9,2
GL882B-None--SCGL-WEST-2024-01-01-ST_26-04-12_Full_Set_Data_Expor__SCGL_PH0005031_359_20260526-BODS_V1_1.xml,10,1
GL882B-None--SCGL-WEST-2024-01-01-ST_26-04-12_Full_Set_Data_Expor__SCGL_PH0005031_359_20260526-BODS_V1_1.xml,11,3
GL882B-None--SCGL-WEST-2024-01-01-ST_26-04-12_Full_Set_Data_Expor__SCGL_PH0005031_359_20260526-BODS_V1_1.xml,12,2
GL882B-None--SCGL-WEST-2024-01-01-ST_26-04-12_Full_Set_Data_Expor__SCGL_PH0005031_359_20260526-BODS_V1_1.xml,13,1
GL882B-None--SCGL-WEST-2024-01-01-ST_26-04-12_Full_Set_Data_Expor__SCGL_PH0005031_359_20260526-BODS_V1_1.xml,14,2
GL882B-None--SCGL-WEST-2024-01-01-ST_26-04-12_Full_Set_Data_Expor__SCGL_PH0005031_359_20260526-BODS_V1_1.xml,15,2
GL882B-None--SCGL-WEST-2024-01-01-ST_26-04-12_Full_Set_Data_Expor__SCGL_PH0005031_359_20260526-BODS_V1_1.xml,17,2
GL882B-None--SCGL-WEST-2024-01-01-ST_26-04-12_Full_Set_Data_Expor__SCGL_PH0005031_359_20260526-BODS_V1_1.xml,18,1
GL882B-None--SCGL-WEST-2024-01-01-ST_26-04-12_Full_Set_Data_Expor__SCGL_PH0005031_359_20260531-BODS_V1_1.xml,6,1
GL882B-None--SCGL-WEST-2024-01-01-ST_26-04-12_Full_Set_Data_Expor__SCGL_PH0005031_359_20260531-BODS_V1_1.xml,7,1
GL882B-None--SCGL-WEST-2024-01-01-ST_26-04-12_Full_Set_Data_Expor__SCGL_PH0005031_359_20260531-BODS_V1_1.xml,8,2
GL882B-None--SCGL-WEST-2024-01-01-ST_26-04-12_Full_Set_Data_Expor__SCGL_PH0005031_359_20260531-BODS_V1_1.xml,9,2
GL882B-None--SCGL-WEST-2024-01-01-ST_26-04-12_Full_Set_Data_Expor__SCGL_PH0005031_359_20260531-BODS_V1_1.xml,10,1
GL882B-None--SCGL-WEST-2024-01-01-ST_26-04-12_Full_Set_Data_Expor__SCGL_PH0005031_359_20260531-BODS_V1_1.xml,11,3
GL882B-None--SCGL-WEST-2024-01-01-ST_26-04-12_Full_Set_Data_Expor__SCGL_PH0005031_359_20260531-BODS_V1_1.xml,12,2
GL882B-None--SCGL-WEST-2024-01-01-ST_26-04-12_Full_Set_Data_Expor__SCGL_PH0005031_359_20260531-BODS_V1_1.xml,13,1
GL882B-None--SCGL-WEST-2024-01-01-ST_26-04-12_Full_Set_Data_Expor__SCGL_PH0005031_359_20260531-BODS_V1_1.xml,14,2
GL882B-None--SCGL-WEST-2024-01-01-ST_26-04-12_Full_Set_Data_Expor__SCGL_PH0005031_359_20260531-BODS_V1_1.xml,15,2
GL882B-None--SCGL-WEST-2024-01-01-ST_26-04-12_Full_Set_Data_Expor__SCGL_PH0005031_359_20260531-BODS_V1_1.xml,17,2
GL882B-None--SCGL-WEST-2024-01-01-ST_26-04-12_Full_Set_Data_Expor__SCGL_PH0005031_359_20260531-BODS_V1_1.xml,18,1
H-None--SSWL-WACA-2026-03-30-TaffsWellPlan260330_FinalV4_Protocl__SSWL_PG0006630_366_20260411-BODS_V1_1.xml,7,2
H-None--SSWL-WACA-2026-03-30-TaffsWellPlan260330_FinalV4_Protocl__SSWL_PG0006630_366_20260411-BODS_V1_1.xml,8,2
H-None--SSWL-WACA-2026-03-30-TaffsWellPlan260330_FinalV4_Protocl__SSWL_PG0006630_366_20260411-BODS_V1_1.xml,9,2
H-None--SSWL-WACA-2026-03-30-TaffsWellPlan260330_FinalV4_Protocl__SSWL_PG0006630_366_20260411-BODS_V1_1.xml,10,4
H-None--SSWL-WACA-2026-03-30-TaffsWellPlan260330_FinalV4_Protocl__SSWL_PG0006630_366_20260411-BODS_V1_1.xml,11,4
H-None--SSWL-WACA-2026-03-30-TaffsWellPlan260330_FinalV4_Protocl__SSWL_PG0006630_366_20260411-BODS_V1_1.xml,12,4
H-None--SSWL-WACA-2026-03-30-TaffsWellPlan260330_FinalV4_Protocl__SSWL_PG0006630_366_20260411-BODS_V1_1.xml,14,4
H-None--SSWL-WACA-2026-03-30-TaffsWellPlan260330_FinalV4_Protocl__SSWL_PG0006630_366_20260411-BODS_V1_1.xml,15,4
H-None--SSWL-WACA-2026-03-30-TaffsWellPlan260330_FinalV4_Protocl__SSWL_PG0006630_366_20260411-BODS_V1_1.xml,16,4
H-None--SSWL-WACA-2026-03-30-TaffsWellPlan260330_FinalV4_Protocl__SSWL_PG0006630_366_20260411-BODS_V1_1.xml,17,2
K-None--SSWL-WACA-2026-03-30-TaffsWellPlan260330_FinalV4_Protocl__SSWL_PG0006630_224_20260411-BODS_V1_1.xml,9,2
K-None--SSWL-WACA-2026-03-30-TaffsWellPlan260330_FinalV4_Protocl__SSWL_PG0006630_224_20260411-BODS_V1_1.xml,10,2
K-None--SSWL-WACA-2026-03-30-TaffsWellPlan260330_FinalV4_Protocl__SSWL_PG0006630_224_20260411-BODS_V1_1.xml,11,2
K-None--SSWL-WACA-2026-03-30-TaffsWellPlan260330_FinalV4_Protocl__SSWL_PG0006630_224_20260411-BODS_V1_1.xml,12,2
K-None--SSWL-WACA-2026-03-30-TaffsWellPlan260330_FinalV4_Protocl__SSWL_PG0006630_224_20260411-BODS_V1_1.xml,13,2
K-None--SSWL-WACA-2026-03-30-TaffsWellPlan260330_FinalV4_Protocl__SSWL_PG0006630_224_20260411-BODS_V1_1.xml,14,2
K-None--SSWL-WACA-2026-03-30-TaffsWellPlan260330_FinalV4_Protocl__SSWL_PG0006630_224_20260411-BODS_V1_1.xml,15,2
K-None--SSWL-WACA-2026-03-30-TaffsWellPlan260330_FinalV4_Protocl__SSWL_PG0006630_224_20260411-BODS_V1_1.xml,16,2
K-None--SSWL-WACA-2026-03-30-TaffsWellPlan260330_FinalV4_Protocl__SSWL_PG0006630_224_20260411-BODS_V1_1.xml,17,2
K14-None--SCNH-Kettering-2024-01-21-KTCO260412_New_Fixed_Driver_p__SCNH_PF1118394_208_20260412-BODS_V1_1.xml,6,1
K14-None--SCNH-Kettering-2024-01-21-KTCO260412_New_Fixed_Driver_p__SCNH_PF1118394_208_20260412-BODS_V1_1.xml,7,1
K14-None--SCNH-Kettering-2024-01-21-KTCO260412_New_Fixed_Driver_p__SCNH_PF1118394_208_20260412-BODS_V1_1.xml,9,3
K14-None--SCNH-Kettering-2024-01-21-KTCO260412_New_Fixed_Driver_p__SCNH_PF1118394_208_20260412-BODS_V1_1.xml,14,2
K14-None--SCNH-Kettering-2024-01-21-KTCO260412_New_Fixed_Driver_p__SCNH_PF1118394_208_20260412-BODS_V1_1.xml,16,1
K14-None--SCNH-Kettering-2024-01-21-KTCO260412_New_Fixed_Driver_p__SCNH_PF1118394_208_20260412-BODS_V1_1.xml,17,1
K14-None--SCNH-Kettering-2024-01-21-KTCO260412_New_Fixed_Driver_p__SCNH_PF1118394_208_20260412-BODS_V1_1.xml,18,1
K15-None--SCNH-Kettering-2024-01-21-KTCO260412_New_Fixed_Driver_p__SCNH_PF1118394_209_20260412-BODS_V1_1.xml,7,1
K15-None--SCNH-Kettering-2024-01-21-KTCO260412_New_Fixed_Driver_p__SCNH_PF1118394_209_20260412-BODS_V1_1.xml,8,2
K15-None--SCNH-Kettering-2024-01-21-KTCO260412_New_Fixed_Driver_p__SCNH_PF1118394_209_20260412-BODS_V1_1.xml,10,1
K15-None--SCNH-Kettering-2024-01-21-KTCO260412_New_Fixed_Driver_p__SCNH_PF1118394_209_20260412-BODS_V1_1.xml,11,1
K15-None--SCNH-Kettering-2024-01-21-KTCO260412_New_Fixed_Driver_p__SCNH_PF1118394_209_20260412-BODS_V1_1.xml,12,2
K15-None--SCNH-Kettering-2024-01-21-KTCO260412_New_Fixed_Driver_p__SCNH_PF1118394_209_20260412-BODS_V1_1.xml,13,2
K15-None--SCNH-Kettering-2024-01-21-KTCO260412_New_Fixed_Driver_p__SCNH_PF1118394_209_20260412-BODS_V1_1.xml,15,2
K15-None--SCNH-Kettering-2024-01-21-KTCO260412_New_Fixed_Driver_p__SCNH_PF1118394_209_20260412-BODS_V1_1.xml,16,1
K15-None--SCNH-Kettering-2024-01-21-KTCO260412_New_Fixed_Driver_p__SCNH_PF1118394_209_20260412-BODS_V1_1.xml,17,1
K16-None--SCNH-Kettering-2024-01-21-KTCO260412_New_Fixed_Driver_p__SCNH_PF1118394_179_20260412-BODS_V1_1.xml,6,1
K16-None--SCNH-Kettering-2024-01-21-KTCO260412_New_Fixed_Driver_p__SCNH_PF1118394_179_20260412-BODS_V1_1.xml,7,1
K16-None--SCNH-Kettering-2024-01-21-KTCO260412_New_Fixed_Driver_p__SCNH_PF1118394_179_20260412-BODS_V1_1.xml,8,2
K16-None--SCNH-Kettering-2024-01-21-KTCO260412_New_Fixed_Driver_p__SCNH_PF1118394_179_20260412-BODS_V1_1.xml,9,4
K16-None--SCNH-Kettering-2024-01-21-KTCO260412_New_Fixed_Driver_p__SCNH_PF1118394_179_20260412-BODS_V1_1.xml,10,3
K16-None--SCNH-Kettering-2024-01-21-KTCO260412_New_Fixed_Driver_p__SCNH_PF1118394_179_20260412-BODS_V1_1.xml,11,2
K16-None--SCNH-Kettering-2024-01-21-KTCO260412_New_Fixed_Driver_p__SCNH_PF1118394_179_20260412-BODS_V1_1.xml,12,2
K16-None--SCNH-Kettering-2024-01-21-KTCO260412_New_Fixed_Driver_p__SCNH_PF1118394_179_20260412-BODS_V1_1.xml,13,4
K16-None--SCNH-Kettering-2024-01-21-KTCO260412_New_Fixed_Driver_p__SCNH_PF1118394_179_20260412-BODS_V1_1.xml,14,2
K16-None--SCNH-Kettering-2024-01-21-KTCO260412_New_Fixed_Driver_p__SCNH_PF1118394_179_20260412-BODS_V1_1.xml,16,3
K16-None--SCNH-Kettering-2024-01-21-KTCO260412_New_Fixed_Driver_p__SCNH_PF1118394_179_20260412-BODS_V1_1.xml,17,3
K16-None--SCNH-Kettering-2024-01-21-KTCO260412_New_Fixed_Driver_p__SCNH_PF1118394_179_20260412-BODS_V1_1.xml,19,1
K17-None--SCNH-Kettering-2024-01-21-KTCO260412_New_Fixed_Driver_p__SCNH_PF1118394_150_20260412-BODS_V1_1.xml,4,2
K17-None--SCNH-Kettering-2024-01-21-KTCO260412_New_Fixed_Driver_p__SCNH_PF1118394_150_20260412-BODS_V1_1.xml,5,4
K17-None--SCNH-Kettering-2024-01-21-KTCO260412_New_Fixed_Driver_p__SCNH_PF1118394_150_20260412-BODS_V1_1.xml,6,4
K17-None--SCNH-Kettering-2024-01-21-KTCO260412_New_Fixed_Driver_p__SCNH_PF1118394_150_20260412-BODS_V1_1.xml,7,4
K17-None--SCNH-Kettering-2024-01-21-KTCO260412_New_Fixed_Driver_p__SCNH_PF1118394_150_20260412-BODS_V1_1.xml,8,5
K17-None--SCNH-Kettering-2024-01-21-KTCO260412_New_Fixed_Driver_p__SCNH_PF1118394_150_20260412-BODS_V1_1.xml,9,6
K17-None--SCNH-Kettering-2024-01-21-KTCO260412_New_Fixed_Driver_p__SCNH_PF1118394_150_20260412-BODS_V1_1.xml,10,6
K17-None--SCNH-Kettering-2024-01-21-KTCO260412_New_Fixed_Driver_p__SCNH_PF1118394_150_20260412-BODS_V1_1.xml,11,6
K17-None--SCNH-Kettering-2024-01-21-KTCO260412_New_Fixed_Driver_p__SCNH_PF1118394_150_20260412-BODS_V1_1.xml,12,6
K17-None--SCNH-Kettering-2024-01-21-KTCO260412_New_Fixed_Driver_p__SCNH_PF1118394_150_20260412-BODS_V1_1.xml,13,6
K17-None--SCNH-Kettering-2024-01-21-KTCO260412_New_Fixed_Driver_p__SCNH_PF1118394_150_20260412-BODS_V1_1.xml,14,6
K17-None--SCNH-Kettering-2024-01-21-KTCO260412_New_Fixed_Driver_p__SCNH_PF1118394_150_20260412-BODS_V1_1.xml,15,6
K17-None--SCNH-Kettering-2024-01-21-KTCO260412_New_Fixed_Driver_p__SCNH_PF1118394_150_20260412-BODS_V1_1.xml,16,6
K17-None--SCNH-Kettering-2024-01-21-KTCO260412_New_Fixed_Driver_p__SCNH_PF1118394_150_20260412-BODS_V1_1.xml,17,6
K17-None--SCNH-Kettering-2024-01-21-KTCO260412_New_Fixed_Driver_p__SCNH_PF1118394_150_20260412-BODS_V1_1.xml,18,6
K17-None--SCNH-Kettering-2024-01-21-KTCO260412_New_Fixed_Driver_p__SCNH_PF1118394_150_20260412-BODS_V1_1.xml,19,6
K17-None--SCNH-Kettering-2024-01-21-KTCO260412_New_Fixed_Driver_p__SCNH_PF1118394_150_20260412-BODS_V1_1.xml,20,7
K17-None--SCNH-Kettering-2024-01-21-KTCO260412_New_Fixed_Driver_p__SCNH_PF1118394_150_20260412-BODS_V1_1.xml,21,2
K17-None--SCNH-Kettering-2024-01-21-KTCO260412_New_Fixed_Driver_p__SCNH_PF1118394_150_20260412-BODS_V1_1.xml,22,4
K17-None--SCNH-Kettering-2024-01-21-KTCO260412_New_Fixed_Driver_p__SCNH_PF1118394_150_20260412-BODS_V1_1.xml,23,2
K18-None--SCNH-Kettering-2024-01-21-KTCO260412_New_Fixed_Driver_p__SCNH_PF1118394_151_20260412-BODS_V1_1.xml,5,2
K18-None--SCNH-Kettering-2024-01-21-KTCO260412_New_Fixed_Driver_p__SCNH_PF1118394_151_20260412-BODS_V1_1.xml,6,3
K18-None--SCNH-Kettering-2024-01-21-KTCO260412_New_Fixed_Driver_p__SCNH_PF1118394_151_20260412-BODS_V1_1.xml,7,1
K18-None--SCNH-Kettering-2024-01-21-KTCO260412_New_Fixed_Driver_p__SCNH_PF1118394_151_20260412-BODS_V1_1.xml,8,4
K18-None--SCNH-Kettering-2024-01-21-KTCO260412_New_Fixed_Driver_p__SCNH_PF1118394_151_20260412-BODS_V1_1.xml,9,4
K18-None--SCNH-Kettering-2024-01-21-KTCO260412_New_Fixed_Driver_p__SCNH_PF1118394_151_20260412-BODS_V1_1.xml,10,4
K18-None--SCNH-Kettering-2024-01-21-KTCO260412_New_Fixed_Driver_p__SCNH_PF1118394_151_20260412-BODS_V1_1.xml,11,4
K18-None--SCNH-Kettering-2024-01-21-KTCO260412_New_Fixed_Driver_p__SCNH_PF1118394_151_20260412-BODS_V1_1.xml,12,4
K18-None--SCNH-Kettering-2024-01-21-KTCO260412_New_Fixed_Driver_p__SCNH_PF1118394_151_20260412-BODS_V1_1.xml,13,4
K18-None--SCNH-Kettering-2024-01-21-KTCO260412_New_Fixed_Driver_p__SCNH_PF1118394_151_20260412-BODS_V1_1.xml,14,4
K18-None--SCNH-Kettering-2024-01-21-KTCO260412_New_Fixed_Driver_p__SCNH_PF1118394_151_20260412-BODS_V1_1.xml,15,4
K18-None--SCNH-Kettering-2024-01-21-KTCO260412_New_Fixed_Driver_p__SCNH_PF1118394_151_20260412-BODS_V1_1.xml,16,4
K18-None--SCNH-Kettering-2024-01-21-KTCO260412_New_Fixed_Driver_p__SCNH_PF1118394_151_20260412-BODS_V1_1.xml,17,4
K18-None--SCNH-Kettering-2024-01-21-KTCO260412_New_Fixed_Driver_p__SCNH_PF1118394_151_20260412-BODS_V1_1.xml,18,4
K18-None--SCNH-Kettering-2024-01-21-KTCO260412_New_Fixed_Driver_p__SCNH_PF1118394_151_20260412-BODS_V1_1.xml,19,2
K19-None--SCNH-Kettering-2024-01-21-KTCO260412_New_Fixed_Driver_p__SCNH_PF1118394_43_20260412-BODS_V1_1.xml,7,6
K19-None--SCNH-Kettering-2024-01-21-KTCO260412_New_Fixed_Driver_p__SCNH_PF1118394_43_20260412-BODS_V1_1.xml,8,4
K19-None--SCNH-Kettering-2024-01-21-KTCO260412_New_Fixed_Driver_p__SCNH_PF1118394_43_20260412-BODS_V1_1.xml,9,4
K19-None--SCNH-Kettering-2024-01-21-KTCO260412_New_Fixed_Driver_p__SCNH_PF1118394_43_20260412-BODS_V1_1.xml,10,4
K19-None--SCNH-Kettering-2024-01-21-KTCO260412_New_Fixed_Driver_p__SCNH_PF1118394_43_20260412-BODS_V1_1.xml,11,4
K19-None--SCNH-Kettering-2024-01-21-KTCO260412_New_Fixed_Driver_p__SCNH_PF1118394_43_20260412-BODS_V1_1.xml,12,4
K19-None--SCNH-Kettering-2024-01-21-KTCO260412_New_Fixed_Driver_p__SCNH_PF1118394_43_20260412-BODS_V1_1.xml,13,4
K19-None--SCNH-Kettering-2024-01-21-KTCO260412_New_Fixed_Driver_p__SCNH_PF1118394_43_20260412-BODS_V1_1.xml,14,4
K19-None--SCNH-Kettering-2024-01-21-KTCO260412_New_Fixed_Driver_p__SCNH_PF1118394_43_20260412-BODS_V1_1.xml,15,4
K19-None--SCNH-Kettering-2024-01-21-KTCO260412_New_Fixed_Driver_p__SCNH_PF1118394_43_20260412-BODS_V1_1.xml,16,4
K19-None--SCNH-Kettering-2024-01-21-KTCO260412_New_Fixed_Driver_p__SCNH_PF1118394_43_20260412-BODS_V1_1.xml,17,4
K19-None--SCNH-Kettering-2024-01-21-KTCO260412_New_Fixed_Driver_p__SCNH_PF1118394_43_20260412-BODS_V1_1.xml,18,4
K19-None--SCNH-Kettering-2024-01-21-KTCO260412_New_Fixed_Driver_p__SCNH_PF1118394_43_20260412-BODS_V1_1.xml,19,4
K2-None--SCNH-Kettering-2024-01-21-KTCO260412_New_Fixed_Driver_pr__SCNH_PF1118394_236_20260412-BODS_V1_1.xml,5,4
K2-None--SCNH-Kettering-2024-01-21-KTCO260412_New_Fixed_Driver_pr__SCNH_PF1118394_236_20260412-BODS_V1_1.xml,7,6
K2-None--SCNH-Kettering-2024-01-21-KTCO260412_New_Fixed_Driver_pr__SCNH_PF1118394_236_20260412-BODS_V1_1.xml,8,6
K2-None--SCNH-Kettering-2024-01-21-KTCO260412_New_Fixed_Driver_pr__SCNH_PF1118394_236_20260412-BODS_V1_1.xml,9,4
K2-None--SCNH-Kettering-2024-01-21-KTCO260412_New_Fixed_Driver_pr__SCNH_PF1118394_236_20260412-BODS_V1_1.xml,10,4
K2-None--SCNH-Kettering-2024-01-21-KTCO260412_New_Fixed_Driver_pr__SCNH_PF1118394_236_20260412-BODS_V1_1.xml,11,4
K2-None--SCNH-Kettering-2024-01-21-KTCO260412_New_Fixed_Driver_pr__SCNH_PF1118394_236_20260412-BODS_V1_1.xml,12,4
K2-None--SCNH-Kettering-2024-01-21-KTCO260412_New_Fixed_Driver_pr__SCNH_PF1118394_236_20260412-BODS_V1_1.xml,13,4
K2-None--SCNH-Kettering-2024-01-21-KTCO260412_New_Fixed_Driver_pr__SCNH_PF1118394_236_20260412-BODS_V1_1.xml,14,4
K2-None--SCNH-Kettering-2024-01-21-KTCO260412_New_Fixed_Driver_pr__SCNH_PF1118394_236_20260412-BODS_V1_1.xml,15,4
K2-None--SCNH-Kettering-2024-01-21-KTCO260412_New_Fixed_Driver_pr__SCNH_PF1118394_236_20260412-BODS_V1_1.xml,16,4
K2-None--SCNH-Kettering-2024-01-21-KTCO260412_New_Fixed_Driver_pr__SCNH_PF1118394_236_20260412-BODS_V1_1.xml,17,6
K2-None--SCNH-Kettering-2024-01-21-KTCO260412_New_Fixed_Driver_pr__SCNH_PF1118394_236_20260412-BODS_V1_1.xml,18,2
K2-None--SCNH-Kettering-2024-01-21-KTCO260412_New_Fixed_Driver_pr__SCNH_PF1118394_236_20260412-BODS_V1_1.xml,19,2
K2C-None--SCNH-Kettering-2024-01-21-KTCO260412_New_Fixed_Driver_p__SCNH_PF1118394_210_20260412-BODS_V1_1.xml,5,1
K2C-None--SCNH-Kettering-2024-01-21-KTCO260412_New_Fixed_Driver_p__SCNH_PF1118394_210_20260412-BODS_V1_1.xml,6,1
K2C-None--SCNH-Kettering-2024-01-21-KTCO260412_New_Fixed_Driver_p__SCNH_PF1118394_210_20260412-BODS_V1_1.xml,22,1
K2C-None--SCNH-Kettering-2024-01-21-KTCO260412_New_Fixed_Driver_p__SCNH_PF1118394_210_20260412-BODS_V1_1.xml,23,1
K4-None--SCNH-Kettering-2024-01-21-KTCO260412_New_Fixed_Driver_pr__SCNH_PF1118394_212_20260412-BODS_V1_1.xml,5,1
K4-None--SCNH-Kettering-2024-01-21-KTCO260412_New_Fixed_Driver_pr__SCNH_PF1118394_212_20260412-BODS_V1_1.xml,6,1
K45S-None--SCNH-Kettering-2024-01-21-KTCO260412_New_Fixed_Driver___SCNH_PF1118394_245_20260412-BODS_V1_1.xml,15,1
K5-None--SCNH-Kettering-2024-01-21-KTCO260412_New_Fixed_Driver_pr__SCNH_PF1118394_227_20260412-BODS_V1_1.xml,5,1
K5-None--SCNH-Kettering-2024-01-21-KTCO260412_New_Fixed_Driver_pr__SCNH_PF1118394_227_20260412-BODS_V1_1.xml,6,1
K5-None--SCNH-Kettering-2024-01-21-KTCO260412_New_Fixed_Driver_pr__SCNH_PF1118394_227_20260412-BODS_V1_1.xml,8,1
K5-None--SCNH-Kettering-2024-01-21-KTCO260412_New_Fixed_Driver_pr__SCNH_PF1118394_227_20260412-BODS_V1_1.xml,9,1
K5-None--SCNH-Kettering-2024-01-21-KTCO260412_New_Fixed_Driver_pr__SCNH_PF1118394_227_20260412-BODS_V1_1.xml,13,1
K5-None--SCNH-Kettering-2024-01-21-KTCO260412_New_Fixed_Driver_pr__SCNH_PF1118394_227_20260412-BODS_V1_1.xml,14,1
K5-None--SCNH-Kettering-2024-01-21-KTCO260412_New_Fixed_Driver_pr__SCNH_PF1118394_227_20260412-BODS_V1_1.xml,16,1
K5-None--SCNH-Kettering-2024-01-21-KTCO260412_New_Fixed_Driver_pr__SCNH_PF1118394_227_20260412-BODS_V1_1.xml,17,1
K5-None--SCNH-Kettering-2024-01-21-KTCO260412_New_Fixed_Driver_pr__SCNH_PF1118394_227_20260412-BODS_V1_1.xml,21,1
K5-None--SCNH-Kettering-2024-01-21-KTCO260412_New_Fixed_Driver_pr__SCNH_PF1118394_227_20260412-BODS_V1_1.xml,22,1
K50A-None--SCNH-Kettering-2024-01-21-KTCO260412_New_Fixed_Driver___SCNH_PF1118394_50_20260412-BODS_V1_1.xml,4,1
K50A-None--SCNH-Kettering-2024-01-21-KTCO260412_New_Fixed_Driver___SCNH_PF1118394_50_20260412-BODS_V1_1.xml,5,2
K50A-None--SCNH-Kettering-2024-01-21-KTCO260412_New_Fixed_Driver___SCNH_PF1118394_50_20260412-BODS_V1_1.xml,6,5
K50A-None--SCNH-Kettering-2024-01-21-KTCO260412_New_Fixed_Driver___SCNH_PF1118394_50_20260412-BODS_V1_1.xml,7,4
K50A-None--SCNH-Kettering-2024-01-21-KTCO260412_New_Fixed_Driver___SCNH_PF1118394_50_20260412-BODS_V1_1.xml,8,3
K50A-None--SCNH-Kettering-2024-01-21-KTCO260412_New_Fixed_Driver___SCNH_PF1118394_50_20260412-BODS_V1_1.xml,9,8
K50A-None--SCNH-Kettering-2024-01-21-KTCO260412_New_Fixed_Driver___SCNH_PF1118394_50_20260412-BODS_V1_1.xml,10,10
K50A-None--SCNH-Kettering-2024-01-21-KTCO260412_New_Fixed_Driver___SCNH_PF1118394_50_20260412-BODS_V1_1.xml,11,11
K50A-None--SCNH-Kettering-2024-01-21-KTCO260412_New_Fixed_Driver___SCNH_PF1118394_50_20260412-BODS_V1_1.xml,12,4
K50A-None--SCNH-Kettering-2024-01-21-KTCO260412_New_Fixed_Driver___SCNH_PF1118394_50_20260412-BODS_V1_1.xml,13,7
K50A-None--SCNH-Kettering-2024-01-21-KTCO260412_New_Fixed_Driver___SCNH_PF1118394_50_20260412-BODS_V1_1.xml,14,8
K50A-None--SCNH-Kettering-2024-01-21-KTCO260412_New_Fixed_Driver___SCNH_PF1118394_50_20260412-BODS_V1_1.xml,15,5
K50A-None--SCNH-Kettering-2024-01-21-KTCO260412_New_Fixed_Driver___SCNH_PF1118394_50_20260412-BODS_V1_1.xml,16,5
K50A-None--SCNH-Kettering-2024-01-21-KTCO260412_New_Fixed_Driver___SCNH_PF1118394_50_20260412-BODS_V1_1.xml,17,6
K50A-None--SCNH-Kettering-2024-01-21-KTCO260412_New_Fixed_Driver___SCNH_PF1118394_50_20260412-BODS_V1_1.xml,18,6
K50A-None--SCNH-Kettering-2024-01-21-KTCO260412_New_Fixed_Driver___SCNH_PF1118394_50_20260412-BODS_V1_1.xml,19,3
K50A-None--SCNH-Kettering-2024-01-21-KTCO260412_New_Fixed_Driver___SCNH_PF1118394_50_20260412-BODS_V1_1.xml,20,4
K50A-None--SCNH-Kettering-2024-01-21-KTCO260412_New_Fixed_Driver___SCNH_PF1118394_50_20260412-BODS_V1_1.xml,21,1
K50A-None--SCNH-Kettering-2024-01-21-KTCO260412_New_Fixed_Driver___SCNH_PF1118394_50_20260412-BODS_V1_1.xml,22,3
K50A-None--SCNH-Kettering-2024-01-21-KTCO260412_New_Fixed_Driver___SCNH_PF1118394_50_20260412-BODS_V1_1.xml,23,2
K50B-None--SCNH-Kettering-2024-01-21-KTCO260412_New_Fixed_Driver___SCNH_PF1118394_107_20260412-BODS_V1_1.xml,5,1
K50B-None--SCNH-Kettering-2024-01-21-KTCO260412_New_Fixed_Driver___SCNH_PF1118394_107_20260412-BODS_V1_1.xml,6,2
K50B-None--SCNH-Kettering-2024-01-21-KTCO260412_New_Fixed_Driver___SCNH_PF1118394_107_20260412-BODS_V1_1.xml,7,3
K50B-None--SCNH-Kettering-2024-01-21-KTCO260412_New_Fixed_Driver___SCNH_PF1118394_107_20260412-BODS_V1_1.xml,8,4
K50B-None--SCNH-Kettering-2024-01-21-KTCO260412_New_Fixed_Driver___SCNH_PF1118394_107_20260412-BODS_V1_1.xml,9,1
K50B-None--SCNH-Kettering-2024-01-21-KTCO260412_New_Fixed_Driver___SCNH_PF1118394_107_20260412-BODS_V1_1.xml,10,4
K50B-None--SCNH-Kettering-2024-01-21-KTCO260412_New_Fixed_Driver___SCNH_PF1118394_107_20260412-BODS_V1_1.xml,11,5
K50B-None--SCNH-Kettering-2024-01-21-KTCO260412_New_Fixed_Driver___SCNH_PF1118394_107_20260412-BODS_V1_1.xml,12,5
K50B-None--SCNH-Kettering-2024-01-21-KTCO260412_New_Fixed_Driver___SCNH_PF1118394_107_20260412-BODS_V1_1.xml,13,5
K50B-None--SCNH-Kettering-2024-01-21-KTCO260412_New_Fixed_Driver___SCNH_PF1118394_107_20260412-BODS_V1_1.xml,14,5
K50B-None--SCNH-Kettering-2024-01-21-KTCO260412_New_Fixed_Driver___SCNH_PF1118394_107_20260412-BODS_V1_1.xml,15,5
K50B-None--SCNH-Kettering-2024-01-21-KTCO260412_New_Fixed_Driver___SCNH_PF1118394_107_20260412-BODS_V1_1.xml,16,5
K50B-None--SCNH-Kettering-2024-01-21-KTCO260412_New_Fixed_Driver___SCNH_PF1118394_107_20260412-BODS_V1_1.xml,17,5
K50B-None--SCNH-Kettering-2024-01-21-KTCO260412_New_Fixed_Driver___SCNH_PF1118394_107_20260412-BODS_V1_1.xml,18,5
K50B-None--SCNH-Kettering-2024-01-21-KTCO260412_New_Fixed_Driver___SCNH_PF1118394_107_20260412-BODS_V1_1.xml,19,4
K50B-None--SCNH-Kettering-2024-01-21-KTCO260412_New_Fixed_Driver___SCNH_PF1118394_107_20260412-BODS_V1_1.xml,20,2
K50B-None--SCNH-Kettering-2024-01-21-KTCO260412_New_Fixed_Driver___SCNH_PF1118394_107_20260412-BODS_V1_1.xml,21,1
K50S-None--SCNH-Kettering-2024-01-21-KTCO260412_New_Fixed_Driver___SCNH_PF1118394_244_20260412-BODS_V1_1.xml,7,1
K601-None--SCNH-Kettering-2024-01-21-KTCO260412_New_Fixed_Driver___SCNH_PF1118394_235_20260412-BODS_V1_1.xml,8,1
K601-None--SCNH-Kettering-2024-01-21-KTCO260412_New_Fixed_Driver___SCNH_PF1118394_235_20260412-BODS_V1_1.xml,15,1
K94-None--SCNH-Kettering-2024-01-21-KTCO260412_New_Fixed_Driver_p__SCNH_PF1118394_233_20260412-BODS_V1_1.xml,6,1
K94-None--SCNH-Kettering-2024-01-21-KTCO260412_New_Fixed_Driver_p__SCNH_PF1118394_233_20260412-BODS_V1_1.xml,7,1
K94-None--SCNH-Kettering-2024-01-21-KTCO260412_New_Fixed_Driver_p__SCNH_PF1118394_233_20260412-BODS_V1_1.xml,16,1
K95-None--SCNH-Kettering-2024-01-21-KTCO260412_New_Fixed_Driver_p__SCNH_PF1118394_241_20260412-BODS_V1_1.xml,9,1
K95-None--SCNH-Kettering-2024-01-21-KTCO260412_New_Fixed_Driver_p__SCNH_PF1118394_241_20260412-BODS_V1_1.xml,12,1
K95-None--SCNH-Kettering-2024-01-21-KTCO260412_New_Fixed_Driver_p__SCNH_PF1118394_241_20260412-BODS_V1_1.xml,14,1
KCB1-None--SCNH-Kettering-2024-01-21-KTCO260412_New_Fixed_Driver___SCNH_PF1118394_234_20260422-BODS_V1_1.xml,8,1
KCB1-None--SCNH-Kettering-2024-01-21-KTCO260412_New_Fixed_Driver___SCNH_PF1118394_234_20260422-BODS_V1_1.xml,12,1
L14-None--SCNH-Leamington-2024-10-07-LS260502__SCNH_PD0000479_425_20260509-BODS_V1_1.xml,6,2
L14-None--SCNH-Leamington-2024-10-07-LS260502__SCNH_PD0000479_425_20260509-BODS_V1_1.xml,7,5
L14-None--SCNH-Leamington-2024-10-07-LS260502__SCNH_PD0000479_425_20260509-BODS_V1_1.xml,8,5
L14-None--SCNH-Leamington-2024-10-07-LS260502__SCNH_PD0000479_425_20260509-BODS_V1_1.xml,9,10
L14-None--SCNH-Leamington-2024-10-07-LS260502__SCNH_PD0000479_425_20260509-BODS_V1_1.xml,10,6
L14-None--SCNH-Leamington-2024-10-07-LS260502__SCNH_PD0000479_425_20260509-BODS_V1_1.xml,11,6
L14-None--SCNH-Leamington-2024-10-07-LS260502__SCNH_PD0000479_425_20260509-BODS_V1_1.xml,12,6
L14-None--SCNH-Leamington-2024-10-07-LS260502__SCNH_PD0000479_425_20260509-BODS_V1_1.xml,13,6
L14-None--SCNH-Leamington-2024-10-07-LS260502__SCNH_PD0000479_425_20260509-BODS_V1_1.xml,14,6
L14-None--SCNH-Leamington-2024-10-07-LS260502__SCNH_PD0000479_425_20260509-BODS_V1_1.xml,15,6
L14-None--SCNH-Leamington-2024-10-07-LS260502__SCNH_PD0000479_425_20260509-BODS_V1_1.xml,16,3
L14-None--SCNH-Leamington-2024-10-07-LS260502__SCNH_PD0000479_425_20260509-BODS_V1_1.xml,17,6
L14-None--SCNH-Leamington-2024-10-07-LS260502__SCNH_PD0000479_425_20260509-BODS_V1_1.xml,18,3
L14-None--SCNH-Leamington-2024-10-07-LS260502__SCNH_PD0000479_425_20260509-BODS_V1_1.xml,19,3
L14-None--SCNH-Leamington_-2024-10-07-LS260425_-_final_Bods__SCNH_PD0000479_425_20260502-BODS_V1_1.xml,6,2
L14-None--SCNH-Leamington_-2024-10-07-LS260425_-_final_Bods__SCNH_PD0000479_425_20260502-BODS_V1_1.xml,7,5
L14-None--SCNH-Leamington_-2024-10-07-LS260425_-_final_Bods__SCNH_PD0000479_425_20260502-BODS_V1_1.xml,8,5
L14-None--SCNH-Leamington_-2024-10-07-LS260425_-_final_Bods__SCNH_PD0000479_425_20260502-BODS_V1_1.xml,9,10
L14-None--SCNH-Leamington_-2024-10-07-LS260425_-_final_Bods__SCNH_PD0000479_425_20260502-BODS_V1_1.xml,10,6
L14-None--SCNH-Leamington_-2024-10-07-LS260425_-_final_Bods__SCNH_PD0000479_425_20260502-BODS_V1_1.xml,11,6
L14-None--SCNH-Leamington_-2024-10-07-LS260425_-_final_Bods__SCNH_PD0000479_425_20260502-BODS_V1_1.xml,12,6
L14-None--SCNH-Leamington_-2024-10-07-LS260425_-_final_Bods__SCNH_PD0000479_425_20260502-BODS_V1_1.xml,13,6
L14-None--SCNH-Leamington_-2024-10-07-LS260425_-_final_Bods__SCNH_PD0000479_425_20260502-BODS_V1_1.xml,14,6
L14-None--SCNH-Leamington_-2024-10-07-LS260425_-_final_Bods__SCNH_PD0000479_425_20260502-BODS_V1_1.xml,15,6
L14-None--SCNH-Leamington_-2024-10-07-LS260425_-_final_Bods__SCNH_PD0000479_425_20260502-BODS_V1_1.xml,16,3
L14-None--SCNH-Leamington_-2024-10-07-LS260425_-_final_Bods__SCNH_PD0000479_425_20260502-BODS_V1_1.xml,17,6
L14-None--SCNH-Leamington_-2024-10-07-LS260425_-_final_Bods__SCNH_PD0000479_425_20260502-BODS_V1_1.xml,18,3
L14-None--SCNH-Leamington_-2024-10-07-LS260425_-_final_Bods__SCNH_PD0000479_425_20260502-BODS_V1_1.xml,19,3
L15S-None--SCNH-Leamington-2024-10-07-LS260502__SCNH_PD0000479_402_20260509-BODS_V1_1.xml,6,5
L15S-None--SCNH-Leamington-2024-10-07-LS260502__SCNH_PD0000479_402_20260509-BODS_V1_1.xml,7,4
L15S-None--SCNH-Leamington-2024-10-07-LS260502__SCNH_PD0000479_402_20260509-BODS_V1_1.xml,8,5
L15S-None--SCNH-Leamington-2024-10-07-LS260502__SCNH_PD0000479_402_20260509-BODS_V1_1.xml,9,6
L15S-None--SCNH-Leamington-2024-10-07-LS260502__SCNH_PD0000479_402_20260509-BODS_V1_1.xml,10,7
L15S-None--SCNH-Leamington-2024-10-07-LS260502__SCNH_PD0000479_402_20260509-BODS_V1_1.xml,11,7
L15S-None--SCNH-Leamington-2024-10-07-LS260502__SCNH_PD0000479_402_20260509-BODS_V1_1.xml,12,5
L15S-None--SCNH-Leamington-2024-10-07-LS260502__SCNH_PD0000479_402_20260509-BODS_V1_1.xml,13,7
L15S-None--SCNH-Leamington-2024-10-07-LS260502__SCNH_PD0000479_402_20260509-BODS_V1_1.xml,14,7
L15S-None--SCNH-Leamington-2024-10-07-LS260502__SCNH_PD0000479_402_20260509-BODS_V1_1.xml,15,6
L15S-None--SCNH-Leamington-2024-10-07-LS260502__SCNH_PD0000479_402_20260509-BODS_V1_1.xml,16,4
L15S-None--SCNH-Leamington-2024-10-07-LS260502__SCNH_PD0000479_402_20260509-BODS_V1_1.xml,17,7
L15S-None--SCNH-Leamington-2024-10-07-LS260502__SCNH_PD0000479_402_20260509-BODS_V1_1.xml,18,5
L15S-None--SCNH-Leamington-2024-10-07-LS260502__SCNH_PD0000479_402_20260509-BODS_V1_1.xml,19,5
L15S-None--SCNH-Leamington-2024-10-07-LS260502__SCNH_PD0000479_402_20260509-BODS_V1_1.xml,20,2
L15S-None--SCNH-Leamington-2024-10-07-LS260502__SCNH_PD0000479_402_20260509-BODS_V1_1.xml,21,2
L15S-None--SCNH-Leamington_-2024-10-07-LS260425_-_final_Bods__SCNH_PD0000479_402_20260502-BODS_V1_1.xml,6,5
L15S-None--SCNH-Leamington_-2024-10-07-LS260425_-_final_Bods__SCNH_PD0000479_402_20260502-BODS_V1_1.xml,7,4
L15S-None--SCNH-Leamington_-2024-10-07-LS260425_-_final_Bods__SCNH_PD0000479_402_20260502-BODS_V1_1.xml,8,5
L15S-None--SCNH-Leamington_-2024-10-07-LS260425_-_final_Bods__SCNH_PD0000479_402_20260502-BODS_V1_1.xml,9,6
L15S-None--SCNH-Leamington_-2024-10-07-LS260425_-_final_Bods__SCNH_PD0000479_402_20260502-BODS_V1_1.xml,10,7
L15S-None--SCNH-Leamington_-2024-10-07-LS260425_-_final_Bods__SCNH_PD0000479_402_20260502-BODS_V1_1.xml,11,7
L15S-None--SCNH-Leamington_-2024-10-07-LS260425_-_final_Bods__SCNH_PD0000479_402_20260502-BODS_V1_1.xml,12,5
L15S-None--SCNH-Leamington_-2024-10-07-LS260425_-_final_Bods__SCNH_PD0000479_402_20260502-BODS_V1_1.xml,13,7
L15S-None--SCNH-Leamington_-2024-10-07-LS260425_-_final_Bods__SCNH_PD0000479_402_20260502-BODS_V1_1.xml,14,7
L15S-None--SCNH-Leamington_-2024-10-07-LS260425_-_final_Bods__SCNH_PD0000479_402_20260502-BODS_V1_1.xml,15,6
L15S-None--SCNH-Leamington_-2024-10-07-LS260425_-_final_Bods__SCNH_PD0000479_402_20260502-BODS_V1_1.xml,16,4
L15S-None--SCNH-Leamington_-2024-10-07-LS260425_-_final_Bods__SCNH_PD0000479_402_20260502-BODS_V1_1.xml,17,7
L15S-None--SCNH-Leamington_-2024-10-07-LS260425_-_final_Bods__SCNH_PD0000479_402_20260502-BODS_V1_1.xml,18,5
L15S-None--SCNH-Leamington_-2024-10-07-LS260425_-_final_Bods__SCNH_PD0000479_402_20260502-BODS_V1_1.xml,19,5
L15S-None--SCNH-Leamington_-2024-10-07-LS260425_-_final_Bods__SCNH_PD0000479_402_20260502-BODS_V1_1.xml,20,2
L15S-None--SCNH-Leamington_-2024-10-07-LS260425_-_final_Bods__SCNH_PD0000479_402_20260502-BODS_V1_1.xml,21,2
L15W-None--SCNH-Leamington-2024-10-07-LS260502__SCNH_PD0000479_424_20260509-BODS_V1_1.xml,6,5
L15W-None--SCNH-Leamington-2024-10-07-LS260502__SCNH_PD0000479_424_20260509-BODS_V1_1.xml,7,2
L15W-None--SCNH-Leamington-2024-10-07-LS260502__SCNH_PD0000479_424_20260509-BODS_V1_1.xml,8,5
L15W-None--SCNH-Leamington-2024-10-07-LS260502__SCNH_PD0000479_424_20260509-BODS_V1_1.xml,9,6
L15W-None--SCNH-Leamington-2024-10-07-LS260502__SCNH_PD0000479_424_20260509-BODS_V1_1.xml,10,8
L15W-None--SCNH-Leamington-2024-10-07-LS260502__SCNH_PD0000479_424_20260509-BODS_V1_1.xml,11,6
L15W-None--SCNH-Leamington-2024-10-07-LS260502__SCNH_PD0000479_424_20260509-BODS_V1_1.xml,12,6
L15W-None--SCNH-Leamington-2024-10-07-LS260502__SCNH_PD0000479_424_20260509-BODS_V1_1.xml,13,4
L15W-None--SCNH-Leamington-2024-10-07-LS260502__SCNH_PD0000479_424_20260509-BODS_V1_1.xml,14,8
L15W-None--SCNH-Leamington-2024-10-07-LS260502__SCNH_PD0000479_424_20260509-BODS_V1_1.xml,15,4
L15W-None--SCNH-Leamington-2024-10-07-LS260502__SCNH_PD0000479_424_20260509-BODS_V1_1.xml,16,7
L15W-None--SCNH-Leamington-2024-10-07-LS260502__SCNH_PD0000479_424_20260509-BODS_V1_1.xml,17,1
L15W-None--SCNH-Leamington-2024-10-07-LS260502__SCNH_PD0000479_424_20260509-BODS_V1_1.xml,18,5
L15W-None--SCNH-Leamington-2024-10-07-LS260502__SCNH_PD0000479_424_20260509-BODS_V1_1.xml,19,8
L15W-None--SCNH-Leamington-2024-10-07-LS260502__SCNH_PD0000479_424_20260509-BODS_V1_1.xml,20,3
L15W-None--SCNH-Leamington-2024-10-07-LS260502__SCNH_PD0000479_424_20260509-BODS_V1_1.xml,22,2
L15W-None--SCNH-Leamington_-2024-10-07-LS260425_-_final_Bods__SCNH_PD0000479_424_20260502-BODS_V1_1.xml,6,5
L15W-None--SCNH-Leamington_-2024-10-07-LS260425_-_final_Bods__SCNH_PD0000479_424_20260502-BODS_V1_1.xml,7,2
L15W-None--SCNH-Leamington_-2024-10-07-LS260425_-_final_Bods__SCNH_PD0000479_424_20260502-BODS_V1_1.xml,8,5
L15W-None--SCNH-Leamington_-2024-10-07-LS260425_-_final_Bods__SCNH_PD0000479_424_20260502-BODS_V1_1.xml,9,6
L15W-None--SCNH-Leamington_-2024-10-07-LS260425_-_final_Bods__SCNH_PD0000479_424_20260502-BODS_V1_1.xml,10,8
L15W-None--SCNH-Leamington_-2024-10-07-LS260425_-_final_Bods__SCNH_PD0000479_424_20260502-BODS_V1_1.xml,11,6
L15W-None--SCNH-Leamington_-2024-10-07-LS260425_-_final_Bods__SCNH_PD0000479_424_20260502-BODS_V1_1.xml,12,6
L15W-None--SCNH-Leamington_-2024-10-07-LS260425_-_final_Bods__SCNH_PD0000479_424_20260502-BODS_V1_1.xml,13,4
L15W-None--SCNH-Leamington_-2024-10-07-LS260425_-_final_Bods__SCNH_PD0000479_424_20260502-BODS_V1_1.xml,14,8
L15W-None--SCNH-Leamington_-2024-10-07-LS260425_-_final_Bods__SCNH_PD0000479_424_20260502-BODS_V1_1.xml,15,4
L15W-None--SCNH-Leamington_-2024-10-07-LS260425_-_final_Bods__SCNH_PD0000479_424_20260502-BODS_V1_1.xml,16,7
L15W-None--SCNH-Leamington_-2024-10-07-LS260425_-_final_Bods__SCNH_PD0000479_424_20260502-BODS_V1_1.xml,17,1
L15W-None--SCNH-Leamington_-2024-10-07-LS260425_-_final_Bods__SCNH_PD0000479_424_20260502-BODS_V1_1.xml,18,5
L15W-None--SCNH-Leamington_-2024-10-07-LS260425_-_final_Bods__SCNH_PD0000479_424_20260502-BODS_V1_1.xml,19,8
L15W-None--SCNH-Leamington_-2024-10-07-LS260425_-_final_Bods__SCNH_PD0000479_424_20260502-BODS_V1_1.xml,20,3
L15W-None--SCNH-Leamington_-2024-10-07-LS260425_-_final_Bods__SCNH_PD0000479_424_20260502-BODS_V1_1.xml,22,2
L1616A-None--SCNH-Leamington-2024-10-07-LS260502__SCNH_PD0000479_216_20260509-BODS_V1_1.xml,6,2
L1616A-None--SCNH-Leamington-2024-10-07-LS260502__SCNH_PD0000479_216_20260509-BODS_V1_1.xml,16,2
L1616A-None--SCNH-Leamington_-2024-10-07-LS260425_-_final_Bods__SCNH_PD0000479_216_20260502-BODS_V1_1.xml,6,2
L1616A-None--SCNH-Leamington_-2024-10-07-LS260425_-_final_Bods__SCNH_PD0000479_216_20260502-BODS_V1_1.xml,16,2
L26-None--SCNH-Leamington-2024-10-07-LS260502__SCNH_PD0000479_14_20260509-BODS_V1_1.xml,6,3
L26-None--SCNH-Leamington-2024-10-07-LS260502__SCNH_PD0000479_14_20260509-BODS_V1_1.xml,7,5
L26-None--SCNH-Leamington-2024-10-07-LS260502__SCNH_PD0000479_14_20260509-BODS_V1_1.xml,8,3
L26-None--SCNH-Leamington-2024-10-07-LS260502__SCNH_PD0000479_14_20260509-BODS_V1_1.xml,9,5
L26-None--SCNH-Leamington-2024-10-07-LS260502__SCNH_PD0000479_14_20260509-BODS_V1_1.xml,10,6
L26-None--SCNH-Leamington-2024-10-07-LS260502__SCNH_PD0000479_14_20260509-BODS_V1_1.xml,11,7
L26-None--SCNH-Leamington-2024-10-07-LS260502__SCNH_PD0000479_14_20260509-BODS_V1_1.xml,12,6
L26-None--SCNH-Leamington-2024-10-07-LS260502__SCNH_PD0000479_14_20260509-BODS_V1_1.xml,13,6
L26-None--SCNH-Leamington-2024-10-07-LS260502__SCNH_PD0000479_14_20260509-BODS_V1_1.xml,14,7
L26-None--SCNH-Leamington-2024-10-07-LS260502__SCNH_PD0000479_14_20260509-BODS_V1_1.xml,15,6
L26-None--SCNH-Leamington-2024-10-07-LS260502__SCNH_PD0000479_14_20260509-BODS_V1_1.xml,16,5
L26-None--SCNH-Leamington-2024-10-07-LS260502__SCNH_PD0000479_14_20260509-BODS_V1_1.xml,17,5
L26-None--SCNH-Leamington-2024-10-07-LS260502__SCNH_PD0000479_14_20260509-BODS_V1_1.xml,18,3
L26-None--SCNH-Leamington-2024-10-07-LS260502__SCNH_PD0000479_14_20260509-BODS_V1_1.xml,19,3
L26-None--SCNH-Leamington_-2024-10-07-LS260425_-_final_Bods__SCNH_PD0000479_14_20260502-BODS_V1_1.xml,6,3
L26-None--SCNH-Leamington_-2024-10-07-LS260425_-_final_Bods__SCNH_PD0000479_14_20260502-BODS_V1_1.xml,7,5
L26-None--SCNH-Leamington_-2024-10-07-LS260425_-_final_Bods__SCNH_PD0000479_14_20260502-BODS_V1_1.xml,8,3
L26-None--SCNH-Leamington_-2024-10-07-LS260425_-_final_Bods__SCNH_PD0000479_14_20260502-BODS_V1_1.xml,9,5
L26-None--SCNH-Leamington_-2024-10-07-LS260425_-_final_Bods__SCNH_PD0000479_14_20260502-BODS_V1_1.xml,10,6
L26-None--SCNH-Leamington_-2024-10-07-LS260425_-_final_Bods__SCNH_PD0000479_14_20260502-BODS_V1_1.xml,11,7
L26-None--SCNH-Leamington_-2024-10-07-LS260425_-_final_Bods__SCNH_PD0000479_14_20260502-BODS_V1_1.xml,12,6
L26-None--SCNH-Leamington_-2024-10-07-LS260425_-_final_Bods__SCNH_PD0000479_14_20260502-BODS_V1_1.xml,13,6
L26-None--SCNH-Leamington_-2024-10-07-LS260425_-_final_Bods__SCNH_PD0000479_14_20260502-BODS_V1_1.xml,14,7
L26-None--SCNH-Leamington_-2024-10-07-LS260425_-_final_Bods__SCNH_PD0000479_14_20260502-BODS_V1_1.xml,15,6
L26-None--SCNH-Leamington_-2024-10-07-LS260425_-_final_Bods__SCNH_PD0000479_14_20260502-BODS_V1_1.xml,16,5
L26-None--SCNH-Leamington_-2024-10-07-LS260425_-_final_Bods__SCNH_PD0000479_14_20260502-BODS_V1_1.xml,17,5
L26-None--SCNH-Leamington_-2024-10-07-LS260425_-_final_Bods__SCNH_PD0000479_14_20260502-BODS_V1_1.xml,18,3
L26-None--SCNH-Leamington_-2024-10-07-LS260425_-_final_Bods__SCNH_PD0000479_14_20260502-BODS_V1_1.xml,19,3
L50-None--SCNH-Leamington-2024-10-07-LS260502__SCNH_PD0000479_298_20260509-BODS_V1_1.xml,6,3
L50-None--SCNH-Leamington-2024-10-07-LS260502__SCNH_PD0000479_298_20260509-BODS_V1_1.xml,7,1
L50-None--SCNH-Leamington-2024-10-07-LS260502__SCNH_PD0000479_298_20260509-BODS_V1_1.xml,8,4
L50-None--SCNH-Leamington-2024-10-07-LS260502__SCNH_PD0000479_298_20260509-BODS_V1_1.xml,9,5
L50-None--SCNH-Leamington-2024-10-07-LS260502__SCNH_PD0000479_298_20260509-BODS_V1_1.xml,10,1
L50-None--SCNH-Leamington-2024-10-07-LS260502__SCNH_PD0000479_298_20260509-BODS_V1_1.xml,11,1
L50-None--SCNH-Leamington-2024-10-07-LS260502__SCNH_PD0000479_298_20260509-BODS_V1_1.xml,12,1
L50-None--SCNH-Leamington-2024-10-07-LS260502__SCNH_PD0000479_298_20260509-BODS_V1_1.xml,13,5
L50-None--SCNH-Leamington-2024-10-07-LS260502__SCNH_PD0000479_298_20260509-BODS_V1_1.xml,14,5
L50-None--SCNH-Leamington-2024-10-07-LS260502__SCNH_PD0000479_298_20260509-BODS_V1_1.xml,15,3
L50-None--SCNH-Leamington-2024-10-07-LS260502__SCNH_PD0000479_298_20260509-BODS_V1_1.xml,16,5
L50-None--SCNH-Leamington-2024-10-07-LS260502__SCNH_PD0000479_298_20260509-BODS_V1_1.xml,17,6
L50-None--SCNH-Leamington-2024-10-07-LS260502__SCNH_PD0000479_298_20260509-BODS_V1_1.xml,18,4
L50-None--SCNH-Leamington-2024-10-07-LS260502__SCNH_PD0000479_298_20260509-BODS_V1_1.xml,19,1
L50-None--SCNH-Leamington_-2024-10-07-LS260425_-_final_Bods__SCNH_PD0000479_298_20260502-BODS_V1_1.xml,6,3
L50-None--SCNH-Leamington_-2024-10-07-LS260425_-_final_Bods__SCNH_PD0000479_298_20260502-BODS_V1_1.xml,7,1
L50-None--SCNH-Leamington_-2024-10-07-LS260425_-_final_Bods__SCNH_PD0000479_298_20260502-BODS_V1_1.xml,8,4
L50-None--SCNH-Leamington_-2024-10-07-LS260425_-_final_Bods__SCNH_PD0000479_298_20260502-BODS_V1_1.xml,9,5
L50-None--SCNH-Leamington_-2024-10-07-LS260425_-_final_Bods__SCNH_PD0000479_298_20260502-BODS_V1_1.xml,10,1
L50-None--SCNH-Leamington_-2024-10-07-LS260425_-_final_Bods__SCNH_PD0000479_298_20260502-BODS_V1_1.xml,11,1
L50-None--SCNH-Leamington_-2024-10-07-LS260425_-_final_Bods__SCNH_PD0000479_298_20260502-BODS_V1_1.xml,12,1
L50-None--SCNH-Leamington_-2024-10-07-LS260425_-_final_Bods__SCNH_PD0000479_298_20260502-BODS_V1_1.xml,13,5
L50-None--SCNH-Leamington_-2024-10-07-LS260425_-_final_Bods__SCNH_PD0000479_298_20260502-BODS_V1_1.xml,14,5
L50-None--SCNH-Leamington_-2024-10-07-LS260425_-_final_Bods__SCNH_PD0000479_298_20260502-BODS_V1_1.xml,15,3
L50-None--SCNH-Leamington_-2024-10-07-LS260425_-_final_Bods__SCNH_PD0000479_298_20260502-BODS_V1_1.xml,16,5
L50-None--SCNH-Leamington_-2024-10-07-LS260425_-_final_Bods__SCNH_PD0000479_298_20260502-BODS_V1_1.xml,17,6
L50-None--SCNH-Leamington_-2024-10-07-LS260425_-_final_Bods__SCNH_PD0000479_298_20260502-BODS_V1_1.xml,18,4
L50-None--SCNH-Leamington_-2024-10-07-LS260425_-_final_Bods__SCNH_PD0000479_298_20260502-BODS_V1_1.xml,19,1
L501-None--SCNH-Leamington-2024-10-07-LS260502__SCNH_PD0000479_311_20260509-BODS_V1_1.xml,9,1
L501-None--SCNH-Leamington-2024-10-07-LS260502__SCNH_PD0000479_311_20260509-BODS_V1_1.xml,13,1
L501-None--SCNH-Leamington_-2024-10-07-LS260425_-_final_Bods__SCNH_PD0000479_311_20260502-BODS_V1_1.xml,9,1
L501-None--SCNH-Leamington_-2024-10-07-LS260425_-_final_Bods__SCNH_PD0000479_311_20260502-BODS_V1_1.xml,13,1
L532-None--SCNH-Leamington-2024-10-07-LS260502__SCNH_PD0000479_291_20260509-BODS_V1_1.xml,7,1
L532-None--SCNH-Leamington-2024-10-07-LS260502__SCNH_PD0000479_291_20260509-BODS_V1_1.xml,15,1
L532-None--SCNH-Leamington_-2024-10-07-LS260425_-_final_Bods__SCNH_PD0000479_291_20260502-BODS_V1_1.xml,7,1
L532-None--SCNH-Leamington_-2024-10-07-LS260425_-_final_Bods__SCNH_PD0000479_291_20260502-BODS_V1_1.xml,15,1
L664_5-None--SCNH-Leamington-2024-10-07-LS260502__SCNH_PD0000479_334_20260509-BODS_V1_1.xml,5,1
L664_5-None--SCNH-Leamington-2024-10-07-LS260502__SCNH_PD0000479_334_20260509-BODS_V1_1.xml,6,2
L664_5-None--SCNH-Leamington-2024-10-07-LS260502__SCNH_PD0000479_334_20260509-BODS_V1_1.xml,7,2
L664_5-None--SCNH-Leamington-2024-10-07-LS260502__SCNH_PD0000479_334_20260509-BODS_V1_1.xml,8,2
L664_5-None--SCNH-Leamington-2024-10-07-LS260502__SCNH_PD0000479_334_20260509-BODS_V1_1.xml,9,4
L664_5-None--SCNH-Leamington-2024-10-07-LS260502__SCNH_PD0000479_334_20260509-BODS_V1_1.xml,10,4
L664_5-None--SCNH-Leamington-2024-10-07-LS260502__SCNH_PD0000479_334_20260509-BODS_V1_1.xml,11,4
L664_5-None--SCNH-Leamington-2024-10-07-LS260502__SCNH_PD0000479_334_20260509-BODS_V1_1.xml,12,4
L664_5-None--SCNH-Leamington-2024-10-07-LS260502__SCNH_PD0000479_334_20260509-BODS_V1_1.xml,13,4
L664_5-None--SCNH-Leamington-2024-10-07-LS260502__SCNH_PD0000479_334_20260509-BODS_V1_1.xml,14,6
L664_5-None--SCNH-Leamington-2024-10-07-LS260502__SCNH_PD0000479_334_20260509-BODS_V1_1.xml,15,4
L664_5-None--SCNH-Leamington-2024-10-07-LS260502__SCNH_PD0000479_334_20260509-BODS_V1_1.xml,16,4
L664_5-None--SCNH-Leamington-2024-10-07-LS260502__SCNH_PD0000479_334_20260509-BODS_V1_1.xml,17,4
L664_5-None--SCNH-Leamington-2024-10-07-LS260502__SCNH_PD0000479_334_20260509-BODS_V1_1.xml,18,4
L664_5-None--SCNH-Leamington_-2024-10-07-LS260425_-_final_Bods__SCNH_PD0000479_334_20260502-BODS_V1_1.xml,5,1
L664_5-None--SCNH-Leamington_-2024-10-07-LS260425_-_final_Bods__SCNH_PD0000479_334_20260502-BODS_V1_1.xml,6,2
L664_5-None--SCNH-Leamington_-2024-10-07-LS260425_-_final_Bods__SCNH_PD0000479_334_20260502-BODS_V1_1.xml,7,2
L664_5-None--SCNH-Leamington_-2024-10-07-LS260425_-_final_Bods__SCNH_PD0000479_334_20260502-BODS_V1_1.xml,8,2
L664_5-None--SCNH-Leamington_-2024-10-07-LS260425_-_final_Bods__SCNH_PD0000479_334_20260502-BODS_V1_1.xml,9,4
L664_5-None--SCNH-Leamington_-2024-10-07-LS260425_-_final_Bods__SCNH_PD0000479_334_20260502-BODS_V1_1.xml,10,4
L664_5-None--SCNH-Leamington_-2024-10-07-LS260425_-_final_Bods__SCNH_PD0000479_334_20260502-BODS_V1_1.xml,11,4
L664_5-None--SCNH-Leamington_-2024-10-07-LS260425_-_final_Bods__SCNH_PD0000479_334_20260502-BODS_V1_1.xml,12,4
L664_5-None--SCNH-Leamington_-2024-10-07-LS260425_-_final_Bods__SCNH_PD0000479_334_20260502-BODS_V1_1.xml,13,4
L664_5-None--SCNH-Leamington_-2024-10-07-LS260425_-_final_Bods__SCNH_PD0000479_334_20260502-BODS_V1_1.xml,14,6
L664_5-None--SCNH-Leamington_-2024-10-07-LS260425_-_final_Bods__SCNH_PD0000479_334_20260502-BODS_V1_1.xml,15,4
L664_5-None--SCNH-Leamington_-2024-10-07-LS260425_-_final_Bods__SCNH_PD0000479_334_20260502-BODS_V1_1.xml,16,4
L664_5-None--SCNH-Leamington_-2024-10-07-LS260425_-_final_Bods__SCNH_PD0000479_334_20260502-BODS_V1_1.xml,17,4
L664_5-None--SCNH-Leamington_-2024-10-07-LS260425_-_final_Bods__SCNH_PD0000479_334_20260502-BODS_V1_1.xml,18,4
L67-None--SCNH-Leamington-2024-10-07-LS260502__SCNH_PD0000479_58_20260509-BODS_V1_1.xml,6,11
L67-None--SCNH-Leamington-2024-10-07-LS260502__SCNH_PD0000479_58_20260509-BODS_V1_1.xml,7,21
L67-None--SCNH-Leamington-2024-10-07-LS260502__SCNH_PD0000479_58_20260509-BODS_V1_1.xml,8,25
L67-None--SCNH-Leamington-2024-10-07-LS260502__SCNH_PD0000479_58_20260509-BODS_V1_1.xml,9,32
L67-None--SCNH-Leamington-2024-10-07-LS260502__SCNH_PD0000479_58_20260509-BODS_V1_1.xml,10,32
L67-None--SCNH-Leamington-2024-10-07-LS260502__SCNH_PD0000479_58_20260509-BODS_V1_1.xml,11,32
L67-None--SCNH-Leamington-2024-10-07-LS260502__SCNH_PD0000479_58_20260509-BODS_V1_1.xml,12,32
L67-None--SCNH-Leamington-2024-10-07-LS260502__SCNH_PD0000479_58_20260509-BODS_V1_1.xml,13,32
L67-None--SCNH-Leamington-2024-10-07-LS260502__SCNH_PD0000479_58_20260509-BODS_V1_1.xml,14,31
L67-None--SCNH-Leamington-2024-10-07-LS260502__SCNH_PD0000479_58_20260509-BODS_V1_1.xml,15,33
L67-None--SCNH-Leamington-2024-10-07-LS260502__SCNH_PD0000479_58_20260509-BODS_V1_1.xml,16,34
L67-None--SCNH-Leamington-2024-10-07-LS260502__SCNH_PD0000479_58_20260509-BODS_V1_1.xml,17,32
L67-None--SCNH-Leamington-2024-10-07-LS260502__SCNH_PD0000479_58_20260509-BODS_V1_1.xml,18,25
L67-None--SCNH-Leamington-2024-10-07-LS260502__SCNH_PD0000479_58_20260509-BODS_V1_1.xml,19,18
L67-None--SCNH-Leamington-2024-10-07-LS260502__SCNH_PD0000479_58_20260509-BODS_V1_1.xml,20,13
L67-None--SCNH-Leamington-2024-10-07-LS260502__SCNH_PD0000479_58_20260509-BODS_V1_1.xml,21,12
L67-None--SCNH-Leamington-2024-10-07-LS260502__SCNH_PD0000479_58_20260509-BODS_V1_1.xml,22,12
L67-None--SCNH-Leamington-2024-10-07-LS260502__SCNH_PD0000479_58_20260509-BODS_V1_1.xml,23,9
L67-None--SCNH-Leamington_-2024-10-07-LS260425_-_final_Bods__SCNH_PD0000479_58_20260502-BODS_V1_1.xml,6,11
L67-None--SCNH-Leamington_-2024-10-07-LS260425_-_final_Bods__SCNH_PD0000479_58_20260502-BODS_V1_1.xml,7,21
L67-None--SCNH-Leamington_-2024-10-07-LS260425_-_final_Bods__SCNH_PD0000479_58_20260502-BODS_V1_1.xml,8,25
L67-None--SCNH-Leamington_-2024-10-07-LS260425_-_final_Bods__SCNH_PD0000479_58_20260502-BODS_V1_1.xml,9,32
L67-None--SCNH-Leamington_-2024-10-07-LS260425_-_final_Bods__SCNH_PD0000479_58_20260502-BODS_V1_1.xml,10,32
L67-None--SCNH-Leamington_-2024-10-07-LS260425_-_final_Bods__SCNH_PD0000479_58_20260502-BODS_V1_1.xml,11,32
L67-None--SCNH-Leamington_-2024-10-07-LS260425_-_final_Bods__SCNH_PD0000479_58_20260502-BODS_V1_1.xml,12,32
L67-None--SCNH-Leamington_-2024-10-07-LS260425_-_final_Bods__SCNH_PD0000479_58_20260502-BODS_V1_1.xml,13,32
L67-None--SCNH-Leamington_-2024-10-07-LS260425_-_final_Bods__SCNH_PD0000479_58_20260502-BODS_V1_1.xml,14,31
L67-None--SCNH-Leamington_-2024-10-07-LS260425_-_final_Bods__SCNH_PD0000479_58_20260502-BODS_V1_1.xml,15,33
L67-None--SCNH-Leamington_-2024-10-07-LS260425_-_final_Bods__SCNH_PD0000479_58_20260502-BODS_V1_1.xml,16,34
L67-None--SCNH-Leamington_-2024-10-07-LS260425_-_final_Bods__SCNH_PD0000479_58_20260502-BODS_V1_1.xml,17,32
L67-None--SCNH-Leamington_-2024-10-07-LS260425_-_final_Bods__SCNH_PD0000479_58_20260502-BODS_V1_1.xml,18,25
L67-None--SCNH-Leamington_-2024-10-07-LS260425_-_final_Bods__SCNH_PD0000479_58_20260502-BODS_V1_1.xml,19,18
L67-None--SCNH-Leamington_-2024-10-07-LS260425_-_final_Bods__SCNH_PD0000479_58_20260502-BODS_V1_1.xml,20,13
L67-None--SCNH-Leamington_-2024-10-07-LS260425_-_final_Bods__SCNH_PD0000479_58_20260502-BODS_V1_1.xml,21,12
L67-None--SCNH-Leamington_-2024-10-07-LS260425_-_final_Bods__SCNH_PD0000479_58_20260502-BODS_V1_1.xml,22,12
L67-None--SCNH-Leamington_-2024-10-07-LS260425_-_final_Bods__SCNH_PD0000479_58_20260502-BODS_V1_1.xml,23,9
L67AB2-None--SCNH-Leamington-2024-10-07-LS260502__SCNH_PD0000479_313_20260509-BODS_V1_1.xml,10,2
L67AB2-None--SCNH-Leamington-2024-10-07-LS260502__SCNH_PD0000479_313_20260509-BODS_V1_1.xml,12,2
L67AB2-None--SCNH-Leamington-2024-10-07-LS260502__SCNH_PD0000479_313_20260509-BODS_V1_1.xml,14,2
L67AB2-None--SCNH-Leamington-2024-10-07-LS260502__SCNH_PD0000479_313_20260509-BODS_V1_1.xml,16,2
L67AB2-None--SCNH-Leamington-2024-10-07-LS260502__SCNH_PD0000479_313_20260509-BODS_V1_1.xml,18,2
L67AB2-None--SCNH-Leamington_-2024-10-07-LS260425_-_final_Bods__SCNH_PD0000479_313_20260502-BODS_V1_1.xml,10,2
L67AB2-None--SCNH-Leamington_-2024-10-07-LS260425_-_final_Bods__SCNH_PD0000479_313_20260502-BODS_V1_1.xml,12,2
L67AB2-None--SCNH-Leamington_-2024-10-07-LS260425_-_final_Bods__SCNH_PD0000479_313_20260502-BODS_V1_1.xml,14,2
L67AB2-None--SCNH-Leamington_-2024-10-07-LS260425_-_final_Bods__SCNH_PD0000479_313_20260502-BODS_V1_1.xml,16,2
L67AB2-None--SCNH-Leamington_-2024-10-07-LS260425_-_final_Bods__SCNH_PD0000479_313_20260502-BODS_V1_1.xml,18,2
L77_78-None--SCNH-Leamington-2024-10-07-LS260502__SCNH_PD0000479_260_20260509-BODS_V1_1.xml,9,2
L77_78-None--SCNH-Leamington-2024-10-07-LS260502__SCNH_PD0000479_260_20260509-BODS_V1_1.xml,11,2
L77_78-None--SCNH-Leamington-2024-10-07-LS260502__SCNH_PD0000479_260_20260509-BODS_V1_1.xml,13,2
L77_78-None--SCNH-Leamington-2024-10-07-LS260502__SCNH_PD0000479_260_20260509-BODS_V1_1.xml,15,2
L77_78-None--SCNH-Leamington-2024-10-07-LS260502__SCNH_PD0000479_260_20260509-BODS_V1_1.xml,17,2
L77_78-None--SCNH-Leamington-2024-10-07-LS260502__SCNH_PD0000479_260_20260509-BODS_V1_1.xml,19,1
L77_78-None--SCNH-Leamington_-2024-10-07-LS260425_-_final_Bods__SCNH_PD0000479_260_20260502-BODS_V1_1.xml,9,2
L77_78-None--SCNH-Leamington_-2024-10-07-LS260425_-_final_Bods__SCNH_PD0000479_260_20260502-BODS_V1_1.xml,11,2
L77_78-None--SCNH-Leamington_-2024-10-07-LS260425_-_final_Bods__SCNH_PD0000479_260_20260502-BODS_V1_1.xml,13,2
L77_78-None--SCNH-Leamington_-2024-10-07-LS260425_-_final_Bods__SCNH_PD0000479_260_20260502-BODS_V1_1.xml,15,2
L77_78-None--SCNH-Leamington_-2024-10-07-LS260425_-_final_Bods__SCNH_PD0000479_260_20260502-BODS_V1_1.xml,17,2
L77_78-None--SCNH-Leamington_-2024-10-07-LS260425_-_final_Bods__SCNH_PD0000479_260_20260502-BODS_V1_1.xml,19,1
LG1-None--SCNH-Leamington-2024-10-07-LS260502__SCNH_PD0000479_59_20260509-BODS_V1_1.xml,5,2
LG1-None--SCNH-Leamington-2024-10-07-LS260502__SCNH_PD0000479_59_20260509-BODS_V1_1.xml,6,11
LG1-None--SCNH-Leamington-2024-10-07-LS260502__SCNH_PD0000479_59_20260509-BODS_V1_1.xml,7,13
LG1-None--SCNH-Leamington-2024-10-07-LS260502__SCNH_PD0000479_59_20260509-BODS_V1_1.xml,8,13
LG1-None--SCNH-Leamington-2024-10-07-LS260502__SCNH_PD0000479_59_20260509-BODS_V1_1.xml,9,20
LG1-None--SCNH-Leamington-2024-10-07-LS260502__SCNH_PD0000479_59_20260509-BODS_V1_1.xml,10,20
LG1-None--SCNH-Leamington-2024-10-07-LS260502__SCNH_PD0000479_59_20260509-BODS_V1_1.xml,11,20
LG1-None--SCNH-Leamington-2024-10-07-LS260502__SCNH_PD0000479_59_20260509-BODS_V1_1.xml,12,19
LG1-None--SCNH-Leamington-2024-10-07-LS260502__SCNH_PD0000479_59_20260509-BODS_V1_1.xml,13,19
LG1-None--SCNH-Leamington-2024-10-07-LS260502__SCNH_PD0000479_59_20260509-BODS_V1_1.xml,14,20
LG1-None--SCNH-Leamington-2024-10-07-LS260502__SCNH_PD0000479_59_20260509-BODS_V1_1.xml,15,19
LG1-None--SCNH-Leamington-2024-10-07-LS260502__SCNH_PD0000479_59_20260509-BODS_V1_1.xml,16,18
LG1-None--SCNH-Leamington-2024-10-07-LS260502__SCNH_PD0000479_59_20260509-BODS_V1_1.xml,17,17
LG1-None--SCNH-Leamington-2024-10-07-LS260502__SCNH_PD0000479_59_20260509-BODS_V1_1.xml,18,7
LG1-None--SCNH-Leamington-2024-10-07-LS260502__SCNH_PD0000479_59_20260509-BODS_V1_1.xml,19,5
LG1-None--SCNH-Leamington-2024-10-07-LS260502__SCNH_PD0000479_59_20260509-BODS_V1_1.xml,20,5
LG1-None--SCNH-Leamington-2024-10-07-LS260502__SCNH_PD0000479_59_20260509-BODS_V1_1.xml,21,5
LG1-None--SCNH-Leamington-2024-10-07-LS260502__SCNH_PD0000479_59_20260509-BODS_V1_1.xml,22,6
LG1-None--SCNH-Leamington-2024-10-07-LS260502__SCNH_PD0000479_59_20260509-BODS_V1_1.xml,23,3
LG1-None--SCNH-Leamington_-2024-10-07-LS260425_-_final_Bods__SCNH_PD0000479_59_20260502-BODS_V1_1.xml,5,2
LG1-None--SCNH-Leamington_-2024-10-07-LS260425_-_final_Bods__SCNH_PD0000479_59_20260502-BODS_V1_1.xml,6,11
LG1-None--SCNH-Leamington_-2024-10-07-LS260425_-_final_Bods__SCNH_PD0000479_59_20260502-BODS_V1_1.xml,7,13
LG1-None--SCNH-Leamington_-2024-10-07-LS260425_-_final_Bods__SCNH_PD0000479_59_20260502-BODS_V1_1.xml,8,13
LG1-None--SCNH-Leamington_-2024-10-07-LS260425_-_final_Bods__SCNH_PD0000479_59_20260502-BODS_V1_1.xml,9,20
LG1-None--SCNH-Leamington_-2024-10-07-LS260425_-_final_Bods__SCNH_PD0000479_59_20260502-BODS_V1_1.xml,10,20
LG1-None--SCNH-Leamington_-2024-10-07-LS260425_-_final_Bods__SCNH_PD0000479_59_20260502-BODS_V1_1.xml,11,20
LG1-None--SCNH-Leamington_-2024-10-07-LS260425_-_final_Bods__SCNH_PD0000479_59_20260502-BODS_V1_1.xml,12,19
LG1-None--SCNH-Leamington_-2024-10-07-LS260425_-_final_Bods__SCNH_PD0000479_59_20260502-BODS_V1_1.xml,13,19
LG1-None--SCNH-Leamington_-2024-10-07-LS260425_-_final_Bods__SCNH_PD0000479_59_20260502-BODS_V1_1.xml,14,20
LG1-None--SCNH-Leamington_-2024-10-07-LS260425_-_final_Bods__SCNH_PD0000479_59_20260502-BODS_V1_1.xml,15,19
LG1-None--SCNH-Leamington_-2024-10-07-LS260425_-_final_Bods__SCNH_PD0000479_59_20260502-BODS_V1_1.xml,16,18
LG1-None--SCNH-Leamington_-2024-10-07-LS260425_-_final_Bods__SCNH_PD0000479_59_20260502-BODS_V1_1.xml,17,17
LG1-None--SCNH-Leamington_-2024-10-07-LS260425_-_final_Bods__SCNH_PD0000479_59_20260502-BODS_V1_1.xml,18,7
LG1-None--SCNH-Leamington_-2024-10-07-LS260425_-_final_Bods__SCNH_PD0000479_59_20260502-BODS_V1_1.xml,19,5
LG1-None--SCNH-Leamington_-2024-10-07-LS260425_-_final_Bods__SCNH_PD0000479_59_20260502-BODS_V1_1.xml,20,5
LG1-None--SCNH-Leamington_-2024-10-07-LS260425_-_final_Bods__SCNH_PD0000479_59_20260502-BODS_V1_1.xml,21,5
LG1-None--SCNH-Leamington_-2024-10-07-LS260425_-_final_Bods__SCNH_PD0000479_59_20260502-BODS_V1_1.xml,22,6
LG1-None--SCNH-Leamington_-2024-10-07-LS260425_-_final_Bods__SCNH_PD0000479_59_20260502-BODS_V1_1.xml,23,3
LU1-None--SCNH-Leamington-2024-10-07-LS260502__SCNH_PD0000479_337_20260502-BODS_V1_1.xml,0,9
LU1-None--SCNH-Leamington-2024-10-07-LS260502__SCNH_PD0000479_337_20260502-BODS_V1_1.xml,1,9
LU1-None--SCNH-Leamington-2024-10-07-LS260502__SCNH_PD0000479_337_20260502-BODS_V1_1.xml,2,10
LU1-None--SCNH-Leamington-2024-10-07-LS260502__SCNH_PD0000479_337_20260502-BODS_V1_1.xml,3,2
LU1-None--SCNH-Leamington-2024-10-07-LS260502__SCNH_PD0000479_337_20260502-BODS_V1_1.xml,5,2
LU1-None--SCNH-Leamington-2024-10-07-LS260502__SCNH_PD0000479_337_20260502-BODS_V1_1.xml,6,9
LU1-None--SCNH-Leamington-2024-10-07-LS260502__SCNH_PD0000479_337_20260502-BODS_V1_1.xml,7,21
LU1-None--SCNH-Leamington-2024-10-07-LS260502__SCNH_PD0000479_337_20260502-BODS_V1_1.xml,8,24
LU1-None--SCNH-Leamington-2024-10-07-LS260502__SCNH_PD0000479_337_20260502-BODS_V1_1.xml,9,27
LU1-None--SCNH-Leamington-2024-10-07-LS260502__SCNH_PD0000479_337_20260502-BODS_V1_1.xml,10,22
LU1-None--SCNH-Leamington-2024-10-07-LS260502__SCNH_PD0000479_337_20260502-BODS_V1_1.xml,11,23
LU1-None--SCNH-Leamington-2024-10-07-LS260502__SCNH_PD0000479_337_20260502-BODS_V1_1.xml,12,24
LU1-None--SCNH-Leamington-2024-10-07-LS260502__SCNH_PD0000479_337_20260502-BODS_V1_1.xml,13,24
LU1-None--SCNH-Leamington-2024-10-07-LS260502__SCNH_PD0000479_337_20260502-BODS_V1_1.xml,14,24
LU1-None--SCNH-Leamington-2024-10-07-LS260502__SCNH_PD0000479_337_20260502-BODS_V1_1.xml,15,28
LU1-None--SCNH-Leamington-2024-10-07-LS260502__SCNH_PD0000479_337_20260502-BODS_V1_1.xml,16,20
LU1-None--SCNH-Leamington-2024-10-07-LS260502__SCNH_PD0000479_337_20260502-BODS_V1_1.xml,17,26
LU1-None--SCNH-Leamington-2024-10-07-LS260502__SCNH_PD0000479_337_20260502-BODS_V1_1.xml,18,24
LU1-None--SCNH-Leamington-2024-10-07-LS260502__SCNH_PD0000479_337_20260502-BODS_V1_1.xml,19,18
LU1-None--SCNH-Leamington-2024-10-07-LS260502__SCNH_PD0000479_337_20260502-BODS_V1_1.xml,20,16
LU1-None--SCNH-Leamington-2024-10-07-LS260502__SCNH_PD0000479_337_20260502-BODS_V1_1.xml,21,18
LU1-None--SCNH-Leamington-2024-10-07-LS260502__SCNH_PD0000479_337_20260502-BODS_V1_1.xml,22,12
LU1-None--SCNH-Leamington-2024-10-07-LS260502__SCNH_PD0000479_337_20260502-BODS_V1_1.xml,23,10
LU1-None--SCNH-Leamington-2024-10-07-LS260502__SCNH_PD0000479_337_20260509-BODS_V1_1.xml,0,9
LU1-None--SCNH-Leamington-2024-10-07-LS260502__SCNH_PD0000479_337_20260509-BODS_V1_1.xml,1,9
LU1-None--SCNH-Leamington-2024-10-07-LS260502__SCNH_PD0000479_337_20260509-BODS_V1_1.xml,2,10
LU1-None--SCNH-Leamington-2024-10-07-LS260502__SCNH_PD0000479_337_20260509-BODS_V1_1.xml,3,2
LU1-None--SCNH-Leamington-2024-10-07-LS260502__SCNH_PD0000479_337_20260509-BODS_V1_1.xml,5,2
LU1-None--SCNH-Leamington-2024-10-07-LS260502__SCNH_PD0000479_337_20260509-BODS_V1_1.xml,6,9
LU1-None--SCNH-Leamington-2024-10-07-LS260502__SCNH_PD0000479_337_20260509-BODS_V1_1.xml,7,21
LU1-None--SCNH-Leamington-2024-10-07-LS260502__SCNH_PD0000479_337_20260509-BODS_V1_1.xml,8,24
LU1-None--SCNH-Leamington-2024-10-07-LS260502__SCNH_PD0000479_337_20260509-BODS_V1_1.xml,9,27
LU1-None--SCNH-Leamington-2024-10-07-LS260502__SCNH_PD0000479_337_20260509-BODS_V1_1.xml,10,22
LU1-None--SCNH-Leamington-2024-10-07-LS260502__SCNH_PD0000479_337_20260509-BODS_V1_1.xml,11,23
LU1-None--SCNH-Leamington-2024-10-07-LS260502__SCNH_PD0000479_337_20260509-BODS_V1_1.xml,12,24
LU1-None--SCNH-Leamington-2024-10-07-LS260502__SCNH_PD0000479_337_20260509-BODS_V1_1.xml,13,24
LU1-None--SCNH-Leamington-2024-10-07-LS260502__SCNH_PD0000479_337_20260509-BODS_V1_1.xml,14,24
LU1-None--SCNH-Leamington-2024-10-07-LS260502__SCNH_PD0000479_337_20260509-BODS_V1_1.xml,15,28
LU1-None--SCNH-Leamington-2024-10-07-LS260502__SCNH_PD0000479_337_20260509-BODS_V1_1.xml,16,20
LU1-None--SCNH-Leamington-2024-10-07-LS260502__SCNH_PD0000479_337_20260509-BODS_V1_1.xml,17,26
LU1-None--SCNH-Leamington-2024-10-07-LS260502__SCNH_PD0000479_337_20260509-BODS_V1_1.xml,18,24
LU1-None--SCNH-Leamington-2024-10-07-LS260502__SCNH_PD0000479_337_20260509-BODS_V1_1.xml,19,18
LU1-None--SCNH-Leamington-2024-10-07-LS260502__SCNH_PD0000479_337_20260509-BODS_V1_1.xml,20,16
LU1-None--SCNH-Leamington-2024-10-07-LS260502__SCNH_PD0000479_337_20260509-BODS_V1_1.xml,21,18
LU1-None--SCNH-Leamington-2024-10-07-LS260502__SCNH_PD0000479_337_20260509-BODS_V1_1.xml,22,12
LU1-None--SCNH-Leamington-2024-10-07-LS260502__SCNH_PD0000479_337_20260509-BODS_V1_1.xml,23,10
LX17-None--SCNH-Leamington-2024-10-07-LS260502__SCNH_PD0000479_15_20260509-BODS_V1_1.xml,5,4
LX17-None--SCNH-Leamington-2024-10-07-LS260502__SCNH_PD0000479_15_20260509-BODS_V1_1.xml,6,8
LX17-None--SCNH-Leamington-2024-10-07-LS260502__SCNH_PD0000479_15_20260509-BODS_V1_1.xml,7,12
LX17-None--SCNH-Leamington-2024-10-07-LS260502__SCNH_PD0000479_15_20260509-BODS_V1_1.xml,8,14
LX17-None--SCNH-Leamington-2024-10-07-LS260502__SCNH_PD0000479_15_20260509-BODS_V1_1.xml,9,14
LX17-None--SCNH-Leamington-2024-10-07-LS260502__SCNH_PD0000479_15_20260509-BODS_V1_1.xml,10,13
LX17-None--SCNH-Leamington-2024-10-07-LS260502__SCNH_PD0000479_15_20260509-BODS_V1_1.xml,11,13
LX17-None--SCNH-Leamington-2024-10-07-LS260502__SCNH_PD0000479_15_20260509-BODS_V1_1.xml,12,14
LX17-None--SCNH-Leamington-2024-10-07-LS260502__SCNH_PD0000479_15_20260509-BODS_V1_1.xml,13,13
LX17-None--SCNH-Leamington-2024-10-07-LS260502__SCNH_PD0000479_15_20260509-BODS_V1_1.xml,14,13
LX17-None--SCNH-Leamington-2024-10-07-LS260502__SCNH_PD0000479_15_20260509-BODS_V1_1.xml,15,14
LX17-None--SCNH-Leamington-2024-10-07-LS260502__SCNH_PD0000479_15_20260509-BODS_V1_1.xml,16,13
LX17-None--SCNH-Leamington-2024-10-07-LS260502__SCNH_PD0000479_15_20260509-BODS_V1_1.xml,17,12
LX17-None--SCNH-Leamington-2024-10-07-LS260502__SCNH_PD0000479_15_20260509-BODS_V1_1.xml,18,11
LX17-None--SCNH-Leamington-2024-10-07-LS260502__SCNH_PD0000479_15_20260509-BODS_V1_1.xml,19,6
LX17-None--SCNH-Leamington-2024-10-07-LS260502__SCNH_PD0000479_15_20260509-BODS_V1_1.xml,20,5
LX17-None--SCNH-Leamington_-2024-10-07-LS260425_-_final_Bods__SCNH_PD0000479_15_20260502-BODS_V1_1.xml,5,4
LX17-None--SCNH-Leamington_-2024-10-07-LS260425_-_final_Bods__SCNH_PD0000479_15_20260502-BODS_V1_1.xml,6,8
LX17-None--SCNH-Leamington_-2024-10-07-LS260425_-_final_Bods__SCNH_PD0000479_15_20260502-BODS_V1_1.xml,7,12
LX17-None--SCNH-Leamington_-2024-10-07-LS260425_-_final_Bods__SCNH_PD0000479_15_20260502-BODS_V1_1.xml,8,14
LX17-None--SCNH-Leamington_-2024-10-07-LS260425_-_final_Bods__SCNH_PD0000479_15_20260502-BODS_V1_1.xml,9,14
LX17-None--SCNH-Leamington_-2024-10-07-LS260425_-_final_Bods__SCNH_PD0000479_15_20260502-BODS_V1_1.xml,10,13
LX17-None--SCNH-Leamington_-2024-10-07-LS260425_-_final_Bods__SCNH_PD0000479_15_20260502-BODS_V1_1.xml,11,13
LX17-None--SCNH-Leamington_-2024-10-07-LS260425_-_final_Bods__SCNH_PD0000479_15_20260502-BODS_V1_1.xml,12,14
LX17-None--SCNH-Leamington_-2024-10-07-LS260425_-_final_Bods__SCNH_PD0000479_15_20260502-BODS_V1_1.xml,13,13
LX17-None--SCNH-Leamington_-2024-10-07-LS260425_-_final_Bods__SCNH_PD0000479_15_20260502-BODS_V1_1.xml,14,13
LX17-None--SCNH-Leamington_-2024-10-07-LS260425_-_final_Bods__SCNH_PD0000479_15_20260502-BODS_V1_1.xml,15,14
LX17-None--SCNH-Leamington_-2024-10-07-LS260425_-_final_Bods__SCNH_PD0000479_15_20260502-BODS_V1_1.xml,16,13
LX17-None--SCNH-Leamington_-2024-10-07-LS260425_-_final_Bods__SCNH_PD0000479_15_20260502-BODS_V1_1.xml,17,12
LX17-None--SCNH-Leamington_-2024-10-07-LS260425_-_final_Bods__SCNH_PD0000479_15_20260502-BODS_V1_1.xml,18,11
LX17-None--SCNH-Leamington_-2024-10-07-LS260425_-_final_Bods__SCNH_PD0000479_15_20260502-BODS_V1_1.xml,19,6
LX17-None--SCNH-Leamington_-2024-10-07-LS260425_-_final_Bods__SCNH_PD0000479_15_20260502-BODS_V1_1.xml,20,5
M5-None--SCGL-WEGL-2024-01-01-GL_26-03-08_DATA_SET__SCGL_PH0005031_404_20260413-BODS_V1_1.xml,5,3
M5-None--SCGL-WEGL-2024-01-01-GL_26-03-08_DATA_SET__SCGL_PH0005031_404_20260413-BODS_V1_1.xml,6,3
M5-None--SCGL-WEGL-2024-01-01-GL_26-03-08_DATA_SET__SCGL_PH0005031_404_20260413-BODS_V1_1.xml,13,3
M5-None--SCGL-WEGL-2024-01-01-GL_26-03-08_DATA_SET__SCGL_PH0005031_404_20260413-BODS_V1_1.xml,14,3
M5-None--SCGL-WEGL-2024-01-01-GL_26-03-08_DATA_SET__SCGL_PH0005031_404_20260413-BODS_V1_1.xml,21,3
M5-None--SCGL-WEGL-2024-01-01-GL_26-03-08_DATA_SET__SCGL_PH0005031_404_20260413-BODS_V1_1.xml,22,3
M5-None--SCGL-WEGL-2024-01-01-GL_26-03-08_DATA_SET__SCGL_PH0005031_404_20260526-BODS_V1_1.xml,5,3
M5-None--SCGL-WEGL-2024-01-01-GL_26-03-08_DATA_SET__SCGL_PH0005031_404_20260526-BODS_V1_1.xml,6,3
M5-None--SCGL-WEGL-2024-01-01-GL_26-03-08_DATA_SET__SCGL_PH0005031_404_20260526-BODS_V1_1.xml,13,3
M5-None--SCGL-WEGL-2024-01-01-GL_26-03-08_DATA_SET__SCGL_PH0005031_404_20260526-BODS_V1_1.xml,14,3
M5-None--SCGL-WEGL-2024-01-01-GL_26-03-08_DATA_SET__SCGL_PH0005031_404_20260526-BODS_V1_1.xml,21,3
M5-None--SCGL-WEGL-2024-01-01-GL_26-03-08_DATA_SET__SCGL_PH0005031_404_20260526-BODS_V1_1.xml,22,3
M5-None--SCGL-WEGL-2024-01-01-GL_26-05-31_JD_V9.4__SCGL_PH0005031_404_20260531-BODS_V1_1.xml,5,2
M5-None--SCGL-WEGL-2024-01-01-GL_26-05-31_JD_V9.4__SCGL_PH0005031_404_20260531-BODS_V1_1.xml,6,3
M5-None--SCGL-WEGL-2024-01-01-GL_26-05-31_JD_V9.4__SCGL_PH0005031_404_20260531-BODS_V1_1.xml,13,3
M5-None--SCGL-WEGL-2024-01-01-GL_26-05-31_JD_V9.4__SCGL_PH0005031_404_20260531-BODS_V1_1.xml,14,3
M5-None--SCGL-WEGL-2024-01-01-GL_26-05-31_JD_V9.4__SCGL_PH0005031_404_20260531-BODS_V1_1.xml,21,3
M5-None--SCGL-WEGL-2024-01-01-GL_26-05-31_JD_V9.4__SCGL_PH0005031_404_20260531-BODS_V1_1.xml,22,3
ME53-None--SSWL-WAME-2026-03-30-Merthyr260330_(Final_Set)_Adj_V4___SSWL_PG0006630_252_20260412-BODS_V1_1.xml,6,2
ME53-None--SSWL-WAME-2026-03-30-Merthyr260330_(Final_Set)_Adj_V4___SSWL_PG0006630_252_20260412-BODS_V1_1.xml,7,8
ME53-None--SSWL-WAME-2026-03-30-Merthyr260330_(Final_Set)_Adj_V4___SSWL_PG0006630_252_20260412-BODS_V1_1.xml,8,4
ME53-None--SSWL-WAME-2026-03-30-Merthyr260330_(Final_Set)_Adj_V4___SSWL_PG0006630_252_20260412-BODS_V1_1.xml,9,4
ME53-None--SSWL-WAME-2026-03-30-Merthyr260330_(Final_Set)_Adj_V4___SSWL_PG0006630_252_20260412-BODS_V1_1.xml,10,4
ME53-None--SSWL-WAME-2026-03-30-Merthyr260330_(Final_Set)_Adj_V4___SSWL_PG0006630_252_20260412-BODS_V1_1.xml,11,4
ME53-None--SSWL-WAME-2026-03-30-Merthyr260330_(Final_Set)_Adj_V4___SSWL_PG0006630_252_20260412-BODS_V1_1.xml,12,4
ME53-None--SSWL-WAME-2026-03-30-Merthyr260330_(Final_Set)_Adj_V4___SSWL_PG0006630_252_20260412-BODS_V1_1.xml,13,4
ME53-None--SSWL-WAME-2026-03-30-Merthyr260330_(Final_Set)_Adj_V4___SSWL_PG0006630_252_20260412-BODS_V1_1.xml,14,4
ME53-None--SSWL-WAME-2026-03-30-Merthyr260330_(Final_Set)_Adj_V4___SSWL_PG0006630_252_20260412-BODS_V1_1.xml,15,4
ME53-None--SSWL-WAME-2026-03-30-Merthyr260330_(Final_Set)_Adj_V4___SSWL_PG0006630_252_20260412-BODS_V1_1.xml,16,4
ME53-None--SSWL-WAME-2026-03-30-Merthyr260330_(Final_Set)_Adj_V4___SSWL_PG0006630_252_20260412-BODS_V1_1.xml,17,4
Me27-None--SSWL-WAME-2026-03-30-Merthyr260330_(Final_Set)_Adj_V4___SSWL_PG0006630_251_20260412-BODS_V1_1.xml,6,2
Me27-None--SSWL-WAME-2026-03-30-Merthyr260330_(Final_Set)_Adj_V4___SSWL_PG0006630_251_20260412-BODS_V1_1.xml,7,6
Me27-None--SSWL-WAME-2026-03-30-Merthyr260330_(Final_Set)_Adj_V4___SSWL_PG0006630_251_20260412-BODS_V1_1.xml,8,8
Me27-None--SSWL-WAME-2026-03-30-Merthyr260330_(Final_Set)_Adj_V4___SSWL_PG0006630_251_20260412-BODS_V1_1.xml,9,8
Me27-None--SSWL-WAME-2026-03-30-Merthyr260330_(Final_Set)_Adj_V4___SSWL_PG0006630_251_20260412-BODS_V1_1.xml,10,8
Me27-None--SSWL-WAME-2026-03-30-Merthyr260330_(Final_Set)_Adj_V4___SSWL_PG0006630_251_20260412-BODS_V1_1.xml,11,8
Me27-None--SSWL-WAME-2026-03-30-Merthyr260330_(Final_Set)_Adj_V4___SSWL_PG0006630_251_20260412-BODS_V1_1.xml,12,8
Me27-None--SSWL-WAME-2026-03-30-Merthyr260330_(Final_Set)_Adj_V4___SSWL_PG0006630_251_20260412-BODS_V1_1.xml,13,8
Me27-None--SSWL-WAME-2026-03-30-Merthyr260330_(Final_Set)_Adj_V4___SSWL_PG0006630_251_20260412-BODS_V1_1.xml,14,8
Me27-None--SSWL-WAME-2026-03-30-Merthyr260330_(Final_Set)_Adj_V4___SSWL_PG0006630_251_20260412-BODS_V1_1.xml,15,8
Me27-None--SSWL-WAME-2026-03-30-Merthyr260330_(Final_Set)_Adj_V4___SSWL_PG0006630_251_20260412-BODS_V1_1.xml,16,8
Me27-None--SSWL-WAME-2026-03-30-Merthyr260330_(Final_Set)_Adj_V4___SSWL_PG0006630_251_20260412-BODS_V1_1.xml,17,8
Me27-None--SSWL-WAME-2026-03-30-Merthyr260330_(Final_Set)_Adj_V4___SSWL_PG0006630_251_20260412-BODS_V1_1.xml,18,6
Me27-None--SSWL-WAME-2026-03-30-Merthyr260330_(Final_Set)_Adj_V4___SSWL_PG0006630_251_20260412-BODS_V1_1.xml,19,2
Me51-None--SSWL-WAME-2026-03-30-Merthyr260330_(Final_Set)_Adj_V4___SSWL_PG0006630_248_20260412-BODS_V1_1.xml,6,2
Me51-None--SSWL-WAME-2026-03-30-Merthyr260330_(Final_Set)_Adj_V4___SSWL_PG0006630_248_20260412-BODS_V1_1.xml,7,8
Me51-None--SSWL-WAME-2026-03-30-Merthyr260330_(Final_Set)_Adj_V4___SSWL_PG0006630_248_20260412-BODS_V1_1.xml,8,2
Me51-None--SSWL-WAME-2026-03-30-Merthyr260330_(Final_Set)_Adj_V4___SSWL_PG0006630_248_20260412-BODS_V1_1.xml,9,5
Me51-None--SSWL-WAME-2026-03-30-Merthyr260330_(Final_Set)_Adj_V4___SSWL_PG0006630_248_20260412-BODS_V1_1.xml,10,5
Me51-None--SSWL-WAME-2026-03-30-Merthyr260330_(Final_Set)_Adj_V4___SSWL_PG0006630_248_20260412-BODS_V1_1.xml,11,5
Me51-None--SSWL-WAME-2026-03-30-Merthyr260330_(Final_Set)_Adj_V4___SSWL_PG0006630_248_20260412-BODS_V1_1.xml,12,5
Me51-None--SSWL-WAME-2026-03-30-Merthyr260330_(Final_Set)_Adj_V4___SSWL_PG0006630_248_20260412-BODS_V1_1.xml,13,5
Me51-None--SSWL-WAME-2026-03-30-Merthyr260330_(Final_Set)_Adj_V4___SSWL_PG0006630_248_20260412-BODS_V1_1.xml,14,5
Me51-None--SSWL-WAME-2026-03-30-Merthyr260330_(Final_Set)_Adj_V4___SSWL_PG0006630_248_20260412-BODS_V1_1.xml,15,5
Me51-None--SSWL-WAME-2026-03-30-Merthyr260330_(Final_Set)_Adj_V4___SSWL_PG0006630_248_20260412-BODS_V1_1.xml,16,5
Me51-None--SSWL-WAME-2026-03-30-Merthyr260330_(Final_Set)_Adj_V4___SSWL_PG0006630_248_20260412-BODS_V1_1.xml,17,5
Me51-None--SSWL-WAME-2026-03-30-Merthyr260330_(Final_Set)_Adj_V4___SSWL_PG0006630_248_20260412-BODS_V1_1.xml,18,5
Me51-None--SSWL-WAME-2026-03-30-Merthyr260330_(Final_Set)_Adj_V4___SSWL_PG0006630_248_20260412-BODS_V1_1.xml,19,5
Me51-None--SSWL-WAME-2026-03-30-Merthyr260330_(Final_Set)_Adj_V4___SSWL_PG0006630_248_20260412-BODS_V1_1.xml,20,3
Me51-None--SSWL-WAME-2026-03-30-Merthyr260330_(Final_Set)_Adj_V4___SSWL_PG0006630_248_20260412-BODS_V1_1.xml,21,3
Me51-None--SSWL-WAME-2026-03-30-Merthyr260330_(Final_Set)_Adj_V4___SSWL_PG0006630_248_20260412-BODS_V1_1.xml,22,2
N1-2-None--SCNH-Nuneaton-2024-02-10-NU260411_BODS__SCNH_PD0000479_314_20260411-BODS_V1_1.xml,6,1
N1-2-None--SCNH-Nuneaton-2024-02-10-NU260411_BODS__SCNH_PD0000479_314_20260411-BODS_V1_1.xml,7,7
N1-2-None--SCNH-Nuneaton-2024-02-10-NU260411_BODS__SCNH_PD0000479_314_20260411-BODS_V1_1.xml,8,8
N1-2-None--SCNH-Nuneaton-2024-02-10-NU260411_BODS__SCNH_PD0000479_314_20260411-BODS_V1_1.xml,9,8
N1-2-None--SCNH-Nuneaton-2024-02-10-NU260411_BODS__SCNH_PD0000479_314_20260411-BODS_V1_1.xml,10,8
N1-2-None--SCNH-Nuneaton-2024-02-10-NU260411_BODS__SCNH_PD0000479_314_20260411-BODS_V1_1.xml,11,8
N1-2-None--SCNH-Nuneaton-2024-02-10-NU260411_BODS__SCNH_PD0000479_314_20260411-BODS_V1_1.xml,12,8
N1-2-None--SCNH-Nuneaton-2024-02-10-NU260411_BODS__SCNH_PD0000479_314_20260411-BODS_V1_1.xml,13,8
N1-2-None--SCNH-Nuneaton-2024-02-10-NU260411_BODS__SCNH_PD0000479_314_20260411-BODS_V1_1.xml,14,8
N1-2-None--SCNH-Nuneaton-2024-02-10-NU260411_BODS__SCNH_PD0000479_314_20260411-BODS_V1_1.xml,15,8
N1-2-None--SCNH-Nuneaton-2024-02-10-NU260411_BODS__SCNH_PD0000479_314_20260411-BODS_V1_1.xml,16,8
N1-2-None--SCNH-Nuneaton-2024-02-10-NU260411_BODS__SCNH_PD0000479_314_20260411-BODS_V1_1.xml,17,8
N1-2-None--SCNH-Nuneaton-2024-02-10-NU260411_BODS__SCNH_PD0000479_314_20260411-BODS_V1_1.xml,18,8
N10B-None--SCNH-Nuneaton-2024-02-10-NU260411_BODS__SCNH_PD0000479_288_20260411-BODS_V1_1.xml,5,1
N10B-None--SCNH-Nuneaton-2024-02-10-NU260411_BODS__SCNH_PD0000479_288_20260411-BODS_V1_1.xml,6,4
N10B-None--SCNH-Nuneaton-2024-02-10-NU260411_BODS__SCNH_PD0000479_288_20260411-BODS_V1_1.xml,7,7
N10B-None--SCNH-Nuneaton-2024-02-10-NU260411_BODS__SCNH_PD0000479_288_20260411-BODS_V1_1.xml,8,6
N10B-None--SCNH-Nuneaton-2024-02-10-NU260411_BODS__SCNH_PD0000479_288_20260411-BODS_V1_1.xml,9,10
N10B-None--SCNH-Nuneaton-2024-02-10-NU260411_BODS__SCNH_PD0000479_288_20260411-BODS_V1_1.xml,10,10
N10B-None--SCNH-Nuneaton-2024-02-10-NU260411_BODS__SCNH_PD0000479_288_20260411-BODS_V1_1.xml,11,10
N10B-None--SCNH-Nuneaton-2024-02-10-NU260411_BODS__SCNH_PD0000479_288_20260411-BODS_V1_1.xml,12,10
N10B-None--SCNH-Nuneaton-2024-02-10-NU260411_BODS__SCNH_PD0000479_288_20260411-BODS_V1_1.xml,13,10
N10B-None--SCNH-Nuneaton-2024-02-10-NU260411_BODS__SCNH_PD0000479_288_20260411-BODS_V1_1.xml,14,10
N10B-None--SCNH-Nuneaton-2024-02-10-NU260411_BODS__SCNH_PD0000479_288_20260411-BODS_V1_1.xml,15,10
N10B-None--SCNH-Nuneaton-2024-02-10-NU260411_BODS__SCNH_PD0000479_288_20260411-BODS_V1_1.xml,16,10
N10B-None--SCNH-Nuneaton-2024-02-10-NU260411_BODS__SCNH_PD0000479_288_20260411-BODS_V1_1.xml,17,8
N10B-None--SCNH-Nuneaton-2024-02-10-NU260411_BODS__SCNH_PD0000479_288_20260411-BODS_V1_1.xml,18,6
N10B-None--SCNH-Nuneaton-2024-02-10-NU260411_BODS__SCNH_PD0000479_288_20260411-BODS_V1_1.xml,19,4
N10B-None--SCNH-Nuneaton-2024-02-10-NU260411_BODS__SCNH_PD0000479_288_20260411-BODS_V1_1.xml,20,3
N10B-None--SCNH-Nuneaton-2024-02-10-NU260530_PVR_drop_full__SCNH_PD0000479_288_20260530-BODS_V1_1.xml,5,1
N10B-None--SCNH-Nuneaton-2024-02-10-NU260530_PVR_drop_full__SCNH_PD0000479_288_20260530-BODS_V1_1.xml,6,5
N10B-None--SCNH-Nuneaton-2024-02-10-NU260530_PVR_drop_full__SCNH_PD0000479_288_20260530-BODS_V1_1.xml,7,7
N10B-None--SCNH-Nuneaton-2024-02-10-NU260530_PVR_drop_full__SCNH_PD0000479_288_20260530-BODS_V1_1.xml,8,6
N10B-None--SCNH-Nuneaton-2024-02-10-NU260530_PVR_drop_full__SCNH_PD0000479_288_20260530-BODS_V1_1.xml,9,8
N10B-None--SCNH-Nuneaton-2024-02-10-NU260530_PVR_drop_full__SCNH_PD0000479_288_20260530-BODS_V1_1.xml,10,8
N10B-None--SCNH-Nuneaton-2024-02-10-NU260530_PVR_drop_full__SCNH_PD0000479_288_20260530-BODS_V1_1.xml,11,8
N10B-None--SCNH-Nuneaton-2024-02-10-NU260530_PVR_drop_full__SCNH_PD0000479_288_20260530-BODS_V1_1.xml,12,8
N10B-None--SCNH-Nuneaton-2024-02-10-NU260530_PVR_drop_full__SCNH_PD0000479_288_20260530-BODS_V1_1.xml,13,8
N10B-None--SCNH-Nuneaton-2024-02-10-NU260530_PVR_drop_full__SCNH_PD0000479_288_20260530-BODS_V1_1.xml,14,8
N10B-None--SCNH-Nuneaton-2024-02-10-NU260530_PVR_drop_full__SCNH_PD0000479_288_20260530-BODS_V1_1.xml,15,8
N10B-None--SCNH-Nuneaton-2024-02-10-NU260530_PVR_drop_full__SCNH_PD0000479_288_20260530-BODS_V1_1.xml,16,10
N10B-None--SCNH-Nuneaton-2024-02-10-NU260530_PVR_drop_full__SCNH_PD0000479_288_20260530-BODS_V1_1.xml,17,9
N10B-None--SCNH-Nuneaton-2024-02-10-NU260530_PVR_drop_full__SCNH_PD0000479_288_20260530-BODS_V1_1.xml,18,6
N10B-None--SCNH-Nuneaton-2024-02-10-NU260530_PVR_drop_full__SCNH_PD0000479_288_20260530-BODS_V1_1.xml,19,4
N10B-None--SCNH-Nuneaton-2024-02-10-NU260530_PVR_drop_full__SCNH_PD0000479_288_20260530-BODS_V1_1.xml,20,3
N11-None--SCNH-Northampton_-2024-11-25-SCHEDULE_-_NN260503_v4_bod__SCNH_PF1118394_175_20260503-BODS_V1_1.xml,0,3
N11-None--SCNH-Northampton_-2024-11-25-SCHEDULE_-_NN260503_v4_bod__SCNH_PF1118394_175_20260503-BODS_V1_1.xml,5,6
N11-None--SCNH-Northampton_-2024-11-25-SCHEDULE_-_NN260503_v4_bod__SCNH_PF1118394_175_20260503-BODS_V1_1.xml,6,10
N11-None--SCNH-Northampton_-2024-11-25-SCHEDULE_-_NN260503_v4_bod__SCNH_PF1118394_175_20260503-BODS_V1_1.xml,7,12
N11-None--SCNH-Northampton_-2024-11-25-SCHEDULE_-_NN260503_v4_bod__SCNH_PF1118394_175_20260503-BODS_V1_1.xml,8,6
N11-None--SCNH-Northampton_-2024-11-25-SCHEDULE_-_NN260503_v4_bod__SCNH_PF1118394_175_20260503-BODS_V1_1.xml,9,11
N11-None--SCNH-Northampton_-2024-11-25-SCHEDULE_-_NN260503_v4_bod__SCNH_PF1118394_175_20260503-BODS_V1_1.xml,10,10
N11-None--SCNH-Northampton_-2024-11-25-SCHEDULE_-_NN260503_v4_bod__SCNH_PF1118394_175_20260503-BODS_V1_1.xml,11,10
N11-None--SCNH-Northampton_-2024-11-25-SCHEDULE_-_NN260503_v4_bod__SCNH_PF1118394_175_20260503-BODS_V1_1.xml,12,10
N11-None--SCNH-Northampton_-2024-11-25-SCHEDULE_-_NN260503_v4_bod__SCNH_PF1118394_175_20260503-BODS_V1_1.xml,13,10
N11-None--SCNH-Northampton_-2024-11-25-SCHEDULE_-_NN260503_v4_bod__SCNH_PF1118394_175_20260503-BODS_V1_1.xml,14,10
N11-None--SCNH-Northampton_-2024-11-25-SCHEDULE_-_NN260503_v4_bod__SCNH_PF1118394_175_20260503-BODS_V1_1.xml,15,10
N11-None--SCNH-Northampton_-2024-11-25-SCHEDULE_-_NN260503_v4_bod__SCNH_PF1118394_175_20260503-BODS_V1_1.xml,16,10
N11-None--SCNH-Northampton_-2024-11-25-SCHEDULE_-_NN260503_v4_bod__SCNH_PF1118394_175_20260503-BODS_V1_1.xml,17,6
N11-None--SCNH-Northampton_-2024-11-25-SCHEDULE_-_NN260503_v4_bod__SCNH_PF1118394_175_20260503-BODS_V1_1.xml,18,12
N11-None--SCNH-Northampton_-2024-11-25-SCHEDULE_-_NN260503_v4_bod__SCNH_PF1118394_175_20260503-BODS_V1_1.xml,19,7
N11-None--SCNH-Northampton_-2024-11-25-SCHEDULE_-_NN260503_v4_bod__SCNH_PF1118394_175_20260503-BODS_V1_1.xml,21,9
N11-None--SCNH-Northampton_-2024-11-25-SCHEDULE_-_NN260503_v4_bod__SCNH_PF1118394_175_20260503-BODS_V1_1.xml,22,4
N11-None--SCNH-Northampton_-2024-11-25-SCHEDULE_-_NN260503_v4_bod__SCNH_PF1118394_175_20260503-BODS_V1_1.xml,23,3
N118-None--SCNH-Nuneaton-2024-02-10-NU260411_BODS__SCNH_PD0000479_258_20260411-BODS_V1_1.xml,8,2
N118-None--SCNH-Nuneaton-2024-02-10-NU260411_BODS__SCNH_PD0000479_258_20260411-BODS_V1_1.xml,10,1
N118-None--SCNH-Nuneaton-2024-02-10-NU260411_BODS__SCNH_PD0000479_258_20260411-BODS_V1_1.xml,12,1
N118-None--SCNH-Nuneaton-2024-02-10-NU260411_BODS__SCNH_PD0000479_258_20260411-BODS_V1_1.xml,14,1
N118-None--SCNH-Nuneaton-2024-02-10-NU260411_BODS__SCNH_PD0000479_258_20260411-BODS_V1_1.xml,16,1
N118-None--SCNH-Nuneaton-2024-02-10-NU260411_BODS__SCNH_PD0000479_258_20260411-BODS_V1_1.xml,18,1
N146A-None--SCNH-Northampton_-2024-11-25-SCHEDULE_-_NN260503_v4_b__SCNH_PF1118394_33_20260503-BODS_V1_1.xml,5,2
N146A-None--SCNH-Northampton_-2024-11-25-SCHEDULE_-_NN260503_v4_b__SCNH_PF1118394_33_20260503-BODS_V1_1.xml,6,4
N146A-None--SCNH-Northampton_-2024-11-25-SCHEDULE_-_NN260503_v4_b__SCNH_PF1118394_33_20260503-BODS_V1_1.xml,7,7
N146A-None--SCNH-Northampton_-2024-11-25-SCHEDULE_-_NN260503_v4_b__SCNH_PF1118394_33_20260503-BODS_V1_1.xml,8,4
N146A-None--SCNH-Northampton_-2024-11-25-SCHEDULE_-_NN260503_v4_b__SCNH_PF1118394_33_20260503-BODS_V1_1.xml,9,4
N146A-None--SCNH-Northampton_-2024-11-25-SCHEDULE_-_NN260503_v4_b__SCNH_PF1118394_33_20260503-BODS_V1_1.xml,10,4
N146A-None--SCNH-Northampton_-2024-11-25-SCHEDULE_-_NN260503_v4_b__SCNH_PF1118394_33_20260503-BODS_V1_1.xml,11,4
N146A-None--SCNH-Northampton_-2024-11-25-SCHEDULE_-_NN260503_v4_b__SCNH_PF1118394_33_20260503-BODS_V1_1.xml,12,4
N146A-None--SCNH-Northampton_-2024-11-25-SCHEDULE_-_NN260503_v4_b__SCNH_PF1118394_33_20260503-BODS_V1_1.xml,13,4
N146A-None--SCNH-Northampton_-2024-11-25-SCHEDULE_-_NN260503_v4_b__SCNH_PF1118394_33_20260503-BODS_V1_1.xml,14,4
N146A-None--SCNH-Northampton_-2024-11-25-SCHEDULE_-_NN260503_v4_b__SCNH_PF1118394_33_20260503-BODS_V1_1.xml,15,4
N146A-None--SCNH-Northampton_-2024-11-25-SCHEDULE_-_NN260503_v4_b__SCNH_PF1118394_33_20260503-BODS_V1_1.xml,16,4
N146A-None--SCNH-Northampton_-2024-11-25-SCHEDULE_-_NN260503_v4_b__SCNH_PF1118394_33_20260503-BODS_V1_1.xml,17,4
N146A-None--SCNH-Northampton_-2024-11-25-SCHEDULE_-_NN260503_v4_b__SCNH_PF1118394_33_20260503-BODS_V1_1.xml,18,4
N146A-None--SCNH-Northampton_-2024-11-25-SCHEDULE_-_NN260503_v4_b__SCNH_PF1118394_33_20260503-BODS_V1_1.xml,19,2
N146A-None--SCNH-Northampton_-2024-11-25-SCHEDULE_-_NN260503_v4_b__SCNH_PF1118394_33_20260503-BODS_V1_1.xml,20,2
N147A-None--SCNH-Northampton_-2024-11-25-SCHEDULE_-_NN260503_v4_b__SCNH_PF1118394_35_20260503-BODS_V1_1.xml,5,5
N147A-None--SCNH-Northampton_-2024-11-25-SCHEDULE_-_NN260503_v4_b__SCNH_PF1118394_35_20260503-BODS_V1_1.xml,6,5
N147A-None--SCNH-Northampton_-2024-11-25-SCHEDULE_-_NN260503_v4_b__SCNH_PF1118394_35_20260503-BODS_V1_1.xml,7,4
N147A-None--SCNH-Northampton_-2024-11-25-SCHEDULE_-_NN260503_v4_b__SCNH_PF1118394_35_20260503-BODS_V1_1.xml,8,8
N147A-None--SCNH-Northampton_-2024-11-25-SCHEDULE_-_NN260503_v4_b__SCNH_PF1118394_35_20260503-BODS_V1_1.xml,9,8
N147A-None--SCNH-Northampton_-2024-11-25-SCHEDULE_-_NN260503_v4_b__SCNH_PF1118394_35_20260503-BODS_V1_1.xml,10,8
N147A-None--SCNH-Northampton_-2024-11-25-SCHEDULE_-_NN260503_v4_b__SCNH_PF1118394_35_20260503-BODS_V1_1.xml,11,8
N147A-None--SCNH-Northampton_-2024-11-25-SCHEDULE_-_NN260503_v4_b__SCNH_PF1118394_35_20260503-BODS_V1_1.xml,12,8
N147A-None--SCNH-Northampton_-2024-11-25-SCHEDULE_-_NN260503_v4_b__SCNH_PF1118394_35_20260503-BODS_V1_1.xml,13,8
N147A-None--SCNH-Northampton_-2024-11-25-SCHEDULE_-_NN260503_v4_b__SCNH_PF1118394_35_20260503-BODS_V1_1.xml,14,8
N147A-None--SCNH-Northampton_-2024-11-25-SCHEDULE_-_NN260503_v4_b__SCNH_PF1118394_35_20260503-BODS_V1_1.xml,15,8
N147A-None--SCNH-Northampton_-2024-11-25-SCHEDULE_-_NN260503_v4_b__SCNH_PF1118394_35_20260503-BODS_V1_1.xml,16,8
N147A-None--SCNH-Northampton_-2024-11-25-SCHEDULE_-_NN260503_v4_b__SCNH_PF1118394_35_20260503-BODS_V1_1.xml,17,7
N147A-None--SCNH-Northampton_-2024-11-25-SCHEDULE_-_NN260503_v4_b__SCNH_PF1118394_35_20260503-BODS_V1_1.xml,18,6
N147A-None--SCNH-Northampton_-2024-11-25-SCHEDULE_-_NN260503_v4_b__SCNH_PF1118394_35_20260503-BODS_V1_1.xml,19,4
N147A-None--SCNH-Northampton_-2024-11-25-SCHEDULE_-_NN260503_v4_b__SCNH_PF1118394_35_20260503-BODS_V1_1.xml,20,4
N147A-None--SCNH-Northampton_-2024-11-25-SCHEDULE_-_NN260503_v4_b__SCNH_PF1118394_35_20260503-BODS_V1_1.xml,21,4
N147A-None--SCNH-Northampton_-2024-11-25-SCHEDULE_-_NN260503_v4_b__SCNH_PF1118394_35_20260503-BODS_V1_1.xml,22,4
N17-None--SCNH-Nuneaton-2024-02-10-NU260411_BODS__SCNH_PD0000479_123_20260411-BODS_V1_1.xml,15,1
N18-None--SCNH-Nuneaton-2024-02-10-NU260411_BODS__SCNH_PD0000479_257_20260411-BODS_V1_1.xml,6,1
N18-None--SCNH-Nuneaton-2024-02-10-NU260411_BODS__SCNH_PD0000479_257_20260411-BODS_V1_1.xml,7,2
N18-None--SCNH-Nuneaton-2024-02-10-NU260411_BODS__SCNH_PD0000479_257_20260411-BODS_V1_1.xml,8,2
N18-None--SCNH-Nuneaton-2024-02-10-NU260411_BODS__SCNH_PD0000479_257_20260411-BODS_V1_1.xml,9,2
N18-None--SCNH-Nuneaton-2024-02-10-NU260411_BODS__SCNH_PD0000479_257_20260411-BODS_V1_1.xml,10,2
N18-None--SCNH-Nuneaton-2024-02-10-NU260411_BODS__SCNH_PD0000479_257_20260411-BODS_V1_1.xml,11,2
N18-None--SCNH-Nuneaton-2024-02-10-NU260411_BODS__SCNH_PD0000479_257_20260411-BODS_V1_1.xml,12,2
N18-None--SCNH-Nuneaton-2024-02-10-NU260411_BODS__SCNH_PD0000479_257_20260411-BODS_V1_1.xml,13,2
N18-None--SCNH-Nuneaton-2024-02-10-NU260411_BODS__SCNH_PD0000479_257_20260411-BODS_V1_1.xml,14,2
N18-None--SCNH-Nuneaton-2024-02-10-NU260411_BODS__SCNH_PD0000479_257_20260411-BODS_V1_1.xml,15,2
N18-None--SCNH-Nuneaton-2024-02-10-NU260411_BODS__SCNH_PD0000479_257_20260411-BODS_V1_1.xml,16,2
N18-None--SCNH-Nuneaton-2024-02-10-NU260411_BODS__SCNH_PD0000479_257_20260411-BODS_V1_1.xml,17,2
N18-None--SCNH-Nuneaton-2024-02-10-NU260411_BODS__SCNH_PD0000479_257_20260411-BODS_V1_1.xml,19,2
N18A-None--SCNH-Nuneaton-2024-02-10-NU260411_BODS__SCNH_PD0000479_297_20260411-BODS_V1_1.xml,7,1
N18A-None--SCNH-Nuneaton-2024-02-10-NU260411_BODS__SCNH_PD0000479_297_20260411-BODS_V1_1.xml,15,1
N19-None--SCNH-Nuneaton-2024-02-10-NU260411_BODS__SCNH_PD0000479_333_20260411-BODS_V1_1.xml,7,1
N19-None--SCNH-Nuneaton-2024-02-10-NU260411_BODS__SCNH_PD0000479_333_20260411-BODS_V1_1.xml,8,2
N19-None--SCNH-Nuneaton-2024-02-10-NU260411_BODS__SCNH_PD0000479_333_20260411-BODS_V1_1.xml,9,2
N19-None--SCNH-Nuneaton-2024-02-10-NU260411_BODS__SCNH_PD0000479_333_20260411-BODS_V1_1.xml,10,2
N19-None--SCNH-Nuneaton-2024-02-10-NU260411_BODS__SCNH_PD0000479_333_20260411-BODS_V1_1.xml,11,2
N19-None--SCNH-Nuneaton-2024-02-10-NU260411_BODS__SCNH_PD0000479_333_20260411-BODS_V1_1.xml,12,2
N19-None--SCNH-Nuneaton-2024-02-10-NU260411_BODS__SCNH_PD0000479_333_20260411-BODS_V1_1.xml,13,2
N19-None--SCNH-Nuneaton-2024-02-10-NU260411_BODS__SCNH_PD0000479_333_20260411-BODS_V1_1.xml,14,2
N19-None--SCNH-Nuneaton-2024-02-10-NU260411_BODS__SCNH_PD0000479_333_20260411-BODS_V1_1.xml,15,2
N19-None--SCNH-Nuneaton-2024-02-10-NU260411_BODS__SCNH_PD0000479_333_20260411-BODS_V1_1.xml,16,2
N19-None--SCNH-Nuneaton-2024-02-10-NU260411_BODS__SCNH_PD0000479_333_20260411-BODS_V1_1.xml,17,2
N19-None--SCNH-Nuneaton-2024-02-10-NU260411_BODS__SCNH_PD0000479_333_20260411-BODS_V1_1.xml,18,2
N19-None--SCNH-Nuneaton-2024-02-10-NU260411_BODS__SCNH_PD0000479_333_20260411-BODS_V1_1.xml,20,2
N41-None--SCNH-Nuneaton-2024-02-10-NU260411_BODS__SCNH_PD0000479_8_20260411-BODS_V1_1.xml,5,2
N41-None--SCNH-Nuneaton-2024-02-10-NU260411_BODS__SCNH_PD0000479_8_20260411-BODS_V1_1.xml,6,3
N41-None--SCNH-Nuneaton-2024-02-10-NU260411_BODS__SCNH_PD0000479_8_20260411-BODS_V1_1.xml,7,4
N41-None--SCNH-Nuneaton-2024-02-10-NU260411_BODS__SCNH_PD0000479_8_20260411-BODS_V1_1.xml,8,2
N41-None--SCNH-Nuneaton-2024-02-10-NU260411_BODS__SCNH_PD0000479_8_20260411-BODS_V1_1.xml,9,8
N41-None--SCNH-Nuneaton-2024-02-10-NU260411_BODS__SCNH_PD0000479_8_20260411-BODS_V1_1.xml,10,4
N41-None--SCNH-Nuneaton-2024-02-10-NU260411_BODS__SCNH_PD0000479_8_20260411-BODS_V1_1.xml,11,4
N41-None--SCNH-Nuneaton-2024-02-10-NU260411_BODS__SCNH_PD0000479_8_20260411-BODS_V1_1.xml,12,2
N41-None--SCNH-Nuneaton-2024-02-10-NU260411_BODS__SCNH_PD0000479_8_20260411-BODS_V1_1.xml,13,6
N41-None--SCNH-Nuneaton-2024-02-10-NU260411_BODS__SCNH_PD0000479_8_20260411-BODS_V1_1.xml,14,4
N41-None--SCNH-Nuneaton-2024-02-10-NU260411_BODS__SCNH_PD0000479_8_20260411-BODS_V1_1.xml,15,4
N41-None--SCNH-Nuneaton-2024-02-10-NU260411_BODS__SCNH_PD0000479_8_20260411-BODS_V1_1.xml,16,2
N41-None--SCNH-Nuneaton-2024-02-10-NU260411_BODS__SCNH_PD0000479_8_20260411-BODS_V1_1.xml,17,4
N41-None--SCNH-Nuneaton-2024-02-10-NU260411_BODS__SCNH_PD0000479_8_20260411-BODS_V1_1.xml,18,2
N41-None--SCNH-Nuneaton-2024-02-10-NU260411_BODS__SCNH_PD0000479_8_20260411-BODS_V1_1.xml,19,4
N41-None--SCNH-Nuneaton-2024-02-10-NU260411_BODS__SCNH_PD0000479_8_20260411-BODS_V1_1.xml,20,2
N48-None--SCNH-Nuneaton-2024-02-10-NU260411_BODS__SCNH_PD0000479_5_20260411-BODS_V1_1.xml,6,4
N48-None--SCNH-Nuneaton-2024-02-10-NU260411_BODS__SCNH_PD0000479_5_20260411-BODS_V1_1.xml,7,7
N48-None--SCNH-Nuneaton-2024-02-10-NU260411_BODS__SCNH_PD0000479_5_20260411-BODS_V1_1.xml,8,9
N48-None--SCNH-Nuneaton-2024-02-10-NU260411_BODS__SCNH_PD0000479_5_20260411-BODS_V1_1.xml,9,8
N48-None--SCNH-Nuneaton-2024-02-10-NU260411_BODS__SCNH_PD0000479_5_20260411-BODS_V1_1.xml,10,8
N48-None--SCNH-Nuneaton-2024-02-10-NU260411_BODS__SCNH_PD0000479_5_20260411-BODS_V1_1.xml,11,8
N48-None--SCNH-Nuneaton-2024-02-10-NU260411_BODS__SCNH_PD0000479_5_20260411-BODS_V1_1.xml,12,8
N48-None--SCNH-Nuneaton-2024-02-10-NU260411_BODS__SCNH_PD0000479_5_20260411-BODS_V1_1.xml,13,8
N48-None--SCNH-Nuneaton-2024-02-10-NU260411_BODS__SCNH_PD0000479_5_20260411-BODS_V1_1.xml,14,8
N48-None--SCNH-Nuneaton-2024-02-10-NU260411_BODS__SCNH_PD0000479_5_20260411-BODS_V1_1.xml,15,8
N48-None--SCNH-Nuneaton-2024-02-10-NU260411_BODS__SCNH_PD0000479_5_20260411-BODS_V1_1.xml,16,6
N48-None--SCNH-Nuneaton-2024-02-10-NU260411_BODS__SCNH_PD0000479_5_20260411-BODS_V1_1.xml,17,8
N48-None--SCNH-Nuneaton-2024-02-10-NU260411_BODS__SCNH_PD0000479_5_20260411-BODS_V1_1.xml,18,8
N48-None--SCNH-Nuneaton-2024-02-10-NU260411_BODS__SCNH_PD0000479_5_20260411-BODS_V1_1.xml,19,4
N48-None--SCNH-Nuneaton-2024-02-10-NU260411_BODS__SCNH_PD0000479_5_20260411-BODS_V1_1.xml,21,4
N48-None--SCNH-Nuneaton-2024-02-10-NU260530_PVR_drop_full__SCNH_PD0000479_5_20260530-BODS_V1_1.xml,6,4
N48-None--SCNH-Nuneaton-2024-02-10-NU260530_PVR_drop_full__SCNH_PD0000479_5_20260530-BODS_V1_1.xml,7,7
N48-None--SCNH-Nuneaton-2024-02-10-NU260530_PVR_drop_full__SCNH_PD0000479_5_20260530-BODS_V1_1.xml,8,9
N48-None--SCNH-Nuneaton-2024-02-10-NU260530_PVR_drop_full__SCNH_PD0000479_5_20260530-BODS_V1_1.xml,9,8
N48-None--SCNH-Nuneaton-2024-02-10-NU260530_PVR_drop_full__SCNH_PD0000479_5_20260530-BODS_V1_1.xml,10,8
N48-None--SCNH-Nuneaton-2024-02-10-NU260530_PVR_drop_full__SCNH_PD0000479_5_20260530-BODS_V1_1.xml,11,8
N48-None--SCNH-Nuneaton-2024-02-10-NU260530_PVR_drop_full__SCNH_PD0000479_5_20260530-BODS_V1_1.xml,12,8
N48-None--SCNH-Nuneaton-2024-02-10-NU260530_PVR_drop_full__SCNH_PD0000479_5_20260530-BODS_V1_1.xml,13,8
N48-None--SCNH-Nuneaton-2024-02-10-NU260530_PVR_drop_full__SCNH_PD0000479_5_20260530-BODS_V1_1.xml,14,8
N48-None--SCNH-Nuneaton-2024-02-10-NU260530_PVR_drop_full__SCNH_PD0000479_5_20260530-BODS_V1_1.xml,15,8
N48-None--SCNH-Nuneaton-2024-02-10-NU260530_PVR_drop_full__SCNH_PD0000479_5_20260530-BODS_V1_1.xml,16,6
N48-None--SCNH-Nuneaton-2024-02-10-NU260530_PVR_drop_full__SCNH_PD0000479_5_20260530-BODS_V1_1.xml,17,6
N48-None--SCNH-Nuneaton-2024-02-10-NU260530_PVR_drop_full__SCNH_PD0000479_5_20260530-BODS_V1_1.xml,18,8
N48-None--SCNH-Nuneaton-2024-02-10-NU260530_PVR_drop_full__SCNH_PD0000479_5_20260530-BODS_V1_1.xml,19,6
N48-None--SCNH-Nuneaton-2024-02-10-NU260530_PVR_drop_full__SCNH_PD0000479_5_20260530-BODS_V1_1.xml,21,4
N5-None--SCNH-Nuneaton-2024-02-10-NU260411_BODS__SCNH_PD0000479_183_20260411-BODS_V1_1.xml,5,1
N5-None--SCNH-Nuneaton-2024-02-10-NU260411_BODS__SCNH_PD0000479_183_20260411-BODS_V1_1.xml,6,6
N5-None--SCNH-Nuneaton-2024-02-10-NU260411_BODS__SCNH_PD0000479_183_20260411-BODS_V1_1.xml,7,7
N5-None--SCNH-Nuneaton-2024-02-10-NU260411_BODS__SCNH_PD0000479_183_20260411-BODS_V1_1.xml,8,8
N5-None--SCNH-Nuneaton-2024-02-10-NU260411_BODS__SCNH_PD0000479_183_20260411-BODS_V1_1.xml,9,10
N5-None--SCNH-Nuneaton-2024-02-10-NU260411_BODS__SCNH_PD0000479_183_20260411-BODS_V1_1.xml,10,10
N5-None--SCNH-Nuneaton-2024-02-10-NU260411_BODS__SCNH_PD0000479_183_20260411-BODS_V1_1.xml,11,10
N5-None--SCNH-Nuneaton-2024-02-10-NU260411_BODS__SCNH_PD0000479_183_20260411-BODS_V1_1.xml,12,10
N5-None--SCNH-Nuneaton-2024-02-10-NU260411_BODS__SCNH_PD0000479_183_20260411-BODS_V1_1.xml,13,10
N5-None--SCNH-Nuneaton-2024-02-10-NU260411_BODS__SCNH_PD0000479_183_20260411-BODS_V1_1.xml,14,10
N5-None--SCNH-Nuneaton-2024-02-10-NU260411_BODS__SCNH_PD0000479_183_20260411-BODS_V1_1.xml,15,10
N5-None--SCNH-Nuneaton-2024-02-10-NU260411_BODS__SCNH_PD0000479_183_20260411-BODS_V1_1.xml,16,10
N5-None--SCNH-Nuneaton-2024-02-10-NU260411_BODS__SCNH_PD0000479_183_20260411-BODS_V1_1.xml,17,7
N5-None--SCNH-Nuneaton-2024-02-10-NU260411_BODS__SCNH_PD0000479_183_20260411-BODS_V1_1.xml,18,8
N5-None--SCNH-Nuneaton-2024-02-10-NU260411_BODS__SCNH_PD0000479_183_20260411-BODS_V1_1.xml,19,4
N5-None--SCNH-Nuneaton-2024-02-10-NU260411_BODS__SCNH_PD0000479_183_20260411-BODS_V1_1.xml,20,3
N50-None--SCNH-Northampton_-2024-11-25-SCHEDULE_-_NN260503_v4_bod__SCNH_PF1118394_40_20260503-BODS_V1_1.xml,5,10
N50-None--SCNH-Northampton_-2024-11-25-SCHEDULE_-_NN260503_v4_bod__SCNH_PF1118394_40_20260503-BODS_V1_1.xml,6,3
N50-None--SCNH-Northampton_-2024-11-25-SCHEDULE_-_NN260503_v4_bod__SCNH_PF1118394_40_20260503-BODS_V1_1.xml,7,5
N50-None--SCNH-Northampton_-2024-11-25-SCHEDULE_-_NN260503_v4_bod__SCNH_PF1118394_40_20260503-BODS_V1_1.xml,8,2
N50-None--SCNH-Northampton_-2024-11-25-SCHEDULE_-_NN260503_v4_bod__SCNH_PF1118394_40_20260503-BODS_V1_1.xml,9,2
N50-None--SCNH-Northampton_-2024-11-25-SCHEDULE_-_NN260503_v4_bod__SCNH_PF1118394_40_20260503-BODS_V1_1.xml,10,4
N50-None--SCNH-Northampton_-2024-11-25-SCHEDULE_-_NN260503_v4_bod__SCNH_PF1118394_40_20260503-BODS_V1_1.xml,11,4
N50-None--SCNH-Northampton_-2024-11-25-SCHEDULE_-_NN260503_v4_bod__SCNH_PF1118394_40_20260503-BODS_V1_1.xml,12,3
N50-None--SCNH-Northampton_-2024-11-25-SCHEDULE_-_NN260503_v4_bod__SCNH_PF1118394_40_20260503-BODS_V1_1.xml,13,7
N50-None--SCNH-Northampton_-2024-11-25-SCHEDULE_-_NN260503_v4_bod__SCNH_PF1118394_40_20260503-BODS_V1_1.xml,14,5
N50-None--SCNH-Northampton_-2024-11-25-SCHEDULE_-_NN260503_v4_bod__SCNH_PF1118394_40_20260503-BODS_V1_1.xml,15,2
N50-None--SCNH-Northampton_-2024-11-25-SCHEDULE_-_NN260503_v4_bod__SCNH_PF1118394_40_20260503-BODS_V1_1.xml,16,5
N50-None--SCNH-Northampton_-2024-11-25-SCHEDULE_-_NN260503_v4_bod__SCNH_PF1118394_40_20260503-BODS_V1_1.xml,17,3
N50-None--SCNH-Northampton_-2024-11-25-SCHEDULE_-_NN260503_v4_bod__SCNH_PF1118394_40_20260503-BODS_V1_1.xml,18,5
N50-None--SCNH-Northampton_-2024-11-25-SCHEDULE_-_NN260503_v4_bod__SCNH_PF1118394_40_20260503-BODS_V1_1.xml,19,3
N50-None--SCNH-Northampton_-2024-11-25-SCHEDULE_-_NN260503_v4_bod__SCNH_PF1118394_40_20260503-BODS_V1_1.xml,20,3
N50-None--SCNH-Northampton_-2024-11-25-SCHEDULE_-_NN260503_v4_bod__SCNH_PF1118394_40_20260503-BODS_V1_1.xml,21,6
N50-None--SCNH-Northampton_-2024-11-25-SCHEDULE_-_NN260503_v4_bod__SCNH_PF1118394_40_20260503-BODS_V1_1.xml,22,3
N55-None--SCNH-Nuneaton-2024-02-10-NU260411_BODS__SCNH_PD0000479_147_20260411-BODS_V1_1.xml,5,5
N55-None--SCNH-Nuneaton-2024-02-10-NU260411_BODS__SCNH_PD0000479_147_20260411-BODS_V1_1.xml,6,8
N55-None--SCNH-Nuneaton-2024-02-10-NU260411_BODS__SCNH_PD0000479_147_20260411-BODS_V1_1.xml,7,10
N55-None--SCNH-Nuneaton-2024-02-10-NU260411_BODS__SCNH_PD0000479_147_20260411-BODS_V1_1.xml,8,9
N55-None--SCNH-Nuneaton-2024-02-10-NU260411_BODS__SCNH_PD0000479_147_20260411-BODS_V1_1.xml,9,11
N55-None--SCNH-Nuneaton-2024-02-10-NU260411_BODS__SCNH_PD0000479_147_20260411-BODS_V1_1.xml,10,10
N55-None--SCNH-Nuneaton-2024-02-10-NU260411_BODS__SCNH_PD0000479_147_20260411-BODS_V1_1.xml,11,10
N55-None--SCNH-Nuneaton-2024-02-10-NU260411_BODS__SCNH_PD0000479_147_20260411-BODS_V1_1.xml,12,10
N55-None--SCNH-Nuneaton-2024-02-10-NU260411_BODS__SCNH_PD0000479_147_20260411-BODS_V1_1.xml,13,10
N55-None--SCNH-Nuneaton-2024-02-10-NU260411_BODS__SCNH_PD0000479_147_20260411-BODS_V1_1.xml,14,10
N55-None--SCNH-Nuneaton-2024-02-10-NU260411_BODS__SCNH_PD0000479_147_20260411-BODS_V1_1.xml,15,10
N55-None--SCNH-Nuneaton-2024-02-10-NU260411_BODS__SCNH_PD0000479_147_20260411-BODS_V1_1.xml,16,9
N55-None--SCNH-Nuneaton-2024-02-10-NU260411_BODS__SCNH_PD0000479_147_20260411-BODS_V1_1.xml,17,9
N55-None--SCNH-Nuneaton-2024-02-10-NU260411_BODS__SCNH_PD0000479_147_20260411-BODS_V1_1.xml,18,8
N55-None--SCNH-Nuneaton-2024-02-10-NU260411_BODS__SCNH_PD0000479_147_20260411-BODS_V1_1.xml,19,7
N55-None--SCNH-Nuneaton-2024-02-10-NU260411_BODS__SCNH_PD0000479_147_20260411-BODS_V1_1.xml,20,5
N55-None--SCNH-Nuneaton-2024-02-10-NU260411_BODS__SCNH_PD0000479_147_20260411-BODS_V1_1.xml,21,2
N55-None--SCNH-Nuneaton-2024-02-10-NU260411_BODS__SCNH_PD0000479_147_20260411-BODS_V1_1.xml,22,2
N729-None--SCNH-Nuneaton-2024-02-10-NU260411_BODS__SCNH_PD0000479_252_20260411-BODS_V1_1.xml,15,1
N762-None--SCNH-Nuneaton-2024-02-10-NU260411_BODS__SCNH_PD0000479_273_20260411-BODS_V1_1.xml,9,2
N762-None--SCNH-Nuneaton-2024-02-10-NU260411_BODS__SCNH_PD0000479_273_20260411-BODS_V1_1.xml,10,2
N762-None--SCNH-Nuneaton-2024-02-10-NU260411_BODS__SCNH_PD0000479_273_20260411-BODS_V1_1.xml,12,2
N762-None--SCNH-Nuneaton-2024-02-10-NU260411_BODS__SCNH_PD0000479_273_20260411-BODS_V1_1.xml,13,2
N766-None--SCNH-Nuneaton-2024-02-10-NU260411_BODS__SCNH_PD0000479_275_20260411-BODS_V1_1.xml,3,3
N766-None--SCNH-Nuneaton-2024-02-10-NU260411_BODS__SCNH_PD0000479_275_20260411-BODS_V1_1.xml,4,5
N766-None--SCNH-Nuneaton-2024-02-10-NU260411_BODS__SCNH_PD0000479_275_20260411-BODS_V1_1.xml,5,2
N766-None--SCNH-Nuneaton-2024-02-10-NU260411_BODS__SCNH_PD0000479_275_20260411-BODS_V1_1.xml,6,3
N766-None--SCNH-Nuneaton-2024-02-10-NU260411_BODS__SCNH_PD0000479_275_20260411-BODS_V1_1.xml,7,2
N766-None--SCNH-Nuneaton-2024-02-10-NU260411_BODS__SCNH_PD0000479_275_20260411-BODS_V1_1.xml,13,1
N766-None--SCNH-Nuneaton-2024-02-10-NU260411_BODS__SCNH_PD0000479_275_20260411-BODS_V1_1.xml,14,3
N766-None--SCNH-Nuneaton-2024-02-10-NU260411_BODS__SCNH_PD0000479_275_20260411-BODS_V1_1.xml,15,2
N766-None--SCNH-Nuneaton-2024-02-10-NU260411_BODS__SCNH_PD0000479_275_20260411-BODS_V1_1.xml,16,2
N766-None--SCNH-Nuneaton-2024-02-10-NU260411_BODS__SCNH_PD0000479_275_20260411-BODS_V1_1.xml,17,2
N766-None--SCNH-Nuneaton-2024-02-10-NU260411_BODS__SCNH_PD0000479_275_20260411-BODS_V1_1.xml,19,2
N766-None--SCNH-Nuneaton-2024-02-10-NU260411_BODS__SCNH_PD0000479_275_20260411-BODS_V1_1.xml,20,2
N785-None--SCNH-Nuneaton-2024-02-10-NU260411_BODS__SCNH_PD0000479_259_20260411-BODS_V1_1.xml,9,1
N785-None--SCNH-Nuneaton-2024-02-10-NU260411_BODS__SCNH_PD0000479_259_20260411-BODS_V1_1.xml,11,1
N785-None--SCNH-Nuneaton-2024-02-10-NU260411_BODS__SCNH_PD0000479_259_20260411-BODS_V1_1.xml,13,1
N785-None--SCNH-Nuneaton-2024-02-10-NU260411_BODS__SCNH_PD0000479_259_20260411-BODS_V1_1.xml,15,1
N785-None--SCNH-Nuneaton-2024-02-10-NU260411_BODS__SCNH_PD0000479_259_20260411-BODS_V1_1.xml,17,1
N82-None--SCNH-Northampton_-2024-11-25-SCHEDULE_-_NN260503_v4_bod__SCNH_PF1118394_25_20260503-BODS_V1_1.xml,7,1
N82-None--SCNH-Northampton_-2024-11-25-SCHEDULE_-_NN260503_v4_bod__SCNH_PF1118394_25_20260503-BODS_V1_1.xml,16,1
NN02-None--SCNH-Northampton_-2024-11-25-SCHEDULE_-_NN260503_v4_bo__SCNH_PF1118394_2_20260503-BODS_V1_1.xml,5,2
NN02-None--SCNH-Northampton_-2024-11-25-SCHEDULE_-_NN260503_v4_bo__SCNH_PF1118394_2_20260503-BODS_V1_1.xml,6,8
NN02-None--SCNH-Northampton_-2024-11-25-SCHEDULE_-_NN260503_v4_bo__SCNH_PF1118394_2_20260503-BODS_V1_1.xml,7,14
NN02-None--SCNH-Northampton_-2024-11-25-SCHEDULE_-_NN260503_v4_bo__SCNH_PF1118394_2_20260503-BODS_V1_1.xml,8,15
NN02-None--SCNH-Northampton_-2024-11-25-SCHEDULE_-_NN260503_v4_bo__SCNH_PF1118394_2_20260503-BODS_V1_1.xml,9,20
NN02-None--SCNH-Northampton_-2024-11-25-SCHEDULE_-_NN260503_v4_bo__SCNH_PF1118394_2_20260503-BODS_V1_1.xml,10,20
NN02-None--SCNH-Northampton_-2024-11-25-SCHEDULE_-_NN260503_v4_bo__SCNH_PF1118394_2_20260503-BODS_V1_1.xml,11,20
NN02-None--SCNH-Northampton_-2024-11-25-SCHEDULE_-_NN260503_v4_bo__SCNH_PF1118394_2_20260503-BODS_V1_1.xml,12,20
NN02-None--SCNH-Northampton_-2024-11-25-SCHEDULE_-_NN260503_v4_bo__SCNH_PF1118394_2_20260503-BODS_V1_1.xml,13,20
NN02-None--SCNH-Northampton_-2024-11-25-SCHEDULE_-_NN260503_v4_bo__SCNH_PF1118394_2_20260503-BODS_V1_1.xml,14,20
NN02-None--SCNH-Northampton_-2024-11-25-SCHEDULE_-_NN260503_v4_bo__SCNH_PF1118394_2_20260503-BODS_V1_1.xml,15,17
NN02-None--SCNH-Northampton_-2024-11-25-SCHEDULE_-_NN260503_v4_bo__SCNH_PF1118394_2_20260503-BODS_V1_1.xml,16,18
NN02-None--SCNH-Northampton_-2024-11-25-SCHEDULE_-_NN260503_v4_bo__SCNH_PF1118394_2_20260503-BODS_V1_1.xml,17,17
NN02-None--SCNH-Northampton_-2024-11-25-SCHEDULE_-_NN260503_v4_bo__SCNH_PF1118394_2_20260503-BODS_V1_1.xml,18,12
NN02-None--SCNH-Northampton_-2024-11-25-SCHEDULE_-_NN260503_v4_bo__SCNH_PF1118394_2_20260503-BODS_V1_1.xml,19,8
NN02-None--SCNH-Northampton_-2024-11-25-SCHEDULE_-_NN260503_v4_bo__SCNH_PF1118394_2_20260503-BODS_V1_1.xml,20,8
NN02-None--SCNH-Northampton_-2024-11-25-SCHEDULE_-_NN260503_v4_bo__SCNH_PF1118394_2_20260503-BODS_V1_1.xml,21,8
NN02-None--SCNH-Northampton_-2024-11-25-SCHEDULE_-_NN260503_v4_bo__SCNH_PF1118394_2_20260503-BODS_V1_1.xml,22,8
NN02-None--SCNH-Northampton_-2024-11-25-SCHEDULE_-_NN260503_v4_bo__SCNH_PF1118394_2_20260503-BODS_V1_1.xml,23,5
NN04-None--SCNH-Northampton_-2024-11-25-SCHEDULE_-_NN260503_v4_bo__SCNH_PF1118394_157_20260503-BODS_V1_1.xml,0,2
NN04-None--SCNH-Northampton_-2024-11-25-SCHEDULE_-_NN260503_v4_bo__SCNH_PF1118394_157_20260503-BODS_V1_1.xml,5,5
NN04-None--SCNH-Northampton_-2024-11-25-SCHEDULE_-_NN260503_v4_bo__SCNH_PF1118394_157_20260503-BODS_V1_1.xml,6,13
NN04-None--SCNH-Northampton_-2024-11-25-SCHEDULE_-_NN260503_v4_bo__SCNH_PF1118394_157_20260503-BODS_V1_1.xml,7,12
NN04-None--SCNH-Northampton_-2024-11-25-SCHEDULE_-_NN260503_v4_bo__SCNH_PF1118394_157_20260503-BODS_V1_1.xml,8,13
NN04-None--SCNH-Northampton_-2024-11-25-SCHEDULE_-_NN260503_v4_bo__SCNH_PF1118394_157_20260503-BODS_V1_1.xml,9,19
NN04-None--SCNH-Northampton_-2024-11-25-SCHEDULE_-_NN260503_v4_bo__SCNH_PF1118394_157_20260503-BODS_V1_1.xml,10,18
NN04-None--SCNH-Northampton_-2024-11-25-SCHEDULE_-_NN260503_v4_bo__SCNH_PF1118394_157_20260503-BODS_V1_1.xml,11,18
NN04-None--SCNH-Northampton_-2024-11-25-SCHEDULE_-_NN260503_v4_bo__SCNH_PF1118394_157_20260503-BODS_V1_1.xml,12,18
NN04-None--SCNH-Northampton_-2024-11-25-SCHEDULE_-_NN260503_v4_bo__SCNH_PF1118394_157_20260503-BODS_V1_1.xml,13,17
NN04-None--SCNH-Northampton_-2024-11-25-SCHEDULE_-_NN260503_v4_bo__SCNH_PF1118394_157_20260503-BODS_V1_1.xml,14,17
NN04-None--SCNH-Northampton_-2024-11-25-SCHEDULE_-_NN260503_v4_bo__SCNH_PF1118394_157_20260503-BODS_V1_1.xml,15,18
NN04-None--SCNH-Northampton_-2024-11-25-SCHEDULE_-_NN260503_v4_bo__SCNH_PF1118394_157_20260503-BODS_V1_1.xml,16,17
NN04-None--SCNH-Northampton_-2024-11-25-SCHEDULE_-_NN260503_v4_bo__SCNH_PF1118394_157_20260503-BODS_V1_1.xml,17,18
NN04-None--SCNH-Northampton_-2024-11-25-SCHEDULE_-_NN260503_v4_bo__SCNH_PF1118394_157_20260503-BODS_V1_1.xml,18,16
NN04-None--SCNH-Northampton_-2024-11-25-SCHEDULE_-_NN260503_v4_bo__SCNH_PF1118394_157_20260503-BODS_V1_1.xml,19,16
NN04-None--SCNH-Northampton_-2024-11-25-SCHEDULE_-_NN260503_v4_bo__SCNH_PF1118394_157_20260503-BODS_V1_1.xml,20,10
NN04-None--SCNH-Northampton_-2024-11-25-SCHEDULE_-_NN260503_v4_bo__SCNH_PF1118394_157_20260503-BODS_V1_1.xml,21,8
NN04-None--SCNH-Northampton_-2024-11-25-SCHEDULE_-_NN260503_v4_bo__SCNH_PF1118394_157_20260503-BODS_V1_1.xml,22,8
NN04-None--SCNH-Northampton_-2024-11-25-SCHEDULE_-_NN260503_v4_bo__SCNH_PF1118394_157_20260503-BODS_V1_1.xml,23,8
NN06-None--SCNH-Northampton_-2024-11-25-SCHEDULE_-_NN260503_v4_bo__SCNH_PF1118394_158_20260503-BODS_V1_1.xml,5,1
NN06-None--SCNH-Northampton_-2024-11-25-SCHEDULE_-_NN260503_v4_bo__SCNH_PF1118394_158_20260503-BODS_V1_1.xml,6,3
NN06-None--SCNH-Northampton_-2024-11-25-SCHEDULE_-_NN260503_v4_bo__SCNH_PF1118394_158_20260503-BODS_V1_1.xml,7,11
NN06-None--SCNH-Northampton_-2024-11-25-SCHEDULE_-_NN260503_v4_bo__SCNH_PF1118394_158_20260503-BODS_V1_1.xml,8,10
NN06-None--SCNH-Northampton_-2024-11-25-SCHEDULE_-_NN260503_v4_bo__SCNH_PF1118394_158_20260503-BODS_V1_1.xml,9,14
NN06-None--SCNH-Northampton_-2024-11-25-SCHEDULE_-_NN260503_v4_bo__SCNH_PF1118394_158_20260503-BODS_V1_1.xml,10,16
NN06-None--SCNH-Northampton_-2024-11-25-SCHEDULE_-_NN260503_v4_bo__SCNH_PF1118394_158_20260503-BODS_V1_1.xml,11,16
NN06-None--SCNH-Northampton_-2024-11-25-SCHEDULE_-_NN260503_v4_bo__SCNH_PF1118394_158_20260503-BODS_V1_1.xml,12,16
NN06-None--SCNH-Northampton_-2024-11-25-SCHEDULE_-_NN260503_v4_bo__SCNH_PF1118394_158_20260503-BODS_V1_1.xml,13,16
NN06-None--SCNH-Northampton_-2024-11-25-SCHEDULE_-_NN260503_v4_bo__SCNH_PF1118394_158_20260503-BODS_V1_1.xml,14,16
NN06-None--SCNH-Northampton_-2024-11-25-SCHEDULE_-_NN260503_v4_bo__SCNH_PF1118394_158_20260503-BODS_V1_1.xml,15,16
NN06-None--SCNH-Northampton_-2024-11-25-SCHEDULE_-_NN260503_v4_bo__SCNH_PF1118394_158_20260503-BODS_V1_1.xml,16,16
NN06-None--SCNH-Northampton_-2024-11-25-SCHEDULE_-_NN260503_v4_bo__SCNH_PF1118394_158_20260503-BODS_V1_1.xml,17,16
NN06-None--SCNH-Northampton_-2024-11-25-SCHEDULE_-_NN260503_v4_bo__SCNH_PF1118394_158_20260503-BODS_V1_1.xml,18,12
NN06-None--SCNH-Northampton_-2024-11-25-SCHEDULE_-_NN260503_v4_bo__SCNH_PF1118394_158_20260503-BODS_V1_1.xml,19,10
NN06-None--SCNH-Northampton_-2024-11-25-SCHEDULE_-_NN260503_v4_bo__SCNH_PF1118394_158_20260503-BODS_V1_1.xml,20,8
NN06-None--SCNH-Northampton_-2024-11-25-SCHEDULE_-_NN260503_v4_bo__SCNH_PF1118394_158_20260503-BODS_V1_1.xml,21,2
PR-None--SCNH-Leamington-2024-10-07-LS260502__SCNH_PD0000479_362_20260502-BODS_V1_1.xml,7,4
PR-None--SCNH-Leamington-2024-10-07-LS260502__SCNH_PD0000479_362_20260502-BODS_V1_1.xml,8,12
PR-None--SCNH-Leamington-2024-10-07-LS260502__SCNH_PD0000479_362_20260502-BODS_V1_1.xml,9,21
PR-None--SCNH-Leamington-2024-10-07-LS260502__SCNH_PD0000479_362_20260502-BODS_V1_1.xml,10,28
PR-None--SCNH-Leamington-2024-10-07-LS260502__SCNH_PD0000479_362_20260502-BODS_V1_1.xml,11,31
PR-None--SCNH-Leamington-2024-10-07-LS260502__SCNH_PD0000479_362_20260502-BODS_V1_1.xml,12,28
PR-None--SCNH-Leamington-2024-10-07-LS260502__SCNH_PD0000479_362_20260502-BODS_V1_1.xml,13,26
PR-None--SCNH-Leamington-2024-10-07-LS260502__SCNH_PD0000479_362_20260502-BODS_V1_1.xml,14,26
PR-None--SCNH-Leamington-2024-10-07-LS260502__SCNH_PD0000479_362_20260502-BODS_V1_1.xml,15,20
PR-None--SCNH-Leamington-2024-10-07-LS260502__SCNH_PD0000479_362_20260502-BODS_V1_1.xml,16,30
PR-None--SCNH-Leamington-2024-10-07-LS260502__SCNH_PD0000479_362_20260502-BODS_V1_1.xml,17,32
PR-None--SCNH-Leamington-2024-10-07-LS260502__SCNH_PD0000479_362_20260502-BODS_V1_1.xml,18,20
PR-None--SCNH-Leamington-2024-10-07-LS260502__SCNH_PD0000479_362_20260502-BODS_V1_1.xml,19,3
PR-None--SCNH-Leamington-2024-10-07-LS260502__SCNH_PD0000479_362_20260509-BODS_V1_1.xml,7,4
PR-None--SCNH-Leamington-2024-10-07-LS260502__SCNH_PD0000479_362_20260509-BODS_V1_1.xml,8,12
PR-None--SCNH-Leamington-2024-10-07-LS260502__SCNH_PD0000479_362_20260509-BODS_V1_1.xml,9,21
PR-None--SCNH-Leamington-2024-10-07-LS260502__SCNH_PD0000479_362_20260509-BODS_V1_1.xml,10,28
PR-None--SCNH-Leamington-2024-10-07-LS260502__SCNH_PD0000479_362_20260509-BODS_V1_1.xml,11,31
PR-None--SCNH-Leamington-2024-10-07-LS260502__SCNH_PD0000479_362_20260509-BODS_V1_1.xml,12,28
PR-None--SCNH-Leamington-2024-10-07-LS260502__SCNH_PD0000479_362_20260509-BODS_V1_1.xml,13,26
PR-None--SCNH-Leamington-2024-10-07-LS260502__SCNH_PD0000479_362_20260509-BODS_V1_1.xml,14,26
PR-None--SCNH-Leamington-2024-10-07-LS260502__SCNH_PD0000479_362_20260509-BODS_V1_1.xml,15,20
PR-None--SCNH-Leamington-2024-10-07-LS260502__SCNH_PD0000479_362_20260509-BODS_V1_1.xml,16,30
PR-None--SCNH-Leamington-2024-10-07-LS260502__SCNH_PD0000479_362_20260509-BODS_V1_1.xml,17,32
PR-None--SCNH-Leamington-2024-10-07-LS260502__SCNH_PD0000479_362_20260509-BODS_V1_1.xml,18,20
PR-None--SCNH-Leamington-2024-10-07-LS260502__SCNH_PD0000479_362_20260509-BODS_V1_1.xml,19,3
R01-None--SCNH-Rugby-2024-01-06-RU260411_-_Easter_Changes_BODS__SCNH_PD0000479_339_20260411-BODS_V1_1.xml,4,2
R01-None--SCNH-Rugby-2024-01-06-RU260411_-_Easter_Changes_BODS__SCNH_PD0000479_339_20260411-BODS_V1_1.xml,5,2
R01-None--SCNH-Rugby-2024-01-06-RU260411_-_Easter_Changes_BODS__SCNH_PD0000479_339_20260411-BODS_V1_1.xml,6,7
R01-None--SCNH-Rugby-2024-01-06-RU260411_-_Easter_Changes_BODS__SCNH_PD0000479_339_20260411-BODS_V1_1.xml,7,9
R01-None--SCNH-Rugby-2024-01-06-RU260411_-_Easter_Changes_BODS__SCNH_PD0000479_339_20260411-BODS_V1_1.xml,8,8
R01-None--SCNH-Rugby-2024-01-06-RU260411_-_Easter_Changes_BODS__SCNH_PD0000479_339_20260411-BODS_V1_1.xml,9,14
R01-None--SCNH-Rugby-2024-01-06-RU260411_-_Easter_Changes_BODS__SCNH_PD0000479_339_20260411-BODS_V1_1.xml,10,12
R01-None--SCNH-Rugby-2024-01-06-RU260411_-_Easter_Changes_BODS__SCNH_PD0000479_339_20260411-BODS_V1_1.xml,11,12
R01-None--SCNH-Rugby-2024-01-06-RU260411_-_Easter_Changes_BODS__SCNH_PD0000479_339_20260411-BODS_V1_1.xml,12,12
R01-None--SCNH-Rugby-2024-01-06-RU260411_-_Easter_Changes_BODS__SCNH_PD0000479_339_20260411-BODS_V1_1.xml,13,12
R01-None--SCNH-Rugby-2024-01-06-RU260411_-_Easter_Changes_BODS__SCNH_PD0000479_339_20260411-BODS_V1_1.xml,14,12
R01-None--SCNH-Rugby-2024-01-06-RU260411_-_Easter_Changes_BODS__SCNH_PD0000479_339_20260411-BODS_V1_1.xml,15,11
R01-None--SCNH-Rugby-2024-01-06-RU260411_-_Easter_Changes_BODS__SCNH_PD0000479_339_20260411-BODS_V1_1.xml,16,13
R01-None--SCNH-Rugby-2024-01-06-RU260411_-_Easter_Changes_BODS__SCNH_PD0000479_339_20260411-BODS_V1_1.xml,17,9
R01-None--SCNH-Rugby-2024-01-06-RU260411_-_Easter_Changes_BODS__SCNH_PD0000479_339_20260411-BODS_V1_1.xml,18,6
R01-None--SCNH-Rugby-2024-01-06-RU260411_-_Easter_Changes_BODS__SCNH_PD0000479_339_20260411-BODS_V1_1.xml,19,9
R01-None--SCNH-Rugby-2024-01-06-RU260509_D__SCNH_PD0000479_339_20260507-BODS_V1_1.xml,4,2
R01-None--SCNH-Rugby-2024-01-06-RU260509_D__SCNH_PD0000479_339_20260507-BODS_V1_1.xml,5,2
R01-None--SCNH-Rugby-2024-01-06-RU260509_D__SCNH_PD0000479_339_20260507-BODS_V1_1.xml,6,7
R01-None--SCNH-Rugby-2024-01-06-RU260509_D__SCNH_PD0000479_339_20260507-BODS_V1_1.xml,7,9
R01-None--SCNH-Rugby-2024-01-06-RU260509_D__SCNH_PD0000479_339_20260507-BODS_V1_1.xml,8,8
R01-None--SCNH-Rugby-2024-01-06-RU260509_D__SCNH_PD0000479_339_20260507-BODS_V1_1.xml,9,14
R01-None--SCNH-Rugby-2024-01-06-RU260509_D__SCNH_PD0000479_339_20260507-BODS_V1_1.xml,10,12
R01-None--SCNH-Rugby-2024-01-06-RU260509_D__SCNH_PD0000479_339_20260507-BODS_V1_1.xml,11,12
R01-None--SCNH-Rugby-2024-01-06-RU260509_D__SCNH_PD0000479_339_20260507-BODS_V1_1.xml,12,12
R01-None--SCNH-Rugby-2024-01-06-RU260509_D__SCNH_PD0000479_339_20260507-BODS_V1_1.xml,13,12
R01-None--SCNH-Rugby-2024-01-06-RU260509_D__SCNH_PD0000479_339_20260507-BODS_V1_1.xml,14,12
R01-None--SCNH-Rugby-2024-01-06-RU260509_D__SCNH_PD0000479_339_20260507-BODS_V1_1.xml,15,11
R01-None--SCNH-Rugby-2024-01-06-RU260509_D__SCNH_PD0000479_339_20260507-BODS_V1_1.xml,16,13
R01-None--SCNH-Rugby-2024-01-06-RU260509_D__SCNH_PD0000479_339_20260507-BODS_V1_1.xml,17,9
R01-None--SCNH-Rugby-2024-01-06-RU260509_D__SCNH_PD0000479_339_20260507-BODS_V1_1.xml,18,6
R01-None--SCNH-Rugby-2024-01-06-RU260509_D__SCNH_PD0000479_339_20260507-BODS_V1_1.xml,19,9
R01-None--SCNH-Rugby-2024-01-06-RU260509_D__SCNH_PD0000479_339_20260509-BODS_V1_1.xml,4,2
R01-None--SCNH-Rugby-2024-01-06-RU260509_D__SCNH_PD0000479_339_20260509-BODS_V1_1.xml,5,2
R01-None--SCNH-Rugby-2024-01-06-RU260509_D__SCNH_PD0000479_339_20260509-BODS_V1_1.xml,6,7
R01-None--SCNH-Rugby-2024-01-06-RU260509_D__SCNH_PD0000479_339_20260509-BODS_V1_1.xml,7,9
R01-None--SCNH-Rugby-2024-01-06-RU260509_D__SCNH_PD0000479_339_20260509-BODS_V1_1.xml,8,8
R01-None--SCNH-Rugby-2024-01-06-RU260509_D__SCNH_PD0000479_339_20260509-BODS_V1_1.xml,9,14
R01-None--SCNH-Rugby-2024-01-06-RU260509_D__SCNH_PD0000479_339_20260509-BODS_V1_1.xml,10,12
R01-None--SCNH-Rugby-2024-01-06-RU260509_D__SCNH_PD0000479_339_20260509-BODS_V1_1.xml,11,12
R01-None--SCNH-Rugby-2024-01-06-RU260509_D__SCNH_PD0000479_339_20260509-BODS_V1_1.xml,12,12
R01-None--SCNH-Rugby-2024-01-06-RU260509_D__SCNH_PD0000479_339_20260509-BODS_V1_1.xml,13,12
R01-None--SCNH-Rugby-2024-01-06-RU260509_D__SCNH_PD0000479_339_20260509-BODS_V1_1.xml,14,12
R01-None--SCNH-Rugby-2024-01-06-RU260509_D__SCNH_PD0000479_339_20260509-BODS_V1_1.xml,15,11
R01-None--SCNH-Rugby-2024-01-06-RU260509_D__SCNH_PD0000479_339_20260509-BODS_V1_1.xml,16,13
R01-None--SCNH-Rugby-2024-01-06-RU260509_D__SCNH_PD0000479_339_20260509-BODS_V1_1.xml,17,9
R01-None--SCNH-Rugby-2024-01-06-RU260509_D__SCNH_PD0000479_339_20260509-BODS_V1_1.xml,18,6
R01-None--SCNH-Rugby-2024-01-06-RU260509_D__SCNH_PD0000479_339_20260509-BODS_V1_1.xml,19,9
R1-None--SCNH-Rugby-2024-01-06-RU260411_-_Easter_Changes_BODS__SCNH_PD0000479_39_20260411-BODS_V1_1.xml,8,1
R1-None--SCNH-Rugby-2024-01-06-RU260411_-_Easter_Changes_BODS__SCNH_PD0000479_39_20260411-BODS_V1_1.xml,15,1
R1-None--SCNH-Rugby-2024-01-06-RU260509_D__SCNH_PD0000479_39_20260507-BODS_V1_1.xml,8,1
R1-None--SCNH-Rugby-2024-01-06-RU260509_D__SCNH_PD0000479_39_20260507-BODS_V1_1.xml,15,1
R1-None--SCNH-Rugby-2024-01-06-RU260509_D__SCNH_PD0000479_39_20260509-BODS_V1_1.xml,8,1
R1-None--SCNH-Rugby-2024-01-06-RU260509_D__SCNH_PD0000479_39_20260509-BODS_V1_1.xml,15,1
R10-None--SCNH-Rugby-2024-01-06-RU260411_-_Easter_Changes_BODS__SCNH_PD0000479_226_20260411-BODS_V1_1.xml,4,1
R10-None--SCNH-Rugby-2024-01-06-RU260411_-_Easter_Changes_BODS__SCNH_PD0000479_226_20260411-BODS_V1_1.xml,5,6
R10-None--SCNH-Rugby-2024-01-06-RU260411_-_Easter_Changes_BODS__SCNH_PD0000479_226_20260411-BODS_V1_1.xml,6,6
R10-None--SCNH-Rugby-2024-01-06-RU260411_-_Easter_Changes_BODS__SCNH_PD0000479_226_20260411-BODS_V1_1.xml,7,5
R10-None--SCNH-Rugby-2024-01-06-RU260411_-_Easter_Changes_BODS__SCNH_PD0000479_226_20260411-BODS_V1_1.xml,8,4
R10-None--SCNH-Rugby-2024-01-06-RU260411_-_Easter_Changes_BODS__SCNH_PD0000479_226_20260411-BODS_V1_1.xml,9,5
R10-None--SCNH-Rugby-2024-01-06-RU260411_-_Easter_Changes_BODS__SCNH_PD0000479_226_20260411-BODS_V1_1.xml,10,6
R10-None--SCNH-Rugby-2024-01-06-RU260411_-_Easter_Changes_BODS__SCNH_PD0000479_226_20260411-BODS_V1_1.xml,11,2
R10-None--SCNH-Rugby-2024-01-06-RU260411_-_Easter_Changes_BODS__SCNH_PD0000479_226_20260411-BODS_V1_1.xml,12,5
R10-None--SCNH-Rugby-2024-01-06-RU260411_-_Easter_Changes_BODS__SCNH_PD0000479_226_20260411-BODS_V1_1.xml,13,4
R10-None--SCNH-Rugby-2024-01-06-RU260411_-_Easter_Changes_BODS__SCNH_PD0000479_226_20260411-BODS_V1_1.xml,14,5
R10-None--SCNH-Rugby-2024-01-06-RU260411_-_Easter_Changes_BODS__SCNH_PD0000479_226_20260411-BODS_V1_1.xml,15,4
R10-None--SCNH-Rugby-2024-01-06-RU260411_-_Easter_Changes_BODS__SCNH_PD0000479_226_20260411-BODS_V1_1.xml,16,4
R10-None--SCNH-Rugby-2024-01-06-RU260411_-_Easter_Changes_BODS__SCNH_PD0000479_226_20260411-BODS_V1_1.xml,17,4
R10-None--SCNH-Rugby-2024-01-06-RU260411_-_Easter_Changes_BODS__SCNH_PD0000479_226_20260411-BODS_V1_1.xml,18,4
R10-None--SCNH-Rugby-2024-01-06-RU260411_-_Easter_Changes_BODS__SCNH_PD0000479_226_20260411-BODS_V1_1.xml,19,3
R10-None--SCNH-Rugby-2024-01-06-RU260411_-_Easter_Changes_BODS__SCNH_PD0000479_226_20260411-BODS_V1_1.xml,20,4
R10-None--SCNH-Rugby-2024-01-06-RU260411_-_Easter_Changes_BODS__SCNH_PD0000479_226_20260411-BODS_V1_1.xml,21,5
R10-None--SCNH-Rugby-2024-01-06-RU260411_-_Easter_Changes_BODS__SCNH_PD0000479_226_20260411-BODS_V1_1.xml,22,5
R10-None--SCNH-Rugby-2024-01-06-RU260411_-_Easter_Changes_BODS__SCNH_PD0000479_226_20260411-BODS_V1_1.xml,23,2
R10-None--SCNH-Rugby-2024-01-06-RU260509_D__SCNH_PD0000479_226_20260507-BODS_V1_1.xml,4,1
R10-None--SCNH-Rugby-2024-01-06-RU260509_D__SCNH_PD0000479_226_20260507-BODS_V1_1.xml,5,6
R10-None--SCNH-Rugby-2024-01-06-RU260509_D__SCNH_PD0000479_226_20260507-BODS_V1_1.xml,6,6
R10-None--SCNH-Rugby-2024-01-06-RU260509_D__SCNH_PD0000479_226_20260507-BODS_V1_1.xml,7,5
R10-None--SCNH-Rugby-2024-01-06-RU260509_D__SCNH_PD0000479_226_20260507-BODS_V1_1.xml,8,4
R10-None--SCNH-Rugby-2024-01-06-RU260509_D__SCNH_PD0000479_226_20260507-BODS_V1_1.xml,9,5
R10-None--SCNH-Rugby-2024-01-06-RU260509_D__SCNH_PD0000479_226_20260507-BODS_V1_1.xml,10,6
R10-None--SCNH-Rugby-2024-01-06-RU260509_D__SCNH_PD0000479_226_20260507-BODS_V1_1.xml,11,2
R10-None--SCNH-Rugby-2024-01-06-RU260509_D__SCNH_PD0000479_226_20260507-BODS_V1_1.xml,12,5
R10-None--SCNH-Rugby-2024-01-06-RU260509_D__SCNH_PD0000479_226_20260507-BODS_V1_1.xml,13,4
R10-None--SCNH-Rugby-2024-01-06-RU260509_D__SCNH_PD0000479_226_20260507-BODS_V1_1.xml,14,5
R10-None--SCNH-Rugby-2024-01-06-RU260509_D__SCNH_PD0000479_226_20260507-BODS_V1_1.xml,15,4
R10-None--SCNH-Rugby-2024-01-06-RU260509_D__SCNH_PD0000479_226_20260507-BODS_V1_1.xml,16,4
R10-None--SCNH-Rugby-2024-01-06-RU260509_D__SCNH_PD0000479_226_20260507-BODS_V1_1.xml,17,4
R10-None--SCNH-Rugby-2024-01-06-RU260509_D__SCNH_PD0000479_226_20260507-BODS_V1_1.xml,18,4
R10-None--SCNH-Rugby-2024-01-06-RU260509_D__SCNH_PD0000479_226_20260507-BODS_V1_1.xml,19,3
R10-None--SCNH-Rugby-2024-01-06-RU260509_D__SCNH_PD0000479_226_20260507-BODS_V1_1.xml,20,4
R10-None--SCNH-Rugby-2024-01-06-RU260509_D__SCNH_PD0000479_226_20260507-BODS_V1_1.xml,21,5
R10-None--SCNH-Rugby-2024-01-06-RU260509_D__SCNH_PD0000479_226_20260507-BODS_V1_1.xml,22,5
R10-None--SCNH-Rugby-2024-01-06-RU260509_D__SCNH_PD0000479_226_20260507-BODS_V1_1.xml,23,2
R10-None--SCNH-Rugby-2024-01-06-RU260509_D__SCNH_PD0000479_226_20260509-BODS_V1_1.xml,4,1
R10-None--SCNH-Rugby-2024-01-06-RU260509_D__SCNH_PD0000479_226_20260509-BODS_V1_1.xml,5,6
R10-None--SCNH-Rugby-2024-01-06-RU260509_D__SCNH_PD0000479_226_20260509-BODS_V1_1.xml,6,6
R10-None--SCNH-Rugby-2024-01-06-RU260509_D__SCNH_PD0000479_226_20260509-BODS_V1_1.xml,7,5
R10-None--SCNH-Rugby-2024-01-06-RU260509_D__SCNH_PD0000479_226_20260509-BODS_V1_1.xml,8,4
R10-None--SCNH-Rugby-2024-01-06-RU260509_D__SCNH_PD0000479_226_20260509-BODS_V1_1.xml,9,5
R10-None--SCNH-Rugby-2024-01-06-RU260509_D__SCNH_PD0000479_226_20260509-BODS_V1_1.xml,10,6
R10-None--SCNH-Rugby-2024-01-06-RU260509_D__SCNH_PD0000479_226_20260509-BODS_V1_1.xml,11,2
R10-None--SCNH-Rugby-2024-01-06-RU260509_D__SCNH_PD0000479_226_20260509-BODS_V1_1.xml,12,5
R10-None--SCNH-Rugby-2024-01-06-RU260509_D__SCNH_PD0000479_226_20260509-BODS_V1_1.xml,13,4
R10-None--SCNH-Rugby-2024-01-06-RU260509_D__SCNH_PD0000479_226_20260509-BODS_V1_1.xml,14,5
R10-None--SCNH-Rugby-2024-01-06-RU260509_D__SCNH_PD0000479_226_20260509-BODS_V1_1.xml,15,4
R10-None--SCNH-Rugby-2024-01-06-RU260509_D__SCNH_PD0000479_226_20260509-BODS_V1_1.xml,16,4
R10-None--SCNH-Rugby-2024-01-06-RU260509_D__SCNH_PD0000479_226_20260509-BODS_V1_1.xml,17,4
R10-None--SCNH-Rugby-2024-01-06-RU260509_D__SCNH_PD0000479_226_20260509-BODS_V1_1.xml,18,4
R10-None--SCNH-Rugby-2024-01-06-RU260509_D__SCNH_PD0000479_226_20260509-BODS_V1_1.xml,19,3
R10-None--SCNH-Rugby-2024-01-06-RU260509_D__SCNH_PD0000479_226_20260509-BODS_V1_1.xml,20,4
R10-None--SCNH-Rugby-2024-01-06-RU260509_D__SCNH_PD0000479_226_20260509-BODS_V1_1.xml,21,5
R10-None--SCNH-Rugby-2024-01-06-RU260509_D__SCNH_PD0000479_226_20260509-BODS_V1_1.xml,22,5
R10-None--SCNH-Rugby-2024-01-06-RU260509_D__SCNH_PD0000479_226_20260509-BODS_V1_1.xml,23,2
R24-None--SCNH-Rugby-2024-01-06-RU260411_-_Easter_Changes_BODS__SCNH_PD0000479_434_20260411-BODS_V1_1.xml,8,2
R24-None--SCNH-Rugby-2024-01-06-RU260411_-_Easter_Changes_BODS__SCNH_PD0000479_434_20260411-BODS_V1_1.xml,9,2
R24-None--SCNH-Rugby-2024-01-06-RU260411_-_Easter_Changes_BODS__SCNH_PD0000479_434_20260411-BODS_V1_1.xml,10,2
R24-None--SCNH-Rugby-2024-01-06-RU260411_-_Easter_Changes_BODS__SCNH_PD0000479_434_20260411-BODS_V1_1.xml,11,2
R24-None--SCNH-Rugby-2024-01-06-RU260411_-_Easter_Changes_BODS__SCNH_PD0000479_434_20260411-BODS_V1_1.xml,13,2
R24-None--SCNH-Rugby-2024-01-06-RU260411_-_Easter_Changes_BODS__SCNH_PD0000479_434_20260411-BODS_V1_1.xml,14,2
R24-None--SCNH-Rugby-2024-01-06-RU260411_-_Easter_Changes_BODS__SCNH_PD0000479_434_20260411-BODS_V1_1.xml,15,2
R24-None--SCNH-Rugby-2024-01-06-RU260509_D__SCNH_PD0000479_434_20260507-BODS_V1_1.xml,8,2
R24-None--SCNH-Rugby-2024-01-06-RU260509_D__SCNH_PD0000479_434_20260507-BODS_V1_1.xml,9,2
R24-None--SCNH-Rugby-2024-01-06-RU260509_D__SCNH_PD0000479_434_20260507-BODS_V1_1.xml,10,2
R24-None--SCNH-Rugby-2024-01-06-RU260509_D__SCNH_PD0000479_434_20260507-BODS_V1_1.xml,11,2
R24-None--SCNH-Rugby-2024-01-06-RU260509_D__SCNH_PD0000479_434_20260507-BODS_V1_1.xml,13,2
R24-None--SCNH-Rugby-2024-01-06-RU260509_D__SCNH_PD0000479_434_20260507-BODS_V1_1.xml,14,2
R24-None--SCNH-Rugby-2024-01-06-RU260509_D__SCNH_PD0000479_434_20260507-BODS_V1_1.xml,15,2
R24-None--SCNH-Rugby-2024-01-06-RU260509_D__SCNH_PD0000479_434_20260509-BODS_V1_1.xml,8,2
R24-None--SCNH-Rugby-2024-01-06-RU260509_D__SCNH_PD0000479_434_20260509-BODS_V1_1.xml,9,2
R24-None--SCNH-Rugby-2024-01-06-RU260509_D__SCNH_PD0000479_434_20260509-BODS_V1_1.xml,10,2
R24-None--SCNH-Rugby-2024-01-06-RU260509_D__SCNH_PD0000479_434_20260509-BODS_V1_1.xml,11,2
R24-None--SCNH-Rugby-2024-01-06-RU260509_D__SCNH_PD0000479_434_20260509-BODS_V1_1.xml,13,2
R24-None--SCNH-Rugby-2024-01-06-RU260509_D__SCNH_PD0000479_434_20260509-BODS_V1_1.xml,14,2
R24-None--SCNH-Rugby-2024-01-06-RU260509_D__SCNH_PD0000479_434_20260509-BODS_V1_1.xml,15,2
R25-None--SCNH-Rugby-2024-01-06-RU260411_-_Easter_Changes_BODS__SCNH_PD0000479_435_20260411-BODS_V1_1.xml,6,4
R25-None--SCNH-Rugby-2024-01-06-RU260411_-_Easter_Changes_BODS__SCNH_PD0000479_435_20260411-BODS_V1_1.xml,8,2
R25-None--SCNH-Rugby-2024-01-06-RU260411_-_Easter_Changes_BODS__SCNH_PD0000479_435_20260411-BODS_V1_1.xml,10,2
R25-None--SCNH-Rugby-2024-01-06-RU260411_-_Easter_Changes_BODS__SCNH_PD0000479_435_20260411-BODS_V1_1.xml,11,2
R25-None--SCNH-Rugby-2024-01-06-RU260411_-_Easter_Changes_BODS__SCNH_PD0000479_435_20260411-BODS_V1_1.xml,12,2
R25-None--SCNH-Rugby-2024-01-06-RU260411_-_Easter_Changes_BODS__SCNH_PD0000479_435_20260411-BODS_V1_1.xml,13,2
R25-None--SCNH-Rugby-2024-01-06-RU260411_-_Easter_Changes_BODS__SCNH_PD0000479_435_20260411-BODS_V1_1.xml,14,2
R25-None--SCNH-Rugby-2024-01-06-RU260411_-_Easter_Changes_BODS__SCNH_PD0000479_435_20260411-BODS_V1_1.xml,15,1
R25-None--SCNH-Rugby-2024-01-06-RU260411_-_Easter_Changes_BODS__SCNH_PD0000479_435_20260411-BODS_V1_1.xml,16,3
R25-None--SCNH-Rugby-2024-01-06-RU260411_-_Easter_Changes_BODS__SCNH_PD0000479_435_20260411-BODS_V1_1.xml,17,2
R25-None--SCNH-Rugby-2024-01-06-RU260411_-_Easter_Changes_BODS__SCNH_PD0000479_435_20260411-BODS_V1_1.xml,18,2
R25-None--SCNH-Rugby-2024-01-06-RU260509_D__SCNH_PD0000479_435_20260507-BODS_V1_1.xml,6,4
R25-None--SCNH-Rugby-2024-01-06-RU260509_D__SCNH_PD0000479_435_20260507-BODS_V1_1.xml,8,2
R25-None--SCNH-Rugby-2024-01-06-RU260509_D__SCNH_PD0000479_435_20260507-BODS_V1_1.xml,10,2
R25-None--SCNH-Rugby-2024-01-06-RU260509_D__SCNH_PD0000479_435_20260507-BODS_V1_1.xml,11,2
R25-None--SCNH-Rugby-2024-01-06-RU260509_D__SCNH_PD0000479_435_20260507-BODS_V1_1.xml,12,2
R25-None--SCNH-Rugby-2024-01-06-RU260509_D__SCNH_PD0000479_435_20260507-BODS_V1_1.xml,13,2
R25-None--SCNH-Rugby-2024-01-06-RU260509_D__SCNH_PD0000479_435_20260507-BODS_V1_1.xml,14,2
R25-None--SCNH-Rugby-2024-01-06-RU260509_D__SCNH_PD0000479_435_20260507-BODS_V1_1.xml,15,1
R25-None--SCNH-Rugby-2024-01-06-RU260509_D__SCNH_PD0000479_435_20260507-BODS_V1_1.xml,16,3
R25-None--SCNH-Rugby-2024-01-06-RU260509_D__SCNH_PD0000479_435_20260507-BODS_V1_1.xml,17,2
R25-None--SCNH-Rugby-2024-01-06-RU260509_D__SCNH_PD0000479_435_20260507-BODS_V1_1.xml,18,2
R25-None--SCNH-Rugby-2024-01-06-RU260509_D__SCNH_PD0000479_435_20260509-BODS_V1_1.xml,6,4
R25-None--SCNH-Rugby-2024-01-06-RU260509_D__SCNH_PD0000479_435_20260509-BODS_V1_1.xml,8,2
R25-None--SCNH-Rugby-2024-01-06-RU260509_D__SCNH_PD0000479_435_20260509-BODS_V1_1.xml,10,2
R25-None--SCNH-Rugby-2024-01-06-RU260509_D__SCNH_PD0000479_435_20260509-BODS_V1_1.xml,11,2
R25-None--SCNH-Rugby-2024-01-06-RU260509_D__SCNH_PD0000479_435_20260509-BODS_V1_1.xml,12,2
R25-None--SCNH-Rugby-2024-01-06-RU260509_D__SCNH_PD0000479_435_20260509-BODS_V1_1.xml,13,2
R25-None--SCNH-Rugby-2024-01-06-RU260509_D__SCNH_PD0000479_435_20260509-BODS_V1_1.xml,14,2
R25-None--SCNH-Rugby-2024-01-06-RU260509_D__SCNH_PD0000479_435_20260509-BODS_V1_1.xml,15,1
R25-None--SCNH-Rugby-2024-01-06-RU260509_D__SCNH_PD0000479_435_20260509-BODS_V1_1.xml,16,3
R25-None--SCNH-Rugby-2024-01-06-RU260509_D__SCNH_PD0000479_435_20260509-BODS_V1_1.xml,17,2
R25-None--SCNH-Rugby-2024-01-06-RU260509_D__SCNH_PD0000479_435_20260509-BODS_V1_1.xml,18,2
R2A-None--SCNH-Rugby-2024-01-06-RU260411_-_Easter_Changes_BODS__SCNH_PD0000479_419_20260411-BODS_V1_1.xml,20,6
R2A-None--SCNH-Rugby-2024-01-06-RU260411_-_Easter_Changes_BODS__SCNH_PD0000479_419_20260411-BODS_V1_1.xml,21,2
R2A-None--SCNH-Rugby-2024-01-06-RU260411_-_Easter_Changes_BODS__SCNH_PD0000479_419_20260411-BODS_V1_1.xml,22,2
R2A-None--SCNH-Rugby-2024-01-06-RU260509_D__SCNH_PD0000479_419_20260507-BODS_V1_1.xml,20,6
R2A-None--SCNH-Rugby-2024-01-06-RU260509_D__SCNH_PD0000479_419_20260507-BODS_V1_1.xml,21,2
R2A-None--SCNH-Rugby-2024-01-06-RU260509_D__SCNH_PD0000479_419_20260507-BODS_V1_1.xml,22,2
R2A-None--SCNH-Rugby-2024-01-06-RU260509_D__SCNH_PD0000479_419_20260509-BODS_V1_1.xml,20,6
R2A-None--SCNH-Rugby-2024-01-06-RU260509_D__SCNH_PD0000479_419_20260509-BODS_V1_1.xml,21,2
R2A-None--SCNH-Rugby-2024-01-06-RU260509_D__SCNH_PD0000479_419_20260509-BODS_V1_1.xml,22,2
R4-None--SCNH-Rugby-2024-01-06-RU260411_-_Easter_Changes_BODS__SCNH_PD0000479_41_20260411-BODS_V1_1.xml,6,12
R4-None--SCNH-Rugby-2024-01-06-RU260411_-_Easter_Changes_BODS__SCNH_PD0000479_41_20260411-BODS_V1_1.xml,7,14
R4-None--SCNH-Rugby-2024-01-06-RU260411_-_Easter_Changes_BODS__SCNH_PD0000479_41_20260411-BODS_V1_1.xml,8,16
R4-None--SCNH-Rugby-2024-01-06-RU260411_-_Easter_Changes_BODS__SCNH_PD0000479_41_20260411-BODS_V1_1.xml,9,24
R4-None--SCNH-Rugby-2024-01-06-RU260411_-_Easter_Changes_BODS__SCNH_PD0000479_41_20260411-BODS_V1_1.xml,10,20
R4-None--SCNH-Rugby-2024-01-06-RU260411_-_Easter_Changes_BODS__SCNH_PD0000479_41_20260411-BODS_V1_1.xml,11,20
R4-None--SCNH-Rugby-2024-01-06-RU260411_-_Easter_Changes_BODS__SCNH_PD0000479_41_20260411-BODS_V1_1.xml,12,20
R4-None--SCNH-Rugby-2024-01-06-RU260411_-_Easter_Changes_BODS__SCNH_PD0000479_41_20260411-BODS_V1_1.xml,13,20
R4-None--SCNH-Rugby-2024-01-06-RU260411_-_Easter_Changes_BODS__SCNH_PD0000479_41_20260411-BODS_V1_1.xml,14,20
R4-None--SCNH-Rugby-2024-01-06-RU260411_-_Easter_Changes_BODS__SCNH_PD0000479_41_20260411-BODS_V1_1.xml,15,20
R4-None--SCNH-Rugby-2024-01-06-RU260411_-_Easter_Changes_BODS__SCNH_PD0000479_41_20260411-BODS_V1_1.xml,16,20
R4-None--SCNH-Rugby-2024-01-06-RU260411_-_Easter_Changes_BODS__SCNH_PD0000479_41_20260411-BODS_V1_1.xml,17,15
R4-None--SCNH-Rugby-2024-01-06-RU260411_-_Easter_Changes_BODS__SCNH_PD0000479_41_20260411-BODS_V1_1.xml,18,8
R4-None--SCNH-Rugby-2024-01-06-RU260411_-_Easter_Changes_BODS__SCNH_PD0000479_41_20260411-BODS_V1_1.xml,19,8
R4-None--SCNH-Rugby-2024-01-06-RU260509_D__SCNH_PD0000479_41_20260507-BODS_V1_1.xml,6,12
R4-None--SCNH-Rugby-2024-01-06-RU260509_D__SCNH_PD0000479_41_20260507-BODS_V1_1.xml,7,14
R4-None--SCNH-Rugby-2024-01-06-RU260509_D__SCNH_PD0000479_41_20260507-BODS_V1_1.xml,8,16
R4-None--SCNH-Rugby-2024-01-06-RU260509_D__SCNH_PD0000479_41_20260507-BODS_V1_1.xml,9,24
R4-None--SCNH-Rugby-2024-01-06-RU260509_D__SCNH_PD0000479_41_20260507-BODS_V1_1.xml,10,20
R4-None--SCNH-Rugby-2024-01-06-RU260509_D__SCNH_PD0000479_41_20260507-BODS_V1_1.xml,11,20
R4-None--SCNH-Rugby-2024-01-06-RU260509_D__SCNH_PD0000479_41_20260507-BODS_V1_1.xml,12,20
R4-None--SCNH-Rugby-2024-01-06-RU260509_D__SCNH_PD0000479_41_20260507-BODS_V1_1.xml,13,20
R4-None--SCNH-Rugby-2024-01-06-RU260509_D__SCNH_PD0000479_41_20260507-BODS_V1_1.xml,14,20
R4-None--SCNH-Rugby-2024-01-06-RU260509_D__SCNH_PD0000479_41_20260507-BODS_V1_1.xml,15,20
R4-None--SCNH-Rugby-2024-01-06-RU260509_D__SCNH_PD0000479_41_20260507-BODS_V1_1.xml,16,20
R4-None--SCNH-Rugby-2024-01-06-RU260509_D__SCNH_PD0000479_41_20260507-BODS_V1_1.xml,17,15
R4-None--SCNH-Rugby-2024-01-06-RU260509_D__SCNH_PD0000479_41_20260507-BODS_V1_1.xml,18,8
R4-None--SCNH-Rugby-2024-01-06-RU260509_D__SCNH_PD0000479_41_20260507-BODS_V1_1.xml,19,8
R4-None--SCNH-Rugby-2024-01-06-RU260509_D__SCNH_PD0000479_41_20260509-BODS_V1_1.xml,6,12
R4-None--SCNH-Rugby-2024-01-06-RU260509_D__SCNH_PD0000479_41_20260509-BODS_V1_1.xml,7,14
R4-None--SCNH-Rugby-2024-01-06-RU260509_D__SCNH_PD0000479_41_20260509-BODS_V1_1.xml,8,16
R4-None--SCNH-Rugby-2024-01-06-RU260509_D__SCNH_PD0000479_41_20260509-BODS_V1_1.xml,9,24
R4-None--SCNH-Rugby-2024-01-06-RU260509_D__SCNH_PD0000479_41_20260509-BODS_V1_1.xml,10,20
R4-None--SCNH-Rugby-2024-01-06-RU260509_D__SCNH_PD0000479_41_20260509-BODS_V1_1.xml,11,20
R4-None--SCNH-Rugby-2024-01-06-RU260509_D__SCNH_PD0000479_41_20260509-BODS_V1_1.xml,12,20
R4-None--SCNH-Rugby-2024-01-06-RU260509_D__SCNH_PD0000479_41_20260509-BODS_V1_1.xml,13,20
R4-None--SCNH-Rugby-2024-01-06-RU260509_D__SCNH_PD0000479_41_20260509-BODS_V1_1.xml,14,20
R4-None--SCNH-Rugby-2024-01-06-RU260509_D__SCNH_PD0000479_41_20260509-BODS_V1_1.xml,15,20
R4-None--SCNH-Rugby-2024-01-06-RU260509_D__SCNH_PD0000479_41_20260509-BODS_V1_1.xml,16,20
R4-None--SCNH-Rugby-2024-01-06-RU260509_D__SCNH_PD0000479_41_20260509-BODS_V1_1.xml,17,15
R4-None--SCNH-Rugby-2024-01-06-RU260509_D__SCNH_PD0000479_41_20260509-BODS_V1_1.xml,18,8
R4-None--SCNH-Rugby-2024-01-06-RU260509_D__SCNH_PD0000479_41_20260509-BODS_V1_1.xml,19,8
R4A-None--SCNH-Rugby-2024-01-06-RU260411_-_Easter_Changes_BODS__SCNH_PD0000479_412_20260411-BODS_V1_1.xml,20,4
R4A-None--SCNH-Rugby-2024-01-06-RU260411_-_Easter_Changes_BODS__SCNH_PD0000479_412_20260411-BODS_V1_1.xml,21,2
R4A-None--SCNH-Rugby-2024-01-06-RU260411_-_Easter_Changes_BODS__SCNH_PD0000479_412_20260411-BODS_V1_1.xml,22,8
R4A-None--SCNH-Rugby-2024-01-06-RU260509_D__SCNH_PD0000479_412_20260507-BODS_V1_1.xml,20,4
R4A-None--SCNH-Rugby-2024-01-06-RU260509_D__SCNH_PD0000479_412_20260507-BODS_V1_1.xml,21,2
R4A-None--SCNH-Rugby-2024-01-06-RU260509_D__SCNH_PD0000479_412_20260507-BODS_V1_1.xml,22,8
R4A-None--SCNH-Rugby-2024-01-06-RU260509_D__SCNH_PD0000479_412_20260509-BODS_V1_1.xml,20,4
R4A-None--SCNH-Rugby-2024-01-06-RU260509_D__SCNH_PD0000479_412_20260509-BODS_V1_1.xml,21,2
R4A-None--SCNH-Rugby-2024-01-06-RU260509_D__SCNH_PD0000479_412_20260509-BODS_V1_1.xml,22,8
R51-None--SCNH-Rugby-2024-01-06-RU260411_-_Easter_Changes_BODS__SCNH_PD0000479_43010390_20260411-BODS_V1_1.xml,6,5
R51-None--SCNH-Rugby-2024-01-06-RU260411_-_Easter_Changes_BODS__SCNH_PD0000479_43010390_20260411-BODS_V1_1.xml,7,4
R51-None--SCNH-Rugby-2024-01-06-RU260411_-_Easter_Changes_BODS__SCNH_PD0000479_43010390_20260411-BODS_V1_1.xml,8,5
R51-None--SCNH-Rugby-2024-01-06-RU260411_-_Easter_Changes_BODS__SCNH_PD0000479_43010390_20260411-BODS_V1_1.xml,9,4
R51-None--SCNH-Rugby-2024-01-06-RU260411_-_Easter_Changes_BODS__SCNH_PD0000479_43010390_20260411-BODS_V1_1.xml,10,4
R51-None--SCNH-Rugby-2024-01-06-RU260411_-_Easter_Changes_BODS__SCNH_PD0000479_43010390_20260411-BODS_V1_1.xml,11,4
R51-None--SCNH-Rugby-2024-01-06-RU260411_-_Easter_Changes_BODS__SCNH_PD0000479_43010390_20260411-BODS_V1_1.xml,12,4
R51-None--SCNH-Rugby-2024-01-06-RU260411_-_Easter_Changes_BODS__SCNH_PD0000479_43010390_20260411-BODS_V1_1.xml,13,4
R51-None--SCNH-Rugby-2024-01-06-RU260411_-_Easter_Changes_BODS__SCNH_PD0000479_43010390_20260411-BODS_V1_1.xml,14,4
R51-None--SCNH-Rugby-2024-01-06-RU260411_-_Easter_Changes_BODS__SCNH_PD0000479_43010390_20260411-BODS_V1_1.xml,15,3
R51-None--SCNH-Rugby-2024-01-06-RU260411_-_Easter_Changes_BODS__SCNH_PD0000479_43010390_20260411-BODS_V1_1.xml,16,4
R51-None--SCNH-Rugby-2024-01-06-RU260411_-_Easter_Changes_BODS__SCNH_PD0000479_43010390_20260411-BODS_V1_1.xml,17,4
R51-None--SCNH-Rugby-2024-01-06-RU260411_-_Easter_Changes_BODS__SCNH_PD0000479_43010390_20260411-BODS_V1_1.xml,18,3
R51-None--SCNH-Rugby-2024-01-06-RU260411_-_Easter_Changes_BODS__SCNH_PD0000479_43010390_20260411-BODS_V1_1.xml,19,4
R51-None--SCNH-Rugby-2024-01-06-RU260411_-_Easter_Changes_BODS__SCNH_PD0000479_43010390_20260411-BODS_V1_1.xml,20,4
R51-None--SCNH-Rugby-2024-01-06-RU260411_-_Easter_Changes_BODS__SCNH_PD0000479_43010390_20260411-BODS_V1_1.xml,21,2
R51-None--SCNH-Rugby-2024-01-06-RU260509_D__SCNH_PD0000479_43010390_20260507-BODS_V1_1.xml,6,5
R51-None--SCNH-Rugby-2024-01-06-RU260509_D__SCNH_PD0000479_43010390_20260507-BODS_V1_1.xml,7,4
R51-None--SCNH-Rugby-2024-01-06-RU260509_D__SCNH_PD0000479_43010390_20260507-BODS_V1_1.xml,8,5
R51-None--SCNH-Rugby-2024-01-06-RU260509_D__SCNH_PD0000479_43010390_20260507-BODS_V1_1.xml,9,4
R51-None--SCNH-Rugby-2024-01-06-RU260509_D__SCNH_PD0000479_43010390_20260507-BODS_V1_1.xml,10,4
R51-None--SCNH-Rugby-2024-01-06-RU260509_D__SCNH_PD0000479_43010390_20260507-BODS_V1_1.xml,11,4
R51-None--SCNH-Rugby-2024-01-06-RU260509_D__SCNH_PD0000479_43010390_20260507-BODS_V1_1.xml,12,4
R51-None--SCNH-Rugby-2024-01-06-RU260509_D__SCNH_PD0000479_43010390_20260507-BODS_V1_1.xml,13,4
R51-None--SCNH-Rugby-2024-01-06-RU260509_D__SCNH_PD0000479_43010390_20260507-BODS_V1_1.xml,14,4
R51-None--SCNH-Rugby-2024-01-06-RU260509_D__SCNH_PD0000479_43010390_20260507-BODS_V1_1.xml,15,3
R51-None--SCNH-Rugby-2024-01-06-RU260509_D__SCNH_PD0000479_43010390_20260507-BODS_V1_1.xml,16,4
R51-None--SCNH-Rugby-2024-01-06-RU260509_D__SCNH_PD0000479_43010390_20260507-BODS_V1_1.xml,17,4
R51-None--SCNH-Rugby-2024-01-06-RU260509_D__SCNH_PD0000479_43010390_20260507-BODS_V1_1.xml,18,3
R51-None--SCNH-Rugby-2024-01-06-RU260509_D__SCNH_PD0000479_43010390_20260507-BODS_V1_1.xml,19,4
R51-None--SCNH-Rugby-2024-01-06-RU260509_D__SCNH_PD0000479_43010390_20260507-BODS_V1_1.xml,20,4
R51-None--SCNH-Rugby-2024-01-06-RU260509_D__SCNH_PD0000479_43010390_20260507-BODS_V1_1.xml,21,2
R51-None--SCNH-Rugby-2024-01-06-RU260509_D__SCNH_PD0000479_43010390_20260509-BODS_V1_1.xml,6,5
R51-None--SCNH-Rugby-2024-01-06-RU260509_D__SCNH_PD0000479_43010390_20260509-BODS_V1_1.xml,7,4
R51-None--SCNH-Rugby-2024-01-06-RU260509_D__SCNH_PD0000479_43010390_20260509-BODS_V1_1.xml,8,5
R51-None--SCNH-Rugby-2024-01-06-RU260509_D__SCNH_PD0000479_43010390_20260509-BODS_V1_1.xml,9,4
R51-None--SCNH-Rugby-2024-01-06-RU260509_D__SCNH_PD0000479_43010390_20260509-BODS_V1_1.xml,10,4
R51-None--SCNH-Rugby-2024-01-06-RU260509_D__SCNH_PD0000479_43010390_20260509-BODS_V1_1.xml,11,4
R51-None--SCNH-Rugby-2024-01-06-RU260509_D__SCNH_PD0000479_43010390_20260509-BODS_V1_1.xml,12,4
R51-None--SCNH-Rugby-2024-01-06-RU260509_D__SCNH_PD0000479_43010390_20260509-BODS_V1_1.xml,13,4
R51-None--SCNH-Rugby-2024-01-06-RU260509_D__SCNH_PD0000479_43010390_20260509-BODS_V1_1.xml,14,4
R51-None--SCNH-Rugby-2024-01-06-RU260509_D__SCNH_PD0000479_43010390_20260509-BODS_V1_1.xml,15,3
R51-None--SCNH-Rugby-2024-01-06-RU260509_D__SCNH_PD0000479_43010390_20260509-BODS_V1_1.xml,16,4
R51-None--SCNH-Rugby-2024-01-06-RU260509_D__SCNH_PD0000479_43010390_20260509-BODS_V1_1.xml,17,4
R51-None--SCNH-Rugby-2024-01-06-RU260509_D__SCNH_PD0000479_43010390_20260509-BODS_V1_1.xml,18,3
R51-None--SCNH-Rugby-2024-01-06-RU260509_D__SCNH_PD0000479_43010390_20260509-BODS_V1_1.xml,19,4
R51-None--SCNH-Rugby-2024-01-06-RU260509_D__SCNH_PD0000479_43010390_20260509-BODS_V1_1.xml,20,4
R51-None--SCNH-Rugby-2024-01-06-RU260509_D__SCNH_PD0000479_43010390_20260509-BODS_V1_1.xml,21,2
R6-None--SCNH-Rugby-2024-01-06-RU260411_-_Easter_Changes_BODS__SCNH_PD0000479_227_20260411-BODS_V1_1.xml,5,4
R6-None--SCNH-Rugby-2024-01-06-RU260411_-_Easter_Changes_BODS__SCNH_PD0000479_227_20260411-BODS_V1_1.xml,6,4
R6-None--SCNH-Rugby-2024-01-06-RU260411_-_Easter_Changes_BODS__SCNH_PD0000479_227_20260411-BODS_V1_1.xml,7,10
R6-None--SCNH-Rugby-2024-01-06-RU260411_-_Easter_Changes_BODS__SCNH_PD0000479_227_20260411-BODS_V1_1.xml,8,7
R6-None--SCNH-Rugby-2024-01-06-RU260411_-_Easter_Changes_BODS__SCNH_PD0000479_227_20260411-BODS_V1_1.xml,9,8
R6-None--SCNH-Rugby-2024-01-06-RU260411_-_Easter_Changes_BODS__SCNH_PD0000479_227_20260411-BODS_V1_1.xml,10,8
R6-None--SCNH-Rugby-2024-01-06-RU260411_-_Easter_Changes_BODS__SCNH_PD0000479_227_20260411-BODS_V1_1.xml,11,8
R6-None--SCNH-Rugby-2024-01-06-RU260411_-_Easter_Changes_BODS__SCNH_PD0000479_227_20260411-BODS_V1_1.xml,12,8
R6-None--SCNH-Rugby-2024-01-06-RU260411_-_Easter_Changes_BODS__SCNH_PD0000479_227_20260411-BODS_V1_1.xml,13,8
R6-None--SCNH-Rugby-2024-01-06-RU260411_-_Easter_Changes_BODS__SCNH_PD0000479_227_20260411-BODS_V1_1.xml,14,8
R6-None--SCNH-Rugby-2024-01-06-RU260411_-_Easter_Changes_BODS__SCNH_PD0000479_227_20260411-BODS_V1_1.xml,15,8
R6-None--SCNH-Rugby-2024-01-06-RU260411_-_Easter_Changes_BODS__SCNH_PD0000479_227_20260411-BODS_V1_1.xml,16,8
R6-None--SCNH-Rugby-2024-01-06-RU260411_-_Easter_Changes_BODS__SCNH_PD0000479_227_20260411-BODS_V1_1.xml,17,6
R6-None--SCNH-Rugby-2024-01-06-RU260411_-_Easter_Changes_BODS__SCNH_PD0000479_227_20260411-BODS_V1_1.xml,18,10
R6-None--SCNH-Rugby-2024-01-06-RU260411_-_Easter_Changes_BODS__SCNH_PD0000479_227_20260411-BODS_V1_1.xml,19,6
R6-None--SCNH-Rugby-2024-01-06-RU260411_-_Easter_Changes_BODS__SCNH_PD0000479_227_20260411-BODS_V1_1.xml,20,6
R6-None--SCNH-Rugby-2024-01-06-RU260509_D__SCNH_PD0000479_227_20260507-BODS_V1_1.xml,5,4
R6-None--SCNH-Rugby-2024-01-06-RU260509_D__SCNH_PD0000479_227_20260507-BODS_V1_1.xml,6,4
R6-None--SCNH-Rugby-2024-01-06-RU260509_D__SCNH_PD0000479_227_20260507-BODS_V1_1.xml,7,10
R6-None--SCNH-Rugby-2024-01-06-RU260509_D__SCNH_PD0000479_227_20260507-BODS_V1_1.xml,8,7
R6-None--SCNH-Rugby-2024-01-06-RU260509_D__SCNH_PD0000479_227_20260507-BODS_V1_1.xml,9,8
R6-None--SCNH-Rugby-2024-01-06-RU260509_D__SCNH_PD0000479_227_20260507-BODS_V1_1.xml,10,8
R6-None--SCNH-Rugby-2024-01-06-RU260509_D__SCNH_PD0000479_227_20260507-BODS_V1_1.xml,11,8
R6-None--SCNH-Rugby-2024-01-06-RU260509_D__SCNH_PD0000479_227_20260507-BODS_V1_1.xml,12,8
R6-None--SCNH-Rugby-2024-01-06-RU260509_D__SCNH_PD0000479_227_20260507-BODS_V1_1.xml,13,8
R6-None--SCNH-Rugby-2024-01-06-RU260509_D__SCNH_PD0000479_227_20260507-BODS_V1_1.xml,14,8
R6-None--SCNH-Rugby-2024-01-06-RU260509_D__SCNH_PD0000479_227_20260507-BODS_V1_1.xml,15,8
R6-None--SCNH-Rugby-2024-01-06-RU260509_D__SCNH_PD0000479_227_20260507-BODS_V1_1.xml,16,8
R6-None--SCNH-Rugby-2024-01-06-RU260509_D__SCNH_PD0000479_227_20260507-BODS_V1_1.xml,17,6
R6-None--SCNH-Rugby-2024-01-06-RU260509_D__SCNH_PD0000479_227_20260507-BODS_V1_1.xml,18,10
R6-None--SCNH-Rugby-2024-01-06-RU260509_D__SCNH_PD0000479_227_20260507-BODS_V1_1.xml,19,6
R6-None--SCNH-Rugby-2024-01-06-RU260509_D__SCNH_PD0000479_227_20260507-BODS_V1_1.xml,20,6
R6-None--SCNH-Rugby-2024-01-06-RU260509_D__SCNH_PD0000479_227_20260509-BODS_V1_1.xml,5,4
R6-None--SCNH-Rugby-2024-01-06-RU260509_D__SCNH_PD0000479_227_20260509-BODS_V1_1.xml,6,4
R6-None--SCNH-Rugby-2024-01-06-RU260509_D__SCNH_PD0000479_227_20260509-BODS_V1_1.xml,7,10
R6-None--SCNH-Rugby-2024-01-06-RU260509_D__SCNH_PD0000479_227_20260509-BODS_V1_1.xml,8,7
R6-None--SCNH-Rugby-2024-01-06-RU260509_D__SCNH_PD0000479_227_20260509-BODS_V1_1.xml,9,8
R6-None--SCNH-Rugby-2024-01-06-RU260509_D__SCNH_PD0000479_227_20260509-BODS_V1_1.xml,10,8
R6-None--SCNH-Rugby-2024-01-06-RU260509_D__SCNH_PD0000479_227_20260509-BODS_V1_1.xml,11,8
R6-None--SCNH-Rugby-2024-01-06-RU260509_D__SCNH_PD0000479_227_20260509-BODS_V1_1.xml,12,8
R6-None--SCNH-Rugby-2024-01-06-RU260509_D__SCNH_PD0000479_227_20260509-BODS_V1_1.xml,13,8
R6-None--SCNH-Rugby-2024-01-06-RU260509_D__SCNH_PD0000479_227_20260509-BODS_V1_1.xml,14,8
R6-None--SCNH-Rugby-2024-01-06-RU260509_D__SCNH_PD0000479_227_20260509-BODS_V1_1.xml,15,8
R6-None--SCNH-Rugby-2024-01-06-RU260509_D__SCNH_PD0000479_227_20260509-BODS_V1_1.xml,16,8
R6-None--SCNH-Rugby-2024-01-06-RU260509_D__SCNH_PD0000479_227_20260509-BODS_V1_1.xml,17,6
R6-None--SCNH-Rugby-2024-01-06-RU260509_D__SCNH_PD0000479_227_20260509-BODS_V1_1.xml,18,10
R6-None--SCNH-Rugby-2024-01-06-RU260509_D__SCNH_PD0000479_227_20260509-BODS_V1_1.xml,19,6
R6-None--SCNH-Rugby-2024-01-06-RU260509_D__SCNH_PD0000479_227_20260509-BODS_V1_1.xml,20,6
R63-None--SCNH-Rugby-2024-01-06-RU260411_-_Easter_Changes_BODS__SCNH_PD0000479_54_20260411-BODS_V1_1.xml,6,3
R63-None--SCNH-Rugby-2024-01-06-RU260411_-_Easter_Changes_BODS__SCNH_PD0000479_54_20260411-BODS_V1_1.xml,7,4
R63-None--SCNH-Rugby-2024-01-06-RU260411_-_Easter_Changes_BODS__SCNH_PD0000479_54_20260411-BODS_V1_1.xml,8,4
R63-None--SCNH-Rugby-2024-01-06-RU260411_-_Easter_Changes_BODS__SCNH_PD0000479_54_20260411-BODS_V1_1.xml,9,5
R63-None--SCNH-Rugby-2024-01-06-RU260411_-_Easter_Changes_BODS__SCNH_PD0000479_54_20260411-BODS_V1_1.xml,10,5
R63-None--SCNH-Rugby-2024-01-06-RU260411_-_Easter_Changes_BODS__SCNH_PD0000479_54_20260411-BODS_V1_1.xml,11,5
R63-None--SCNH-Rugby-2024-01-06-RU260411_-_Easter_Changes_BODS__SCNH_PD0000479_54_20260411-BODS_V1_1.xml,12,5
R63-None--SCNH-Rugby-2024-01-06-RU260411_-_Easter_Changes_BODS__SCNH_PD0000479_54_20260411-BODS_V1_1.xml,13,5
R63-None--SCNH-Rugby-2024-01-06-RU260411_-_Easter_Changes_BODS__SCNH_PD0000479_54_20260411-BODS_V1_1.xml,14,1
R63-None--SCNH-Rugby-2024-01-06-RU260411_-_Easter_Changes_BODS__SCNH_PD0000479_54_20260411-BODS_V1_1.xml,15,5
R63-None--SCNH-Rugby-2024-01-06-RU260411_-_Easter_Changes_BODS__SCNH_PD0000479_54_20260411-BODS_V1_1.xml,16,5
R63-None--SCNH-Rugby-2024-01-06-RU260411_-_Easter_Changes_BODS__SCNH_PD0000479_54_20260411-BODS_V1_1.xml,17,5
R63-None--SCNH-Rugby-2024-01-06-RU260411_-_Easter_Changes_BODS__SCNH_PD0000479_54_20260411-BODS_V1_1.xml,18,5
R63-None--SCNH-Rugby-2024-01-06-RU260411_-_Easter_Changes_BODS__SCNH_PD0000479_54_20260411-BODS_V1_1.xml,19,2
R63-None--SCNH-Rugby-2024-01-06-RU260509_D__SCNH_PD0000479_54_20260507-BODS_V1_1.xml,6,3
R63-None--SCNH-Rugby-2024-01-06-RU260509_D__SCNH_PD0000479_54_20260507-BODS_V1_1.xml,7,4
R63-None--SCNH-Rugby-2024-01-06-RU260509_D__SCNH_PD0000479_54_20260507-BODS_V1_1.xml,8,4
R63-None--SCNH-Rugby-2024-01-06-RU260509_D__SCNH_PD0000479_54_20260507-BODS_V1_1.xml,9,5
R63-None--SCNH-Rugby-2024-01-06-RU260509_D__SCNH_PD0000479_54_20260507-BODS_V1_1.xml,10,5
R63-None--SCNH-Rugby-2024-01-06-RU260509_D__SCNH_PD0000479_54_20260507-BODS_V1_1.xml,11,5
R63-None--SCNH-Rugby-2024-01-06-RU260509_D__SCNH_PD0000479_54_20260507-BODS_V1_1.xml,12,5
R63-None--SCNH-Rugby-2024-01-06-RU260509_D__SCNH_PD0000479_54_20260507-BODS_V1_1.xml,13,5
R63-None--SCNH-Rugby-2024-01-06-RU260509_D__SCNH_PD0000479_54_20260507-BODS_V1_1.xml,14,1
R63-None--SCNH-Rugby-2024-01-06-RU260509_D__SCNH_PD0000479_54_20260507-BODS_V1_1.xml,15,5
R63-None--SCNH-Rugby-2024-01-06-RU260509_D__SCNH_PD0000479_54_20260507-BODS_V1_1.xml,16,5
R63-None--SCNH-Rugby-2024-01-06-RU260509_D__SCNH_PD0000479_54_20260507-BODS_V1_1.xml,17,5
R63-None--SCNH-Rugby-2024-01-06-RU260509_D__SCNH_PD0000479_54_20260507-BODS_V1_1.xml,18,5
R63-None--SCNH-Rugby-2024-01-06-RU260509_D__SCNH_PD0000479_54_20260507-BODS_V1_1.xml,19,2
R63-None--SCNH-Rugby-2024-01-06-RU260509_D__SCNH_PD0000479_54_20260509-BODS_V1_1.xml,6,3
R63-None--SCNH-Rugby-2024-01-06-RU260509_D__SCNH_PD0000479_54_20260509-BODS_V1_1.xml,7,4
R63-None--SCNH-Rugby-2024-01-06-RU260509_D__SCNH_PD0000479_54_20260509-BODS_V1_1.xml,8,4
R63-None--SCNH-Rugby-2024-01-06-RU260509_D__SCNH_PD0000479_54_20260509-BODS_V1_1.xml,9,5
R63-None--SCNH-Rugby-2024-01-06-RU260509_D__SCNH_PD0000479_54_20260509-BODS_V1_1.xml,10,5
R63-None--SCNH-Rugby-2024-01-06-RU260509_D__SCNH_PD0000479_54_20260509-BODS_V1_1.xml,11,5
R63-None--SCNH-Rugby-2024-01-06-RU260509_D__SCNH_PD0000479_54_20260509-BODS_V1_1.xml,12,5
R63-None--SCNH-Rugby-2024-01-06-RU260509_D__SCNH_PD0000479_54_20260509-BODS_V1_1.xml,13,5
R63-None--SCNH-Rugby-2024-01-06-RU260509_D__SCNH_PD0000479_54_20260509-BODS_V1_1.xml,14,1
R63-None--SCNH-Rugby-2024-01-06-RU260509_D__SCNH_PD0000479_54_20260509-BODS_V1_1.xml,15,5
R63-None--SCNH-Rugby-2024-01-06-RU260509_D__SCNH_PD0000479_54_20260509-BODS_V1_1.xml,16,5
R63-None--SCNH-Rugby-2024-01-06-RU260509_D__SCNH_PD0000479_54_20260509-BODS_V1_1.xml,17,5
R63-None--SCNH-Rugby-2024-01-06-RU260509_D__SCNH_PD0000479_54_20260509-BODS_V1_1.xml,18,5
R63-None--SCNH-Rugby-2024-01-06-RU260509_D__SCNH_PD0000479_54_20260509-BODS_V1_1.xml,19,2
R8-None--SCNH-Rugby-2024-01-06-RU260411_-_Easter_Changes_BODS__SCNH_PD0000479_406_20260411-BODS_V1_1.xml,6,1
R8-None--SCNH-Rugby-2024-01-06-RU260411_-_Easter_Changes_BODS__SCNH_PD0000479_406_20260411-BODS_V1_1.xml,7,4
R8-None--SCNH-Rugby-2024-01-06-RU260411_-_Easter_Changes_BODS__SCNH_PD0000479_406_20260411-BODS_V1_1.xml,8,4
R8-None--SCNH-Rugby-2024-01-06-RU260411_-_Easter_Changes_BODS__SCNH_PD0000479_406_20260411-BODS_V1_1.xml,9,2
R8-None--SCNH-Rugby-2024-01-06-RU260411_-_Easter_Changes_BODS__SCNH_PD0000479_406_20260411-BODS_V1_1.xml,10,4
R8-None--SCNH-Rugby-2024-01-06-RU260411_-_Easter_Changes_BODS__SCNH_PD0000479_406_20260411-BODS_V1_1.xml,11,6
R8-None--SCNH-Rugby-2024-01-06-RU260411_-_Easter_Changes_BODS__SCNH_PD0000479_406_20260411-BODS_V1_1.xml,12,6
R8-None--SCNH-Rugby-2024-01-06-RU260411_-_Easter_Changes_BODS__SCNH_PD0000479_406_20260411-BODS_V1_1.xml,13,4
R8-None--SCNH-Rugby-2024-01-06-RU260411_-_Easter_Changes_BODS__SCNH_PD0000479_406_20260411-BODS_V1_1.xml,14,4
R8-None--SCNH-Rugby-2024-01-06-RU260411_-_Easter_Changes_BODS__SCNH_PD0000479_406_20260411-BODS_V1_1.xml,15,2
R8-None--SCNH-Rugby-2024-01-06-RU260411_-_Easter_Changes_BODS__SCNH_PD0000479_406_20260411-BODS_V1_1.xml,16,2
R8-None--SCNH-Rugby-2024-01-06-RU260411_-_Easter_Changes_BODS__SCNH_PD0000479_406_20260411-BODS_V1_1.xml,17,4
R8-None--SCNH-Rugby-2024-01-06-RU260411_-_Easter_Changes_BODS__SCNH_PD0000479_406_20260411-BODS_V1_1.xml,18,4
R8-None--SCNH-Rugby-2024-01-06-RU260411_-_Easter_Changes_BODS__SCNH_PD0000479_406_20260411-BODS_V1_1.xml,19,2
R8-None--SCNH-Rugby-2024-01-06-RU260509_D__SCNH_PD0000479_406_20260507-BODS_V1_1.xml,6,1
R8-None--SCNH-Rugby-2024-01-06-RU260509_D__SCNH_PD0000479_406_20260507-BODS_V1_1.xml,7,4
R8-None--SCNH-Rugby-2024-01-06-RU260509_D__SCNH_PD0000479_406_20260507-BODS_V1_1.xml,8,4
R8-None--SCNH-Rugby-2024-01-06-RU260509_D__SCNH_PD0000479_406_20260507-BODS_V1_1.xml,9,2
R8-None--SCNH-Rugby-2024-01-06-RU260509_D__SCNH_PD0000479_406_20260507-BODS_V1_1.xml,10,4
R8-None--SCNH-Rugby-2024-01-06-RU260509_D__SCNH_PD0000479_406_20260507-BODS_V1_1.xml,11,6
R8-None--SCNH-Rugby-2024-01-06-RU260509_D__SCNH_PD0000479_406_20260507-BODS_V1_1.xml,12,6
R8-None--SCNH-Rugby-2024-01-06-RU260509_D__SCNH_PD0000479_406_20260507-BODS_V1_1.xml,13,4
R8-None--SCNH-Rugby-2024-01-06-RU260509_D__SCNH_PD0000479_406_20260507-BODS_V1_1.xml,14,4
R8-None--SCNH-Rugby-2024-01-06-RU260509_D__SCNH_PD0000479_406_20260507-BODS_V1_1.xml,15,2
R8-None--SCNH-Rugby-2024-01-06-RU260509_D__SCNH_PD0000479_406_20260507-BODS_V1_1.xml,16,2
R8-None--SCNH-Rugby-2024-01-06-RU260509_D__SCNH_PD0000479_406_20260507-BODS_V1_1.xml,17,4
R8-None--SCNH-Rugby-2024-01-06-RU260509_D__SCNH_PD0000479_406_20260507-BODS_V1_1.xml,18,4
R8-None--SCNH-Rugby-2024-01-06-RU260509_D__SCNH_PD0000479_406_20260507-BODS_V1_1.xml,19,2
R8-None--SCNH-Rugby-2024-01-06-RU260509_D__SCNH_PD0000479_406_20260509-BODS_V1_1.xml,6,1
R8-None--SCNH-Rugby-2024-01-06-RU260509_D__SCNH_PD0000479_406_20260509-BODS_V1_1.xml,7,4
R8-None--SCNH-Rugby-2024-01-06-RU260509_D__SCNH_PD0000479_406_20260509-BODS_V1_1.xml,8,4
R8-None--SCNH-Rugby-2024-01-06-RU260509_D__SCNH_PD0000479_406_20260509-BODS_V1_1.xml,9,2
R8-None--SCNH-Rugby-2024-01-06-RU260509_D__SCNH_PD0000479_406_20260509-BODS_V1_1.xml,10,4
R8-None--SCNH-Rugby-2024-01-06-RU260509_D__SCNH_PD0000479_406_20260509-BODS_V1_1.xml,11,6
R8-None--SCNH-Rugby-2024-01-06-RU260509_D__SCNH_PD0000479_406_20260509-BODS_V1_1.xml,12,6
R8-None--SCNH-Rugby-2024-01-06-RU260509_D__SCNH_PD0000479_406_20260509-BODS_V1_1.xml,13,4
R8-None--SCNH-Rugby-2024-01-06-RU260509_D__SCNH_PD0000479_406_20260509-BODS_V1_1.xml,14,4
R8-None--SCNH-Rugby-2024-01-06-RU260509_D__SCNH_PD0000479_406_20260509-BODS_V1_1.xml,15,2
R8-None--SCNH-Rugby-2024-01-06-RU260509_D__SCNH_PD0000479_406_20260509-BODS_V1_1.xml,16,2
R8-None--SCNH-Rugby-2024-01-06-RU260509_D__SCNH_PD0000479_406_20260509-BODS_V1_1.xml,17,4
R8-None--SCNH-Rugby-2024-01-06-RU260509_D__SCNH_PD0000479_406_20260509-BODS_V1_1.xml,18,4
R8-None--SCNH-Rugby-2024-01-06-RU260509_D__SCNH_PD0000479_406_20260509-BODS_V1_1.xml,19,2
R84-None--SCNH-Rugby-2024-01-06-RU260411_-_Easter_Changes_BODS__SCNH_PD0000479_423_20260411-BODS_V1_1.xml,4,1
R84-None--SCNH-Rugby-2024-01-06-RU260411_-_Easter_Changes_BODS__SCNH_PD0000479_423_20260411-BODS_V1_1.xml,5,2
R84-None--SCNH-Rugby-2024-01-06-RU260411_-_Easter_Changes_BODS__SCNH_PD0000479_423_20260411-BODS_V1_1.xml,6,2
R84-None--SCNH-Rugby-2024-01-06-RU260411_-_Easter_Changes_BODS__SCNH_PD0000479_423_20260411-BODS_V1_1.xml,7,2
R84-None--SCNH-Rugby-2024-01-06-RU260411_-_Easter_Changes_BODS__SCNH_PD0000479_423_20260411-BODS_V1_1.xml,9,4
R84-None--SCNH-Rugby-2024-01-06-RU260411_-_Easter_Changes_BODS__SCNH_PD0000479_423_20260411-BODS_V1_1.xml,10,4
R84-None--SCNH-Rugby-2024-01-06-RU260411_-_Easter_Changes_BODS__SCNH_PD0000479_423_20260411-BODS_V1_1.xml,12,4
R84-None--SCNH-Rugby-2024-01-06-RU260411_-_Easter_Changes_BODS__SCNH_PD0000479_423_20260411-BODS_V1_1.xml,13,4
R84-None--SCNH-Rugby-2024-01-06-RU260411_-_Easter_Changes_BODS__SCNH_PD0000479_423_20260411-BODS_V1_1.xml,15,3
R84-None--SCNH-Rugby-2024-01-06-RU260411_-_Easter_Changes_BODS__SCNH_PD0000479_423_20260411-BODS_V1_1.xml,16,1
R84-None--SCNH-Rugby-2024-01-06-RU260411_-_Easter_Changes_BODS__SCNH_PD0000479_423_20260411-BODS_V1_1.xml,17,3
R84-None--SCNH-Rugby-2024-01-06-RU260411_-_Easter_Changes_BODS__SCNH_PD0000479_423_20260411-BODS_V1_1.xml,18,1
R84-None--SCNH-Rugby-2024-01-06-RU260411_-_Easter_Changes_BODS__SCNH_PD0000479_423_20260411-BODS_V1_1.xml,19,3
R84-None--SCNH-Rugby-2024-01-06-RU260411_-_Easter_Changes_BODS__SCNH_PD0000479_423_20260411-BODS_V1_1.xml,21,2
R84-None--SCNH-Rugby-2024-01-06-RU260509_D__SCNH_PD0000479_423_20260507-BODS_V1_1.xml,4,1
R84-None--SCNH-Rugby-2024-01-06-RU260509_D__SCNH_PD0000479_423_20260507-BODS_V1_1.xml,5,3
R84-None--SCNH-Rugby-2024-01-06-RU260509_D__SCNH_PD0000479_423_20260507-BODS_V1_1.xml,6,1
R84-None--SCNH-Rugby-2024-01-06-RU260509_D__SCNH_PD0000479_423_20260507-BODS_V1_1.xml,7,2
R84-None--SCNH-Rugby-2024-01-06-RU260509_D__SCNH_PD0000479_423_20260507-BODS_V1_1.xml,8,2
R84-None--SCNH-Rugby-2024-01-06-RU260509_D__SCNH_PD0000479_423_20260507-BODS_V1_1.xml,9,2
R84-None--SCNH-Rugby-2024-01-06-RU260509_D__SCNH_PD0000479_423_20260507-BODS_V1_1.xml,10,4
R84-None--SCNH-Rugby-2024-01-06-RU260509_D__SCNH_PD0000479_423_20260507-BODS_V1_1.xml,12,4
R84-None--SCNH-Rugby-2024-01-06-RU260509_D__SCNH_PD0000479_423_20260507-BODS_V1_1.xml,13,4
R84-None--SCNH-Rugby-2024-01-06-RU260509_D__SCNH_PD0000479_423_20260507-BODS_V1_1.xml,15,3
R84-None--SCNH-Rugby-2024-01-06-RU260509_D__SCNH_PD0000479_423_20260507-BODS_V1_1.xml,16,1
R84-None--SCNH-Rugby-2024-01-06-RU260509_D__SCNH_PD0000479_423_20260507-BODS_V1_1.xml,17,3
R84-None--SCNH-Rugby-2024-01-06-RU260509_D__SCNH_PD0000479_423_20260507-BODS_V1_1.xml,19,3
R84-None--SCNH-Rugby-2024-01-06-RU260509_D__SCNH_PD0000479_423_20260507-BODS_V1_1.xml,21,2
R84-None--SCNH-Rugby-2024-01-06-RU260509_D__SCNH_PD0000479_423_20260509-BODS_V1_1.xml,4,1
R84-None--SCNH-Rugby-2024-01-06-RU260509_D__SCNH_PD0000479_423_20260509-BODS_V1_1.xml,5,3
R84-None--SCNH-Rugby-2024-01-06-RU260509_D__SCNH_PD0000479_423_20260509-BODS_V1_1.xml,6,1
R84-None--SCNH-Rugby-2024-01-06-RU260509_D__SCNH_PD0000479_423_20260509-BODS_V1_1.xml,7,2
R84-None--SCNH-Rugby-2024-01-06-RU260509_D__SCNH_PD0000479_423_20260509-BODS_V1_1.xml,8,2
R84-None--SCNH-Rugby-2024-01-06-RU260509_D__SCNH_PD0000479_423_20260509-BODS_V1_1.xml,9,2
R84-None--SCNH-Rugby-2024-01-06-RU260509_D__SCNH_PD0000479_423_20260509-BODS_V1_1.xml,10,4
R84-None--SCNH-Rugby-2024-01-06-RU260509_D__SCNH_PD0000479_423_20260509-BODS_V1_1.xml,12,4
R84-None--SCNH-Rugby-2024-01-06-RU260509_D__SCNH_PD0000479_423_20260509-BODS_V1_1.xml,13,4
R84-None--SCNH-Rugby-2024-01-06-RU260509_D__SCNH_PD0000479_423_20260509-BODS_V1_1.xml,15,3
R84-None--SCNH-Rugby-2024-01-06-RU260509_D__SCNH_PD0000479_423_20260509-BODS_V1_1.xml,16,1
R84-None--SCNH-Rugby-2024-01-06-RU260509_D__SCNH_PD0000479_423_20260509-BODS_V1_1.xml,17,3
R84-None--SCNH-Rugby-2024-01-06-RU260509_D__SCNH_PD0000479_423_20260509-BODS_V1_1.xml,19,3
R84-None--SCNH-Rugby-2024-01-06-RU260509_D__SCNH_PD0000479_423_20260509-BODS_V1_1.xml,21,2
R85-None--SCNH-Rugby-2024-01-06-RU260411_-_Easter_Changes_BODS__SCNH_PD0000479_433_20260411-BODS_V1_1.xml,5,3
R85-None--SCNH-Rugby-2024-01-06-RU260411_-_Easter_Changes_BODS__SCNH_PD0000479_433_20260411-BODS_V1_1.xml,7,3
R85-None--SCNH-Rugby-2024-01-06-RU260411_-_Easter_Changes_BODS__SCNH_PD0000479_433_20260411-BODS_V1_1.xml,8,2
R85-None--SCNH-Rugby-2024-01-06-RU260411_-_Easter_Changes_BODS__SCNH_PD0000479_433_20260411-BODS_V1_1.xml,9,4
R85-None--SCNH-Rugby-2024-01-06-RU260411_-_Easter_Changes_BODS__SCNH_PD0000479_433_20260411-BODS_V1_1.xml,10,4
R85-None--SCNH-Rugby-2024-01-06-RU260411_-_Easter_Changes_BODS__SCNH_PD0000479_433_20260411-BODS_V1_1.xml,11,2
R85-None--SCNH-Rugby-2024-01-06-RU260411_-_Easter_Changes_BODS__SCNH_PD0000479_433_20260411-BODS_V1_1.xml,12,2
R85-None--SCNH-Rugby-2024-01-06-RU260411_-_Easter_Changes_BODS__SCNH_PD0000479_433_20260411-BODS_V1_1.xml,13,2
R85-None--SCNH-Rugby-2024-01-06-RU260411_-_Easter_Changes_BODS__SCNH_PD0000479_433_20260411-BODS_V1_1.xml,14,4
R85-None--SCNH-Rugby-2024-01-06-RU260411_-_Easter_Changes_BODS__SCNH_PD0000479_433_20260411-BODS_V1_1.xml,15,3
R85-None--SCNH-Rugby-2024-01-06-RU260411_-_Easter_Changes_BODS__SCNH_PD0000479_433_20260411-BODS_V1_1.xml,17,5
R85-None--SCNH-Rugby-2024-01-06-RU260411_-_Easter_Changes_BODS__SCNH_PD0000479_433_20260411-BODS_V1_1.xml,18,4
R85-None--SCNH-Rugby-2024-01-06-RU260411_-_Easter_Changes_BODS__SCNH_PD0000479_433_20260411-BODS_V1_1.xml,20,4
R85-None--SCNH-Rugby-2024-01-06-RU260509_D__SCNH_PD0000479_433_20260507-BODS_V1_1.xml,5,3
R85-None--SCNH-Rugby-2024-01-06-RU260509_D__SCNH_PD0000479_433_20260507-BODS_V1_1.xml,6,2
R85-None--SCNH-Rugby-2024-01-06-RU260509_D__SCNH_PD0000479_433_20260507-BODS_V1_1.xml,7,1
R85-None--SCNH-Rugby-2024-01-06-RU260509_D__SCNH_PD0000479_433_20260507-BODS_V1_1.xml,8,2
R85-None--SCNH-Rugby-2024-01-06-RU260509_D__SCNH_PD0000479_433_20260507-BODS_V1_1.xml,9,4
R85-None--SCNH-Rugby-2024-01-06-RU260509_D__SCNH_PD0000479_433_20260507-BODS_V1_1.xml,10,4
R85-None--SCNH-Rugby-2024-01-06-RU260509_D__SCNH_PD0000479_433_20260507-BODS_V1_1.xml,11,2
R85-None--SCNH-Rugby-2024-01-06-RU260509_D__SCNH_PD0000479_433_20260507-BODS_V1_1.xml,12,2
R85-None--SCNH-Rugby-2024-01-06-RU260509_D__SCNH_PD0000479_433_20260507-BODS_V1_1.xml,13,2
R85-None--SCNH-Rugby-2024-01-06-RU260509_D__SCNH_PD0000479_433_20260507-BODS_V1_1.xml,14,4
R85-None--SCNH-Rugby-2024-01-06-RU260509_D__SCNH_PD0000479_433_20260507-BODS_V1_1.xml,15,3
R85-None--SCNH-Rugby-2024-01-06-RU260509_D__SCNH_PD0000479_433_20260507-BODS_V1_1.xml,17,4
R85-None--SCNH-Rugby-2024-01-06-RU260509_D__SCNH_PD0000479_433_20260507-BODS_V1_1.xml,18,3
R85-None--SCNH-Rugby-2024-01-06-RU260509_D__SCNH_PD0000479_433_20260507-BODS_V1_1.xml,19,2
R85-None--SCNH-Rugby-2024-01-06-RU260509_D__SCNH_PD0000479_433_20260507-BODS_V1_1.xml,20,4
R85-None--SCNH-Rugby-2024-01-06-RU260509_D__SCNH_PD0000479_433_20260509-BODS_V1_1.xml,5,3
R85-None--SCNH-Rugby-2024-01-06-RU260509_D__SCNH_PD0000479_433_20260509-BODS_V1_1.xml,6,2
R85-None--SCNH-Rugby-2024-01-06-RU260509_D__SCNH_PD0000479_433_20260509-BODS_V1_1.xml,7,1
R85-None--SCNH-Rugby-2024-01-06-RU260509_D__SCNH_PD0000479_433_20260509-BODS_V1_1.xml,8,2
R85-None--SCNH-Rugby-2024-01-06-RU260509_D__SCNH_PD0000479_433_20260509-BODS_V1_1.xml,9,4
R85-None--SCNH-Rugby-2024-01-06-RU260509_D__SCNH_PD0000479_433_20260509-BODS_V1_1.xml,10,4
R85-None--SCNH-Rugby-2024-01-06-RU260509_D__SCNH_PD0000479_433_20260509-BODS_V1_1.xml,11,2
R85-None--SCNH-Rugby-2024-01-06-RU260509_D__SCNH_PD0000479_433_20260509-BODS_V1_1.xml,12,2
R85-None--SCNH-Rugby-2024-01-06-RU260509_D__SCNH_PD0000479_433_20260509-BODS_V1_1.xml,13,2
R85-None--SCNH-Rugby-2024-01-06-RU260509_D__SCNH_PD0000479_433_20260509-BODS_V1_1.xml,14,4
R85-None--SCNH-Rugby-2024-01-06-RU260509_D__SCNH_PD0000479_433_20260509-BODS_V1_1.xml,15,3
R85-None--SCNH-Rugby-2024-01-06-RU260509_D__SCNH_PD0000479_433_20260509-BODS_V1_1.xml,17,4
R85-None--SCNH-Rugby-2024-01-06-RU260509_D__SCNH_PD0000479_433_20260509-BODS_V1_1.xml,18,3
R85-None--SCNH-Rugby-2024-01-06-RU260509_D__SCNH_PD0000479_433_20260509-BODS_V1_1.xml,19,2
R85-None--SCNH-Rugby-2024-01-06-RU260509_D__SCNH_PD0000479_433_20260509-BODS_V1_1.xml,20,4
R85B-None--SCNH-Rugby-2024-01-06-RU260411_-_Easter_Changes_BODS__SCNH_PD0000479_438_20260411-BODS_V1_1.xml,8,2
R85B-None--SCNH-Rugby-2024-01-06-RU260411_-_Easter_Changes_BODS__SCNH_PD0000479_438_20260411-BODS_V1_1.xml,9,2
R85B-None--SCNH-Rugby-2024-01-06-RU260411_-_Easter_Changes_BODS__SCNH_PD0000479_438_20260411-BODS_V1_1.xml,12,4
R85B-None--SCNH-Rugby-2024-01-06-RU260509_D__SCNH_PD0000479_438_20260507-BODS_V1_1.xml,8,2
R85B-None--SCNH-Rugby-2024-01-06-RU260509_D__SCNH_PD0000479_438_20260507-BODS_V1_1.xml,10,2
R85B-None--SCNH-Rugby-2024-01-06-RU260509_D__SCNH_PD0000479_438_20260507-BODS_V1_1.xml,12,4
R85B-None--SCNH-Rugby-2024-01-06-RU260509_D__SCNH_PD0000479_438_20260509-BODS_V1_1.xml,8,2
R85B-None--SCNH-Rugby-2024-01-06-RU260509_D__SCNH_PD0000479_438_20260509-BODS_V1_1.xml,10,2
R85B-None--SCNH-Rugby-2024-01-06-RU260509_D__SCNH_PD0000479_438_20260509-BODS_V1_1.xml,12,4
R85H-None--SCNH-Rugby-2024-01-06-RU260411_-_Easter_Changes_BODS__SCNH_PD0000479_439_20260411-BODS_V1_1.xml,6,1
R85H-None--SCNH-Rugby-2024-01-06-RU260411_-_Easter_Changes_BODS__SCNH_PD0000479_439_20260411-BODS_V1_1.xml,15,1
R85H-None--SCNH-Rugby-2024-01-06-RU260509_D__SCNH_PD0000479_439_20260507-BODS_V1_1.xml,6,1
R85H-None--SCNH-Rugby-2024-01-06-RU260509_D__SCNH_PD0000479_439_20260507-BODS_V1_1.xml,15,1
R85H-None--SCNH-Rugby-2024-01-06-RU260509_D__SCNH_PD0000479_439_20260509-BODS_V1_1.xml,6,1
R85H-None--SCNH-Rugby-2024-01-06-RU260509_D__SCNH_PD0000479_439_20260509-BODS_V1_1.xml,15,1
R85K-None--SCNH-Rugby-2024-01-06-RU260411_-_Easter_Changes_BODS__SCNH_PD0000479_440_20260411-BODS_V1_1.xml,6,1
R85K-None--SCNH-Rugby-2024-01-06-RU260411_-_Easter_Changes_BODS__SCNH_PD0000479_440_20260411-BODS_V1_1.xml,15,1
R85K-None--SCNH-Rugby-2024-01-06-RU260509_D__SCNH_PD0000479_440_20260507-BODS_V1_1.xml,6,1
R85K-None--SCNH-Rugby-2024-01-06-RU260509_D__SCNH_PD0000479_440_20260507-BODS_V1_1.xml,15,1
R85K-None--SCNH-Rugby-2024-01-06-RU260509_D__SCNH_PD0000479_440_20260509-BODS_V1_1.xml,6,1
R85K-None--SCNH-Rugby-2024-01-06-RU260509_D__SCNH_PD0000479_440_20260509-BODS_V1_1.xml,15,1
R85S-None--SCNH-Rugby-2024-01-06-RU260411_-_Easter_Changes_BODS__SCNH_PD0000479_441_20260411-BODS_V1_1.xml,6,1
R85S-None--SCNH-Rugby-2024-01-06-RU260411_-_Easter_Changes_BODS__SCNH_PD0000479_441_20260411-BODS_V1_1.xml,16,1
R85S-None--SCNH-Rugby-2024-01-06-RU260509_D__SCNH_PD0000479_441_20260507-BODS_V1_1.xml,6,1
R85S-None--SCNH-Rugby-2024-01-06-RU260509_D__SCNH_PD0000479_441_20260507-BODS_V1_1.xml,16,1
R85S-None--SCNH-Rugby-2024-01-06-RU260509_D__SCNH_PD0000479_441_20260509-BODS_V1_1.xml,6,1
R85S-None--SCNH-Rugby-2024-01-06-RU260509_D__SCNH_PD0000479_441_20260509-BODS_V1_1.xml,16,1
R86-None--SCNH-Rugby-2024-01-06-RU260411_-_Easter_Changes_BODS__SCNH_PD0000479_20_20260411-BODS_V1_1.xml,5,1
R86-None--SCNH-Rugby-2024-01-06-RU260411_-_Easter_Changes_BODS__SCNH_PD0000479_20_20260411-BODS_V1_1.xml,6,3
R86-None--SCNH-Rugby-2024-01-06-RU260411_-_Easter_Changes_BODS__SCNH_PD0000479_20_20260411-BODS_V1_1.xml,7,4
R86-None--SCNH-Rugby-2024-01-06-RU260411_-_Easter_Changes_BODS__SCNH_PD0000479_20_20260411-BODS_V1_1.xml,8,5
R86-None--SCNH-Rugby-2024-01-06-RU260411_-_Easter_Changes_BODS__SCNH_PD0000479_20_20260411-BODS_V1_1.xml,9,6
R86-None--SCNH-Rugby-2024-01-06-RU260411_-_Easter_Changes_BODS__SCNH_PD0000479_20_20260411-BODS_V1_1.xml,10,4
R86-None--SCNH-Rugby-2024-01-06-RU260411_-_Easter_Changes_BODS__SCNH_PD0000479_20_20260411-BODS_V1_1.xml,11,6
R86-None--SCNH-Rugby-2024-01-06-RU260411_-_Easter_Changes_BODS__SCNH_PD0000479_20_20260411-BODS_V1_1.xml,12,4
R86-None--SCNH-Rugby-2024-01-06-RU260411_-_Easter_Changes_BODS__SCNH_PD0000479_20_20260411-BODS_V1_1.xml,13,6
R86-None--SCNH-Rugby-2024-01-06-RU260411_-_Easter_Changes_BODS__SCNH_PD0000479_20_20260411-BODS_V1_1.xml,14,4
R86-None--SCNH-Rugby-2024-01-06-RU260411_-_Easter_Changes_BODS__SCNH_PD0000479_20_20260411-BODS_V1_1.xml,15,6
R86-None--SCNH-Rugby-2024-01-06-RU260411_-_Easter_Changes_BODS__SCNH_PD0000479_20_20260411-BODS_V1_1.xml,16,4
R86-None--SCNH-Rugby-2024-01-06-RU260411_-_Easter_Changes_BODS__SCNH_PD0000479_20_20260411-BODS_V1_1.xml,17,5
R86-None--SCNH-Rugby-2024-01-06-RU260411_-_Easter_Changes_BODS__SCNH_PD0000479_20_20260411-BODS_V1_1.xml,18,5
R86-None--SCNH-Rugby-2024-01-06-RU260411_-_Easter_Changes_BODS__SCNH_PD0000479_20_20260411-BODS_V1_1.xml,19,4
R86-None--SCNH-Rugby-2024-01-06-RU260411_-_Easter_Changes_BODS__SCNH_PD0000479_20_20260411-BODS_V1_1.xml,20,2
R86-None--SCNH-Rugby-2024-01-06-RU260509_D__SCNH_PD0000479_20_20260507-BODS_V1_1.xml,5,1
R86-None--SCNH-Rugby-2024-01-06-RU260509_D__SCNH_PD0000479_20_20260507-BODS_V1_1.xml,6,3
R86-None--SCNH-Rugby-2024-01-06-RU260509_D__SCNH_PD0000479_20_20260507-BODS_V1_1.xml,7,4
R86-None--SCNH-Rugby-2024-01-06-RU260509_D__SCNH_PD0000479_20_20260507-BODS_V1_1.xml,8,5
R86-None--SCNH-Rugby-2024-01-06-RU260509_D__SCNH_PD0000479_20_20260507-BODS_V1_1.xml,9,6
R86-None--SCNH-Rugby-2024-01-06-RU260509_D__SCNH_PD0000479_20_20260507-BODS_V1_1.xml,10,4
R86-None--SCNH-Rugby-2024-01-06-RU260509_D__SCNH_PD0000479_20_20260507-BODS_V1_1.xml,11,6
R86-None--SCNH-Rugby-2024-01-06-RU260509_D__SCNH_PD0000479_20_20260507-BODS_V1_1.xml,12,4
R86-None--SCNH-Rugby-2024-01-06-RU260509_D__SCNH_PD0000479_20_20260507-BODS_V1_1.xml,13,6
R86-None--SCNH-Rugby-2024-01-06-RU260509_D__SCNH_PD0000479_20_20260507-BODS_V1_1.xml,14,4
R86-None--SCNH-Rugby-2024-01-06-RU260509_D__SCNH_PD0000479_20_20260507-BODS_V1_1.xml,15,6
R86-None--SCNH-Rugby-2024-01-06-RU260509_D__SCNH_PD0000479_20_20260507-BODS_V1_1.xml,16,4
R86-None--SCNH-Rugby-2024-01-06-RU260509_D__SCNH_PD0000479_20_20260507-BODS_V1_1.xml,17,5
R86-None--SCNH-Rugby-2024-01-06-RU260509_D__SCNH_PD0000479_20_20260507-BODS_V1_1.xml,18,5
R86-None--SCNH-Rugby-2024-01-06-RU260509_D__SCNH_PD0000479_20_20260507-BODS_V1_1.xml,19,4
R86-None--SCNH-Rugby-2024-01-06-RU260509_D__SCNH_PD0000479_20_20260507-BODS_V1_1.xml,20,2
R86-None--SCNH-Rugby-2024-01-06-RU260509_D__SCNH_PD0000479_20_20260509-BODS_V1_1.xml,5,1
R86-None--SCNH-Rugby-2024-01-06-RU260509_D__SCNH_PD0000479_20_20260509-BODS_V1_1.xml,6,3
R86-None--SCNH-Rugby-2024-01-06-RU260509_D__SCNH_PD0000479_20_20260509-BODS_V1_1.xml,7,4
R86-None--SCNH-Rugby-2024-01-06-RU260509_D__SCNH_PD0000479_20_20260509-BODS_V1_1.xml,8,5
R86-None--SCNH-Rugby-2024-01-06-RU260509_D__SCNH_PD0000479_20_20260509-BODS_V1_1.xml,9,6
R86-None--SCNH-Rugby-2024-01-06-RU260509_D__SCNH_PD0000479_20_20260509-BODS_V1_1.xml,10,4
R86-None--SCNH-Rugby-2024-01-06-RU260509_D__SCNH_PD0000479_20_20260509-BODS_V1_1.xml,11,6
R86-None--SCNH-Rugby-2024-01-06-RU260509_D__SCNH_PD0000479_20_20260509-BODS_V1_1.xml,12,4
R86-None--SCNH-Rugby-2024-01-06-RU260509_D__SCNH_PD0000479_20_20260509-BODS_V1_1.xml,13,6
R86-None--SCNH-Rugby-2024-01-06-RU260509_D__SCNH_PD0000479_20_20260509-BODS_V1_1.xml,14,4
R86-None--SCNH-Rugby-2024-01-06-RU260509_D__SCNH_PD0000479_20_20260509-BODS_V1_1.xml,15,6
R86-None--SCNH-Rugby-2024-01-06-RU260509_D__SCNH_PD0000479_20_20260509-BODS_V1_1.xml,16,4
R86-None--SCNH-Rugby-2024-01-06-RU260509_D__SCNH_PD0000479_20_20260509-BODS_V1_1.xml,17,5
R86-None--SCNH-Rugby-2024-01-06-RU260509_D__SCNH_PD0000479_20_20260509-BODS_V1_1.xml,18,5
R86-None--SCNH-Rugby-2024-01-06-RU260509_D__SCNH_PD0000479_20_20260509-BODS_V1_1.xml,19,4
R86-None--SCNH-Rugby-2024-01-06-RU260509_D__SCNH_PD0000479_20_20260509-BODS_V1_1.xml,20,2
R8B-None--SCNH-Rugby-2024-01-06-RU260411_-_Easter_Changes_BODS__SCNH_PD0000479_421_20260411-BODS_V1_1.xml,6,2
R8B-None--SCNH-Rugby-2024-01-06-RU260411_-_Easter_Changes_BODS__SCNH_PD0000479_421_20260411-BODS_V1_1.xml,7,2
R8B-None--SCNH-Rugby-2024-01-06-RU260411_-_Easter_Changes_BODS__SCNH_PD0000479_421_20260411-BODS_V1_1.xml,8,2
R8B-None--SCNH-Rugby-2024-01-06-RU260411_-_Easter_Changes_BODS__SCNH_PD0000479_421_20260411-BODS_V1_1.xml,9,2
R8B-None--SCNH-Rugby-2024-01-06-RU260411_-_Easter_Changes_BODS__SCNH_PD0000479_421_20260411-BODS_V1_1.xml,10,2
R8B-None--SCNH-Rugby-2024-01-06-RU260411_-_Easter_Changes_BODS__SCNH_PD0000479_421_20260411-BODS_V1_1.xml,11,2
R8B-None--SCNH-Rugby-2024-01-06-RU260411_-_Easter_Changes_BODS__SCNH_PD0000479_421_20260411-BODS_V1_1.xml,12,2
R8B-None--SCNH-Rugby-2024-01-06-RU260411_-_Easter_Changes_BODS__SCNH_PD0000479_421_20260411-BODS_V1_1.xml,13,2
R8B-None--SCNH-Rugby-2024-01-06-RU260411_-_Easter_Changes_BODS__SCNH_PD0000479_421_20260411-BODS_V1_1.xml,14,2
R8B-None--SCNH-Rugby-2024-01-06-RU260411_-_Easter_Changes_BODS__SCNH_PD0000479_421_20260411-BODS_V1_1.xml,15,2
R8B-None--SCNH-Rugby-2024-01-06-RU260411_-_Easter_Changes_BODS__SCNH_PD0000479_421_20260411-BODS_V1_1.xml,17,2
R8B-None--SCNH-Rugby-2024-01-06-RU260411_-_Easter_Changes_BODS__SCNH_PD0000479_421_20260411-BODS_V1_1.xml,18,2
R8B-None--SCNH-Rugby-2024-01-06-RU260509_D__SCNH_PD0000479_421_20260507-BODS_V1_1.xml,6,2
R8B-None--SCNH-Rugby-2024-01-06-RU260509_D__SCNH_PD0000479_421_20260507-BODS_V1_1.xml,7,2
R8B-None--SCNH-Rugby-2024-01-06-RU260509_D__SCNH_PD0000479_421_20260507-BODS_V1_1.xml,8,2
R8B-None--SCNH-Rugby-2024-01-06-RU260509_D__SCNH_PD0000479_421_20260507-BODS_V1_1.xml,9,2
R8B-None--SCNH-Rugby-2024-01-06-RU260509_D__SCNH_PD0000479_421_20260507-BODS_V1_1.xml,10,2
R8B-None--SCNH-Rugby-2024-01-06-RU260509_D__SCNH_PD0000479_421_20260507-BODS_V1_1.xml,11,2
R8B-None--SCNH-Rugby-2024-01-06-RU260509_D__SCNH_PD0000479_421_20260507-BODS_V1_1.xml,12,2
R8B-None--SCNH-Rugby-2024-01-06-RU260509_D__SCNH_PD0000479_421_20260507-BODS_V1_1.xml,13,2
R8B-None--SCNH-Rugby-2024-01-06-RU260509_D__SCNH_PD0000479_421_20260507-BODS_V1_1.xml,14,2
R8B-None--SCNH-Rugby-2024-01-06-RU260509_D__SCNH_PD0000479_421_20260507-BODS_V1_1.xml,15,2
R8B-None--SCNH-Rugby-2024-01-06-RU260509_D__SCNH_PD0000479_421_20260507-BODS_V1_1.xml,17,2
R8B-None--SCNH-Rugby-2024-01-06-RU260509_D__SCNH_PD0000479_421_20260507-BODS_V1_1.xml,18,2
R8B-None--SCNH-Rugby-2024-01-06-RU260509_D__SCNH_PD0000479_421_20260509-BODS_V1_1.xml,6,2
R8B-None--SCNH-Rugby-2024-01-06-RU260509_D__SCNH_PD0000479_421_20260509-BODS_V1_1.xml,7,2
R8B-None--SCNH-Rugby-2024-01-06-RU260509_D__SCNH_PD0000479_421_20260509-BODS_V1_1.xml,8,2
R8B-None--SCNH-Rugby-2024-01-06-RU260509_D__SCNH_PD0000479_421_20260509-BODS_V1_1.xml,9,2
R8B-None--SCNH-Rugby-2024-01-06-RU260509_D__SCNH_PD0000479_421_20260509-BODS_V1_1.xml,10,2
R8B-None--SCNH-Rugby-2024-01-06-RU260509_D__SCNH_PD0000479_421_20260509-BODS_V1_1.xml,11,2
R8B-None--SCNH-Rugby-2024-01-06-RU260509_D__SCNH_PD0000479_421_20260509-BODS_V1_1.xml,12,2
R8B-None--SCNH-Rugby-2024-01-06-RU260509_D__SCNH_PD0000479_421_20260509-BODS_V1_1.xml,13,2
R8B-None--SCNH-Rugby-2024-01-06-RU260509_D__SCNH_PD0000479_421_20260509-BODS_V1_1.xml,14,2
R8B-None--SCNH-Rugby-2024-01-06-RU260509_D__SCNH_PD0000479_421_20260509-BODS_V1_1.xml,15,2
R8B-None--SCNH-Rugby-2024-01-06-RU260509_D__SCNH_PD0000479_421_20260509-BODS_V1_1.xml,17,2
R8B-None--SCNH-Rugby-2024-01-06-RU260509_D__SCNH_PD0000479_421_20260509-BODS_V1_1.xml,18,2
RO032A-None--SCGL-WEGL-2024-01-01-GL_26-03-08_DATA_SET__SCGL_PH0005031_352_20260413-BODS_V1_1.xml,6,1
RO032A-None--SCGL-WEGL-2024-01-01-GL_26-03-08_DATA_SET__SCGL_PH0005031_352_20260413-BODS_V1_1.xml,7,4
RO032A-None--SCGL-WEGL-2024-01-01-GL_26-03-08_DATA_SET__SCGL_PH0005031_352_20260413-BODS_V1_1.xml,8,4
RO032A-None--SCGL-WEGL-2024-01-01-GL_26-03-08_DATA_SET__SCGL_PH0005031_352_20260413-BODS_V1_1.xml,9,4
RO032A-None--SCGL-WEGL-2024-01-01-GL_26-03-08_DATA_SET__SCGL_PH0005031_352_20260413-BODS_V1_1.xml,10,5
RO032A-None--SCGL-WEGL-2024-01-01-GL_26-03-08_DATA_SET__SCGL_PH0005031_352_20260413-BODS_V1_1.xml,11,5
RO032A-None--SCGL-WEGL-2024-01-01-GL_26-03-08_DATA_SET__SCGL_PH0005031_352_20260413-BODS_V1_1.xml,12,5
RO032A-None--SCGL-WEGL-2024-01-01-GL_26-03-08_DATA_SET__SCGL_PH0005031_352_20260413-BODS_V1_1.xml,13,5
RO032A-None--SCGL-WEGL-2024-01-01-GL_26-03-08_DATA_SET__SCGL_PH0005031_352_20260413-BODS_V1_1.xml,14,6
RO032A-None--SCGL-WEGL-2024-01-01-GL_26-03-08_DATA_SET__SCGL_PH0005031_352_20260413-BODS_V1_1.xml,15,5
RO032A-None--SCGL-WEGL-2024-01-01-GL_26-03-08_DATA_SET__SCGL_PH0005031_352_20260413-BODS_V1_1.xml,16,8
RO032A-None--SCGL-WEGL-2024-01-01-GL_26-03-08_DATA_SET__SCGL_PH0005031_352_20260413-BODS_V1_1.xml,17,9
RO032A-None--SCGL-WEGL-2024-01-01-GL_26-03-08_DATA_SET__SCGL_PH0005031_352_20260413-BODS_V1_1.xml,18,6
RO032A-None--SCGL-WEGL-2024-01-01-GL_26-03-08_DATA_SET__SCGL_PH0005031_352_20260413-BODS_V1_1.xml,19,5
RO032A-None--SCGL-WEGL-2024-01-01-GL_26-03-08_DATA_SET__SCGL_PH0005031_352_20260413-BODS_V1_1.xml,20,4
RO032A-None--SCGL-WEGL-2024-01-01-GL_26-03-08_DATA_SET__SCGL_PH0005031_352_20260413-BODS_V1_1.xml,21,4
RO032A-None--SCGL-WEGL-2024-01-01-GL_26-03-08_DATA_SET__SCGL_PH0005031_352_20260413-BODS_V1_1.xml,22,2
RO032A-None--SCGL-WEGL-2024-01-01-GL_26-03-08_DATA_SET__SCGL_PH0005031_352_20260413-BODS_V1_1.xml,23,4
RO032A-None--SCGL-WEGL-2024-01-01-GL_26-03-08_DATA_SET__SCGL_PH0005031_352_20260526-BODS_V1_1.xml,6,1
RO032A-None--SCGL-WEGL-2024-01-01-GL_26-03-08_DATA_SET__SCGL_PH0005031_352_20260526-BODS_V1_1.xml,7,4
RO032A-None--SCGL-WEGL-2024-01-01-GL_26-03-08_DATA_SET__SCGL_PH0005031_352_20260526-BODS_V1_1.xml,8,4
RO032A-None--SCGL-WEGL-2024-01-01-GL_26-03-08_DATA_SET__SCGL_PH0005031_352_20260526-BODS_V1_1.xml,9,4
RO032A-None--SCGL-WEGL-2024-01-01-GL_26-03-08_DATA_SET__SCGL_PH0005031_352_20260526-BODS_V1_1.xml,10,5
RO032A-None--SCGL-WEGL-2024-01-01-GL_26-03-08_DATA_SET__SCGL_PH0005031_352_20260526-BODS_V1_1.xml,11,5
RO032A-None--SCGL-WEGL-2024-01-01-GL_26-03-08_DATA_SET__SCGL_PH0005031_352_20260526-BODS_V1_1.xml,12,5
RO032A-None--SCGL-WEGL-2024-01-01-GL_26-03-08_DATA_SET__SCGL_PH0005031_352_20260526-BODS_V1_1.xml,13,5
RO032A-None--SCGL-WEGL-2024-01-01-GL_26-03-08_DATA_SET__SCGL_PH0005031_352_20260526-BODS_V1_1.xml,14,6
RO032A-None--SCGL-WEGL-2024-01-01-GL_26-03-08_DATA_SET__SCGL_PH0005031_352_20260526-BODS_V1_1.xml,15,6
RO032A-None--SCGL-WEGL-2024-01-01-GL_26-03-08_DATA_SET__SCGL_PH0005031_352_20260526-BODS_V1_1.xml,16,6
RO032A-None--SCGL-WEGL-2024-01-01-GL_26-03-08_DATA_SET__SCGL_PH0005031_352_20260526-BODS_V1_1.xml,17,7
RO032A-None--SCGL-WEGL-2024-01-01-GL_26-03-08_DATA_SET__SCGL_PH0005031_352_20260526-BODS_V1_1.xml,18,5
RO032A-None--SCGL-WEGL-2024-01-01-GL_26-03-08_DATA_SET__SCGL_PH0005031_352_20260526-BODS_V1_1.xml,19,4
RO032A-None--SCGL-WEGL-2024-01-01-GL_26-03-08_DATA_SET__SCGL_PH0005031_352_20260526-BODS_V1_1.xml,20,4
RO032A-None--SCGL-WEGL-2024-01-01-GL_26-03-08_DATA_SET__SCGL_PH0005031_352_20260526-BODS_V1_1.xml,21,4
RO032A-None--SCGL-WEGL-2024-01-01-GL_26-03-08_DATA_SET__SCGL_PH0005031_352_20260526-BODS_V1_1.xml,22,2
RO032A-None--SCGL-WEGL-2024-01-01-GL_26-03-08_DATA_SET__SCGL_PH0005031_352_20260526-BODS_V1_1.xml,23,4
RO032A-None--SCGL-WEGL-2024-01-01-GL_26-05-31_JD_V9.4__SCGL_PH0005031_352_20260531-BODS_V1_1.xml,6,1
RO032A-None--SCGL-WEGL-2024-01-01-GL_26-05-31_JD_V9.4__SCGL_PH0005031_352_20260531-BODS_V1_1.xml,7,4
RO032A-None--SCGL-WEGL-2024-01-01-GL_26-05-31_JD_V9.4__SCGL_PH0005031_352_20260531-BODS_V1_1.xml,8,4
RO032A-None--SCGL-WEGL-2024-01-01-GL_26-05-31_JD_V9.4__SCGL_PH0005031_352_20260531-BODS_V1_1.xml,9,4
RO032A-None--SCGL-WEGL-2024-01-01-GL_26-05-31_JD_V9.4__SCGL_PH0005031_352_20260531-BODS_V1_1.xml,10,5
RO032A-None--SCGL-WEGL-2024-01-01-GL_26-05-31_JD_V9.4__SCGL_PH0005031_352_20260531-BODS_V1_1.xml,11,5
RO032A-None--SCGL-WEGL-2024-01-01-GL_26-05-31_JD_V9.4__SCGL_PH0005031_352_20260531-BODS_V1_1.xml,12,5
RO032A-None--SCGL-WEGL-2024-01-01-GL_26-05-31_JD_V9.4__SCGL_PH0005031_352_20260531-BODS_V1_1.xml,13,5
RO032A-None--SCGL-WEGL-2024-01-01-GL_26-05-31_JD_V9.4__SCGL_PH0005031_352_20260531-BODS_V1_1.xml,14,6
RO032A-None--SCGL-WEGL-2024-01-01-GL_26-05-31_JD_V9.4__SCGL_PH0005031_352_20260531-BODS_V1_1.xml,15,5
RO032A-None--SCGL-WEGL-2024-01-01-GL_26-05-31_JD_V9.4__SCGL_PH0005031_352_20260531-BODS_V1_1.xml,16,6
RO032A-None--SCGL-WEGL-2024-01-01-GL_26-05-31_JD_V9.4__SCGL_PH0005031_352_20260531-BODS_V1_1.xml,17,7
RO032A-None--SCGL-WEGL-2024-01-01-GL_26-05-31_JD_V9.4__SCGL_PH0005031_352_20260531-BODS_V1_1.xml,18,5
RO032A-None--SCGL-WEGL-2024-01-01-GL_26-05-31_JD_V9.4__SCGL_PH0005031_352_20260531-BODS_V1_1.xml,19,4
RO032A-None--SCGL-WEGL-2024-01-01-GL_26-05-31_JD_V9.4__SCGL_PH0005031_352_20260531-BODS_V1_1.xml,20,4
RO032A-None--SCGL-WEGL-2024-01-01-GL_26-05-31_JD_V9.4__SCGL_PH0005031_352_20260531-BODS_V1_1.xml,21,4
RO032A-None--SCGL-WEGL-2024-01-01-GL_26-05-31_JD_V9.4__SCGL_PH0005031_352_20260531-BODS_V1_1.xml,22,2
RO032A-None--SCGL-WEGL-2024-01-01-GL_26-05-31_JD_V9.4__SCGL_PH0005031_352_20260531-BODS_V1_1.xml,23,4
RO033A-None--SCGL-WEGL-2024-01-01-GL_26-03-08_DATA_SET__SCGL_PH0005031_349_20260413-BODS_V1_1.xml,5,1
RO033A-None--SCGL-WEGL-2024-01-01-GL_26-03-08_DATA_SET__SCGL_PH0005031_349_20260413-BODS_V1_1.xml,6,2
RO033A-None--SCGL-WEGL-2024-01-01-GL_26-03-08_DATA_SET__SCGL_PH0005031_349_20260413-BODS_V1_1.xml,7,4
RO033A-None--SCGL-WEGL-2024-01-01-GL_26-03-08_DATA_SET__SCGL_PH0005031_349_20260413-BODS_V1_1.xml,8,5
RO033A-None--SCGL-WEGL-2024-01-01-GL_26-03-08_DATA_SET__SCGL_PH0005031_349_20260413-BODS_V1_1.xml,9,5
RO033A-None--SCGL-WEGL-2024-01-01-GL_26-03-08_DATA_SET__SCGL_PH0005031_349_20260413-BODS_V1_1.xml,10,5
RO033A-None--SCGL-WEGL-2024-01-01-GL_26-03-08_DATA_SET__SCGL_PH0005031_349_20260413-BODS_V1_1.xml,11,5
RO033A-None--SCGL-WEGL-2024-01-01-GL_26-03-08_DATA_SET__SCGL_PH0005031_349_20260413-BODS_V1_1.xml,12,5
RO033A-None--SCGL-WEGL-2024-01-01-GL_26-03-08_DATA_SET__SCGL_PH0005031_349_20260413-BODS_V1_1.xml,13,5
RO033A-None--SCGL-WEGL-2024-01-01-GL_26-03-08_DATA_SET__SCGL_PH0005031_349_20260413-BODS_V1_1.xml,14,5
RO033A-None--SCGL-WEGL-2024-01-01-GL_26-03-08_DATA_SET__SCGL_PH0005031_349_20260413-BODS_V1_1.xml,15,4
RO033A-None--SCGL-WEGL-2024-01-01-GL_26-03-08_DATA_SET__SCGL_PH0005031_349_20260413-BODS_V1_1.xml,16,3
RO033A-None--SCGL-WEGL-2024-01-01-GL_26-03-08_DATA_SET__SCGL_PH0005031_349_20260413-BODS_V1_1.xml,17,5
RO033A-None--SCGL-WEGL-2024-01-01-GL_26-03-08_DATA_SET__SCGL_PH0005031_349_20260413-BODS_V1_1.xml,18,4
RO033A-None--SCGL-WEGL-2024-01-01-GL_26-03-08_DATA_SET__SCGL_PH0005031_349_20260413-BODS_V1_1.xml,19,2
RO033A-None--SCGL-WEGL-2024-01-01-GL_26-03-08_DATA_SET__SCGL_PH0005031_349_20260413-BODS_V1_1.xml,20,2
RO033A-None--SCGL-WEGL-2024-01-01-GL_26-03-08_DATA_SET__SCGL_PH0005031_349_20260526-BODS_V1_1.xml,5,1
RO033A-None--SCGL-WEGL-2024-01-01-GL_26-03-08_DATA_SET__SCGL_PH0005031_349_20260526-BODS_V1_1.xml,6,2
RO033A-None--SCGL-WEGL-2024-01-01-GL_26-03-08_DATA_SET__SCGL_PH0005031_349_20260526-BODS_V1_1.xml,7,4
RO033A-None--SCGL-WEGL-2024-01-01-GL_26-03-08_DATA_SET__SCGL_PH0005031_349_20260526-BODS_V1_1.xml,8,5
RO033A-None--SCGL-WEGL-2024-01-01-GL_26-03-08_DATA_SET__SCGL_PH0005031_349_20260526-BODS_V1_1.xml,9,5
RO033A-None--SCGL-WEGL-2024-01-01-GL_26-03-08_DATA_SET__SCGL_PH0005031_349_20260526-BODS_V1_1.xml,10,5
RO033A-None--SCGL-WEGL-2024-01-01-GL_26-03-08_DATA_SET__SCGL_PH0005031_349_20260526-BODS_V1_1.xml,11,5
RO033A-None--SCGL-WEGL-2024-01-01-GL_26-03-08_DATA_SET__SCGL_PH0005031_349_20260526-BODS_V1_1.xml,12,5
RO033A-None--SCGL-WEGL-2024-01-01-GL_26-03-08_DATA_SET__SCGL_PH0005031_349_20260526-BODS_V1_1.xml,13,5
RO033A-None--SCGL-WEGL-2024-01-01-GL_26-03-08_DATA_SET__SCGL_PH0005031_349_20260526-BODS_V1_1.xml,14,5
RO033A-None--SCGL-WEGL-2024-01-01-GL_26-03-08_DATA_SET__SCGL_PH0005031_349_20260526-BODS_V1_1.xml,15,3
RO033A-None--SCGL-WEGL-2024-01-01-GL_26-03-08_DATA_SET__SCGL_PH0005031_349_20260526-BODS_V1_1.xml,16,4
RO033A-None--SCGL-WEGL-2024-01-01-GL_26-03-08_DATA_SET__SCGL_PH0005031_349_20260526-BODS_V1_1.xml,17,5
RO033A-None--SCGL-WEGL-2024-01-01-GL_26-03-08_DATA_SET__SCGL_PH0005031_349_20260526-BODS_V1_1.xml,18,5
RO033A-None--SCGL-WEGL-2024-01-01-GL_26-03-08_DATA_SET__SCGL_PH0005031_349_20260526-BODS_V1_1.xml,19,2
RO033A-None--SCGL-WEGL-2024-01-01-GL_26-03-08_DATA_SET__SCGL_PH0005031_349_20260526-BODS_V1_1.xml,20,3
RO033A-None--SCGL-WEGL-2024-01-01-GL_26-05-31_JD_V9.4__SCGL_PH0005031_349_20260531-BODS_V1_1.xml,5,1
RO033A-None--SCGL-WEGL-2024-01-01-GL_26-05-31_JD_V9.4__SCGL_PH0005031_349_20260531-BODS_V1_1.xml,6,2
RO033A-None--SCGL-WEGL-2024-01-01-GL_26-05-31_JD_V9.4__SCGL_PH0005031_349_20260531-BODS_V1_1.xml,7,4
RO033A-None--SCGL-WEGL-2024-01-01-GL_26-05-31_JD_V9.4__SCGL_PH0005031_349_20260531-BODS_V1_1.xml,8,5
RO033A-None--SCGL-WEGL-2024-01-01-GL_26-05-31_JD_V9.4__SCGL_PH0005031_349_20260531-BODS_V1_1.xml,9,5
RO033A-None--SCGL-WEGL-2024-01-01-GL_26-05-31_JD_V9.4__SCGL_PH0005031_349_20260531-BODS_V1_1.xml,10,5
RO033A-None--SCGL-WEGL-2024-01-01-GL_26-05-31_JD_V9.4__SCGL_PH0005031_349_20260531-BODS_V1_1.xml,11,5
RO033A-None--SCGL-WEGL-2024-01-01-GL_26-05-31_JD_V9.4__SCGL_PH0005031_349_20260531-BODS_V1_1.xml,12,5
RO033A-None--SCGL-WEGL-2024-01-01-GL_26-05-31_JD_V9.4__SCGL_PH0005031_349_20260531-BODS_V1_1.xml,13,5
RO033A-None--SCGL-WEGL-2024-01-01-GL_26-05-31_JD_V9.4__SCGL_PH0005031_349_20260531-BODS_V1_1.xml,14,5
RO033A-None--SCGL-WEGL-2024-01-01-GL_26-05-31_JD_V9.4__SCGL_PH0005031_349_20260531-BODS_V1_1.xml,15,4
RO033A-None--SCGL-WEGL-2024-01-01-GL_26-05-31_JD_V9.4__SCGL_PH0005031_349_20260531-BODS_V1_1.xml,16,3
RO033A-None--SCGL-WEGL-2024-01-01-GL_26-05-31_JD_V9.4__SCGL_PH0005031_349_20260531-BODS_V1_1.xml,17,5
RO033A-None--SCGL-WEGL-2024-01-01-GL_26-05-31_JD_V9.4__SCGL_PH0005031_349_20260531-BODS_V1_1.xml,18,4
RO033A-None--SCGL-WEGL-2024-01-01-GL_26-05-31_JD_V9.4__SCGL_PH0005031_349_20260531-BODS_V1_1.xml,19,2
RO033A-None--SCGL-WEGL-2024-01-01-GL_26-05-31_JD_V9.4__SCGL_PH0005031_349_20260531-BODS_V1_1.xml,20,2
RO033B-None--SCGL-WEGL-2024-01-01-GL_26-03-08_DATA_SET__SCGL_PH0005031_350_20260413-BODS_V1_1.xml,6,1
RO033B-None--SCGL-WEGL-2024-01-01-GL_26-03-08_DATA_SET__SCGL_PH0005031_350_20260413-BODS_V1_1.xml,7,3
RO033B-None--SCGL-WEGL-2024-01-01-GL_26-03-08_DATA_SET__SCGL_PH0005031_350_20260413-BODS_V1_1.xml,8,4
RO033B-None--SCGL-WEGL-2024-01-01-GL_26-03-08_DATA_SET__SCGL_PH0005031_350_20260413-BODS_V1_1.xml,9,5
RO033B-None--SCGL-WEGL-2024-01-01-GL_26-03-08_DATA_SET__SCGL_PH0005031_350_20260413-BODS_V1_1.xml,10,5
RO033B-None--SCGL-WEGL-2024-01-01-GL_26-03-08_DATA_SET__SCGL_PH0005031_350_20260413-BODS_V1_1.xml,11,5
RO033B-None--SCGL-WEGL-2024-01-01-GL_26-03-08_DATA_SET__SCGL_PH0005031_350_20260413-BODS_V1_1.xml,12,5
RO033B-None--SCGL-WEGL-2024-01-01-GL_26-03-08_DATA_SET__SCGL_PH0005031_350_20260413-BODS_V1_1.xml,13,5
RO033B-None--SCGL-WEGL-2024-01-01-GL_26-03-08_DATA_SET__SCGL_PH0005031_350_20260413-BODS_V1_1.xml,14,5
RO033B-None--SCGL-WEGL-2024-01-01-GL_26-03-08_DATA_SET__SCGL_PH0005031_350_20260413-BODS_V1_1.xml,15,4
RO033B-None--SCGL-WEGL-2024-01-01-GL_26-03-08_DATA_SET__SCGL_PH0005031_350_20260413-BODS_V1_1.xml,16,4
RO033B-None--SCGL-WEGL-2024-01-01-GL_26-03-08_DATA_SET__SCGL_PH0005031_350_20260413-BODS_V1_1.xml,17,3
RO033B-None--SCGL-WEGL-2024-01-01-GL_26-03-08_DATA_SET__SCGL_PH0005031_350_20260413-BODS_V1_1.xml,18,3
RO033B-None--SCGL-WEGL-2024-01-01-GL_26-03-08_DATA_SET__SCGL_PH0005031_350_20260413-BODS_V1_1.xml,19,4
RO033B-None--SCGL-WEGL-2024-01-01-GL_26-03-08_DATA_SET__SCGL_PH0005031_350_20260526-BODS_V1_1.xml,6,1
RO033B-None--SCGL-WEGL-2024-01-01-GL_26-03-08_DATA_SET__SCGL_PH0005031_350_20260526-BODS_V1_1.xml,7,3
RO033B-None--SCGL-WEGL-2024-01-01-GL_26-03-08_DATA_SET__SCGL_PH0005031_350_20260526-BODS_V1_1.xml,8,4
RO033B-None--SCGL-WEGL-2024-01-01-GL_26-03-08_DATA_SET__SCGL_PH0005031_350_20260526-BODS_V1_1.xml,9,5
RO033B-None--SCGL-WEGL-2024-01-01-GL_26-03-08_DATA_SET__SCGL_PH0005031_350_20260526-BODS_V1_1.xml,10,5
RO033B-None--SCGL-WEGL-2024-01-01-GL_26-03-08_DATA_SET__SCGL_PH0005031_350_20260526-BODS_V1_1.xml,11,5
RO033B-None--SCGL-WEGL-2024-01-01-GL_26-03-08_DATA_SET__SCGL_PH0005031_350_20260526-BODS_V1_1.xml,12,5
RO033B-None--SCGL-WEGL-2024-01-01-GL_26-03-08_DATA_SET__SCGL_PH0005031_350_20260526-BODS_V1_1.xml,13,5
RO033B-None--SCGL-WEGL-2024-01-01-GL_26-03-08_DATA_SET__SCGL_PH0005031_350_20260526-BODS_V1_1.xml,14,5
RO033B-None--SCGL-WEGL-2024-01-01-GL_26-03-08_DATA_SET__SCGL_PH0005031_350_20260526-BODS_V1_1.xml,15,4
RO033B-None--SCGL-WEGL-2024-01-01-GL_26-03-08_DATA_SET__SCGL_PH0005031_350_20260526-BODS_V1_1.xml,16,4
RO033B-None--SCGL-WEGL-2024-01-01-GL_26-03-08_DATA_SET__SCGL_PH0005031_350_20260526-BODS_V1_1.xml,17,3
RO033B-None--SCGL-WEGL-2024-01-01-GL_26-03-08_DATA_SET__SCGL_PH0005031_350_20260526-BODS_V1_1.xml,18,3
RO033B-None--SCGL-WEGL-2024-01-01-GL_26-03-08_DATA_SET__SCGL_PH0005031_350_20260526-BODS_V1_1.xml,19,6
RO033B-None--SCGL-WEGL-2024-01-01-GL_26-05-31_JD_V9.4__SCGL_PH0005031_350_20260531-BODS_V1_1.xml,6,1
RO033B-None--SCGL-WEGL-2024-01-01-GL_26-05-31_JD_V9.4__SCGL_PH0005031_350_20260531-BODS_V1_1.xml,7,3
RO033B-None--SCGL-WEGL-2024-01-01-GL_26-05-31_JD_V9.4__SCGL_PH0005031_350_20260531-BODS_V1_1.xml,8,4
RO033B-None--SCGL-WEGL-2024-01-01-GL_26-05-31_JD_V9.4__SCGL_PH0005031_350_20260531-BODS_V1_1.xml,9,5
RO033B-None--SCGL-WEGL-2024-01-01-GL_26-05-31_JD_V9.4__SCGL_PH0005031_350_20260531-BODS_V1_1.xml,10,5
RO033B-None--SCGL-WEGL-2024-01-01-GL_26-05-31_JD_V9.4__SCGL_PH0005031_350_20260531-BODS_V1_1.xml,11,5
RO033B-None--SCGL-WEGL-2024-01-01-GL_26-05-31_JD_V9.4__SCGL_PH0005031_350_20260531-BODS_V1_1.xml,12,5
RO033B-None--SCGL-WEGL-2024-01-01-GL_26-05-31_JD_V9.4__SCGL_PH0005031_350_20260531-BODS_V1_1.xml,13,5
RO033B-None--SCGL-WEGL-2024-01-01-GL_26-05-31_JD_V9.4__SCGL_PH0005031_350_20260531-BODS_V1_1.xml,14,5
RO033B-None--SCGL-WEGL-2024-01-01-GL_26-05-31_JD_V9.4__SCGL_PH0005031_350_20260531-BODS_V1_1.xml,15,4
RO033B-None--SCGL-WEGL-2024-01-01-GL_26-05-31_JD_V9.4__SCGL_PH0005031_350_20260531-BODS_V1_1.xml,16,4
RO033B-None--SCGL-WEGL-2024-01-01-GL_26-05-31_JD_V9.4__SCGL_PH0005031_350_20260531-BODS_V1_1.xml,17,3
RO033B-None--SCGL-WEGL-2024-01-01-GL_26-05-31_JD_V9.4__SCGL_PH0005031_350_20260531-BODS_V1_1.xml,18,3
RO033B-None--SCGL-WEGL-2024-01-01-GL_26-05-31_JD_V9.4__SCGL_PH0005031_350_20260531-BODS_V1_1.xml,19,4
RO035-None--SCGL-WEGL-2024-01-01-GL_26-03-08_DATA_SET__SCGL_PH0005031_244_20260413-BODS_V1_1.xml,6,1
RO035-None--SCGL-WEGL-2024-01-01-GL_26-03-08_DATA_SET__SCGL_PH0005031_244_20260413-BODS_V1_1.xml,8,1
RO035-None--SCGL-WEGL-2024-01-01-GL_26-03-08_DATA_SET__SCGL_PH0005031_244_20260413-BODS_V1_1.xml,9,4
RO035-None--SCGL-WEGL-2024-01-01-GL_26-03-08_DATA_SET__SCGL_PH0005031_244_20260413-BODS_V1_1.xml,10,2
RO035-None--SCGL-WEGL-2024-01-01-GL_26-03-08_DATA_SET__SCGL_PH0005031_244_20260413-BODS_V1_1.xml,11,4
RO035-None--SCGL-WEGL-2024-01-01-GL_26-03-08_DATA_SET__SCGL_PH0005031_244_20260413-BODS_V1_1.xml,12,2
RO035-None--SCGL-WEGL-2024-01-01-GL_26-03-08_DATA_SET__SCGL_PH0005031_244_20260413-BODS_V1_1.xml,13,2
RO035-None--SCGL-WEGL-2024-01-01-GL_26-03-08_DATA_SET__SCGL_PH0005031_244_20260413-BODS_V1_1.xml,14,2
RO035-None--SCGL-WEGL-2024-01-01-GL_26-03-08_DATA_SET__SCGL_PH0005031_244_20260413-BODS_V1_1.xml,15,4
RO035-None--SCGL-WEGL-2024-01-01-GL_26-03-08_DATA_SET__SCGL_PH0005031_244_20260413-BODS_V1_1.xml,17,3
RO035-None--SCGL-WEGL-2024-01-01-GL_26-03-08_DATA_SET__SCGL_PH0005031_244_20260413-BODS_V1_1.xml,18,1
RO035-None--SCGL-WEGL-2024-01-01-GL_26-03-08_DATA_SET__SCGL_PH0005031_244_20260526-BODS_V1_1.xml,6,1
RO035-None--SCGL-WEGL-2024-01-01-GL_26-03-08_DATA_SET__SCGL_PH0005031_244_20260526-BODS_V1_1.xml,8,1
RO035-None--SCGL-WEGL-2024-01-01-GL_26-03-08_DATA_SET__SCGL_PH0005031_244_20260526-BODS_V1_1.xml,9,4
RO035-None--SCGL-WEGL-2024-01-01-GL_26-03-08_DATA_SET__SCGL_PH0005031_244_20260526-BODS_V1_1.xml,10,2
RO035-None--SCGL-WEGL-2024-01-01-GL_26-03-08_DATA_SET__SCGL_PH0005031_244_20260526-BODS_V1_1.xml,11,4
RO035-None--SCGL-WEGL-2024-01-01-GL_26-03-08_DATA_SET__SCGL_PH0005031_244_20260526-BODS_V1_1.xml,12,2
RO035-None--SCGL-WEGL-2024-01-01-GL_26-03-08_DATA_SET__SCGL_PH0005031_244_20260526-BODS_V1_1.xml,13,2
RO035-None--SCGL-WEGL-2024-01-01-GL_26-03-08_DATA_SET__SCGL_PH0005031_244_20260526-BODS_V1_1.xml,14,2
RO035-None--SCGL-WEGL-2024-01-01-GL_26-03-08_DATA_SET__SCGL_PH0005031_244_20260526-BODS_V1_1.xml,15,4
RO035-None--SCGL-WEGL-2024-01-01-GL_26-03-08_DATA_SET__SCGL_PH0005031_244_20260526-BODS_V1_1.xml,17,3
RO035-None--SCGL-WEGL-2024-01-01-GL_26-03-08_DATA_SET__SCGL_PH0005031_244_20260526-BODS_V1_1.xml,18,1
RO035-None--SCGL-WEGL-2024-01-01-GL_26-05-31_JD_V9.4__SCGL_PH0005031_244_20260531-BODS_V1_1.xml,6,1
RO035-None--SCGL-WEGL-2024-01-01-GL_26-05-31_JD_V9.4__SCGL_PH0005031_244_20260531-BODS_V1_1.xml,8,1
RO035-None--SCGL-WEGL-2024-01-01-GL_26-05-31_JD_V9.4__SCGL_PH0005031_244_20260531-BODS_V1_1.xml,9,4
RO035-None--SCGL-WEGL-2024-01-01-GL_26-05-31_JD_V9.4__SCGL_PH0005031_244_20260531-BODS_V1_1.xml,10,2
RO035-None--SCGL-WEGL-2024-01-01-GL_26-05-31_JD_V9.4__SCGL_PH0005031_244_20260531-BODS_V1_1.xml,11,4
RO035-None--SCGL-WEGL-2024-01-01-GL_26-05-31_JD_V9.4__SCGL_PH0005031_244_20260531-BODS_V1_1.xml,12,2
RO035-None--SCGL-WEGL-2024-01-01-GL_26-05-31_JD_V9.4__SCGL_PH0005031_244_20260531-BODS_V1_1.xml,13,2
RO035-None--SCGL-WEGL-2024-01-01-GL_26-05-31_JD_V9.4__SCGL_PH0005031_244_20260531-BODS_V1_1.xml,14,2
RO035-None--SCGL-WEGL-2024-01-01-GL_26-05-31_JD_V9.4__SCGL_PH0005031_244_20260531-BODS_V1_1.xml,15,4
RO035-None--SCGL-WEGL-2024-01-01-GL_26-05-31_JD_V9.4__SCGL_PH0005031_244_20260531-BODS_V1_1.xml,17,3
RO035-None--SCGL-WEGL-2024-01-01-GL_26-05-31_JD_V9.4__SCGL_PH0005031_244_20260531-BODS_V1_1.xml,18,1
RO746-None--SCGL-WEGL-2024-01-01-GL_26-03-08_DATA_SET__SCGL_PH0005031_246_20260413-BODS_V1_1.xml,8,2
RO746-None--SCGL-WEGL-2024-01-01-GL_26-03-08_DATA_SET__SCGL_PH0005031_246_20260413-BODS_V1_1.xml,10,2
RO746-None--SCGL-WEGL-2024-01-01-GL_26-03-08_DATA_SET__SCGL_PH0005031_246_20260413-BODS_V1_1.xml,11,2
RO746-None--SCGL-WEGL-2024-01-01-GL_26-03-08_DATA_SET__SCGL_PH0005031_246_20260413-BODS_V1_1.xml,12,1
RO746-None--SCGL-WEGL-2024-01-01-GL_26-03-08_DATA_SET__SCGL_PH0005031_246_20260413-BODS_V1_1.xml,13,2
RO746-None--SCGL-WEGL-2024-01-01-GL_26-03-08_DATA_SET__SCGL_PH0005031_246_20260413-BODS_V1_1.xml,14,2
RO746-None--SCGL-WEGL-2024-01-01-GL_26-03-08_DATA_SET__SCGL_PH0005031_246_20260413-BODS_V1_1.xml,16,1
RO746-None--SCGL-WEGL-2024-01-01-GL_26-03-08_DATA_SET__SCGL_PH0005031_246_20260413-BODS_V1_1.xml,17,1
RO746-None--SCGL-WEGL-2024-01-01-GL_26-03-08_DATA_SET__SCGL_PH0005031_246_20260526-BODS_V1_1.xml,8,2
RO746-None--SCGL-WEGL-2024-01-01-GL_26-03-08_DATA_SET__SCGL_PH0005031_246_20260526-BODS_V1_1.xml,10,2
RO746-None--SCGL-WEGL-2024-01-01-GL_26-03-08_DATA_SET__SCGL_PH0005031_246_20260526-BODS_V1_1.xml,11,2
RO746-None--SCGL-WEGL-2024-01-01-GL_26-03-08_DATA_SET__SCGL_PH0005031_246_20260526-BODS_V1_1.xml,12,1
RO746-None--SCGL-WEGL-2024-01-01-GL_26-03-08_DATA_SET__SCGL_PH0005031_246_20260526-BODS_V1_1.xml,13,2
RO746-None--SCGL-WEGL-2024-01-01-GL_26-03-08_DATA_SET__SCGL_PH0005031_246_20260526-BODS_V1_1.xml,14,2
RO746-None--SCGL-WEGL-2024-01-01-GL_26-03-08_DATA_SET__SCGL_PH0005031_246_20260526-BODS_V1_1.xml,16,1
RO746-None--SCGL-WEGL-2024-01-01-GL_26-03-08_DATA_SET__SCGL_PH0005031_246_20260526-BODS_V1_1.xml,17,1
RO746-None--SCGL-WEGL-2024-01-01-GL_26-05-31_JD_V9.4__SCGL_PH0005031_246_20260531-BODS_V1_1.xml,8,2
RO746-None--SCGL-WEGL-2024-01-01-GL_26-05-31_JD_V9.4__SCGL_PH0005031_246_20260531-BODS_V1_1.xml,10,1
RO746-None--SCGL-WEGL-2024-01-01-GL_26-05-31_JD_V9.4__SCGL_PH0005031_246_20260531-BODS_V1_1.xml,11,2
RO746-None--SCGL-WEGL-2024-01-01-GL_26-05-31_JD_V9.4__SCGL_PH0005031_246_20260531-BODS_V1_1.xml,12,1
RO746-None--SCGL-WEGL-2024-01-01-GL_26-05-31_JD_V9.4__SCGL_PH0005031_246_20260531-BODS_V1_1.xml,13,2
RO746-None--SCGL-WEGL-2024-01-01-GL_26-05-31_JD_V9.4__SCGL_PH0005031_246_20260531-BODS_V1_1.xml,14,2
RO746-None--SCGL-WEGL-2024-01-01-GL_26-05-31_JD_V9.4__SCGL_PH0005031_246_20260531-BODS_V1_1.xml,16,1
RO746-None--SCGL-WEGL-2024-01-01-GL_26-05-31_JD_V9.4__SCGL_PH0005031_246_20260531-BODS_V1_1.xml,17,1
RX30-None--SCNH-Rugby-2024-01-06-RU260411_-_Easter_Changes_BODS__SCNH_PD0000479_442_20260411-BODS_V1_1.xml,6,3
RX30-None--SCNH-Rugby-2024-01-06-RU260411_-_Easter_Changes_BODS__SCNH_PD0000479_442_20260411-BODS_V1_1.xml,7,2
RX30-None--SCNH-Rugby-2024-01-06-RU260411_-_Easter_Changes_BODS__SCNH_PD0000479_442_20260411-BODS_V1_1.xml,8,1
RX30-None--SCNH-Rugby-2024-01-06-RU260411_-_Easter_Changes_BODS__SCNH_PD0000479_442_20260411-BODS_V1_1.xml,9,2
RX30-None--SCNH-Rugby-2024-01-06-RU260411_-_Easter_Changes_BODS__SCNH_PD0000479_442_20260411-BODS_V1_1.xml,10,2
RX30-None--SCNH-Rugby-2024-01-06-RU260411_-_Easter_Changes_BODS__SCNH_PD0000479_442_20260411-BODS_V1_1.xml,11,2
RX30-None--SCNH-Rugby-2024-01-06-RU260411_-_Easter_Changes_BODS__SCNH_PD0000479_442_20260411-BODS_V1_1.xml,12,2
RX30-None--SCNH-Rugby-2024-01-06-RU260411_-_Easter_Changes_BODS__SCNH_PD0000479_442_20260411-BODS_V1_1.xml,13,2
RX30-None--SCNH-Rugby-2024-01-06-RU260411_-_Easter_Changes_BODS__SCNH_PD0000479_442_20260411-BODS_V1_1.xml,14,2
RX30-None--SCNH-Rugby-2024-01-06-RU260411_-_Easter_Changes_BODS__SCNH_PD0000479_442_20260411-BODS_V1_1.xml,15,2
RX30-None--SCNH-Rugby-2024-01-06-RU260411_-_Easter_Changes_BODS__SCNH_PD0000479_442_20260411-BODS_V1_1.xml,16,2
RX30-None--SCNH-Rugby-2024-01-06-RU260411_-_Easter_Changes_BODS__SCNH_PD0000479_442_20260411-BODS_V1_1.xml,17,1
RX30-None--SCNH-Rugby-2024-01-06-RU260411_-_Easter_Changes_BODS__SCNH_PD0000479_442_20260411-BODS_V1_1.xml,18,1
RX30-None--SCNH-Rugby-2024-01-06-RU260509_D__SCNH_PD0000479_442_20260507-BODS_V1_1.xml,6,3
RX30-None--SCNH-Rugby-2024-01-06-RU260509_D__SCNH_PD0000479_442_20260507-BODS_V1_1.xml,7,2
RX30-None--SCNH-Rugby-2024-01-06-RU260509_D__SCNH_PD0000479_442_20260507-BODS_V1_1.xml,8,1
RX30-None--SCNH-Rugby-2024-01-06-RU260509_D__SCNH_PD0000479_442_20260507-BODS_V1_1.xml,9,2
RX30-None--SCNH-Rugby-2024-01-06-RU260509_D__SCNH_PD0000479_442_20260507-BODS_V1_1.xml,10,2
RX30-None--SCNH-Rugby-2024-01-06-RU260509_D__SCNH_PD0000479_442_20260507-BODS_V1_1.xml,11,2
RX30-None--SCNH-Rugby-2024-01-06-RU260509_D__SCNH_PD0000479_442_20260507-BODS_V1_1.xml,12,2
RX30-None--SCNH-Rugby-2024-01-06-RU260509_D__SCNH_PD0000479_442_20260507-BODS_V1_1.xml,13,2
RX30-None--SCNH-Rugby-2024-01-06-RU260509_D__SCNH_PD0000479_442_20260507-BODS_V1_1.xml,14,2
RX30-None--SCNH-Rugby-2024-01-06-RU260509_D__SCNH_PD0000479_442_20260507-BODS_V1_1.xml,15,2
RX30-None--SCNH-Rugby-2024-01-06-RU260509_D__SCNH_PD0000479_442_20260507-BODS_V1_1.xml,16,2
RX30-None--SCNH-Rugby-2024-01-06-RU260509_D__SCNH_PD0000479_442_20260507-BODS_V1_1.xml,17,1
RX30-None--SCNH-Rugby-2024-01-06-RU260509_D__SCNH_PD0000479_442_20260507-BODS_V1_1.xml,18,1
RX30-None--SCNH-Rugby-2024-01-06-RU260509_D__SCNH_PD0000479_442_20260509-BODS_V1_1.xml,6,3
RX30-None--SCNH-Rugby-2024-01-06-RU260509_D__SCNH_PD0000479_442_20260509-BODS_V1_1.xml,7,2
RX30-None--SCNH-Rugby-2024-01-06-RU260509_D__SCNH_PD0000479_442_20260509-BODS_V1_1.xml,8,1
RX30-None--SCNH-Rugby-2024-01-06-RU260509_D__SCNH_PD0000479_442_20260509-BODS_V1_1.xml,9,2
RX30-None--SCNH-Rugby-2024-01-06-RU260509_D__SCNH_PD0000479_442_20260509-BODS_V1_1.xml,10,2
RX30-None--SCNH-Rugby-2024-01-06-RU260509_D__SCNH_PD0000479_442_20260509-BODS_V1_1.xml,11,2
RX30-None--SCNH-Rugby-2024-01-06-RU260509_D__SCNH_PD0000479_442_20260509-BODS_V1_1.xml,12,2
RX30-None--SCNH-Rugby-2024-01-06-RU260509_D__SCNH_PD0000479_442_20260509-BODS_V1_1.xml,13,2
RX30-None--SCNH-Rugby-2024-01-06-RU260509_D__SCNH_PD0000479_442_20260509-BODS_V1_1.xml,14,2
RX30-None--SCNH-Rugby-2024-01-06-RU260509_D__SCNH_PD0000479_442_20260509-BODS_V1_1.xml,15,2
RX30-None--SCNH-Rugby-2024-01-06-RU260509_D__SCNH_PD0000479_442_20260509-BODS_V1_1.xml,16,2
RX30-None--SCNH-Rugby-2024-01-06-RU260509_D__SCNH_PD0000479_442_20260509-BODS_V1_1.xml,17,1
RX30-None--SCNH-Rugby-2024-01-06-RU260509_D__SCNH_PD0000479_442_20260509-BODS_V1_1.xml,18,1
S19-None--SCNH-Leamington-2024-10-07-LS260425_-_final_Bods__SCNH_PD0000479_378_20260425-BODS_V1_1.xml,6,5
S19-None--SCNH-Leamington-2024-10-07-LS260425_-_final_Bods__SCNH_PD0000479_378_20260425-BODS_V1_1.xml,7,8
S19-None--SCNH-Leamington-2024-10-07-LS260425_-_final_Bods__SCNH_PD0000479_378_20260425-BODS_V1_1.xml,8,14
S19-None--SCNH-Leamington-2024-10-07-LS260425_-_final_Bods__SCNH_PD0000479_378_20260425-BODS_V1_1.xml,9,15
S19-None--SCNH-Leamington-2024-10-07-LS260425_-_final_Bods__SCNH_PD0000479_378_20260425-BODS_V1_1.xml,10,16
S19-None--SCNH-Leamington-2024-10-07-LS260425_-_final_Bods__SCNH_PD0000479_378_20260425-BODS_V1_1.xml,11,15
S19-None--SCNH-Leamington-2024-10-07-LS260425_-_final_Bods__SCNH_PD0000479_378_20260425-BODS_V1_1.xml,12,16
S19-None--SCNH-Leamington-2024-10-07-LS260425_-_final_Bods__SCNH_PD0000479_378_20260425-BODS_V1_1.xml,13,16
S19-None--SCNH-Leamington-2024-10-07-LS260425_-_final_Bods__SCNH_PD0000479_378_20260425-BODS_V1_1.xml,14,16
S19-None--SCNH-Leamington-2024-10-07-LS260425_-_final_Bods__SCNH_PD0000479_378_20260425-BODS_V1_1.xml,15,16
S19-None--SCNH-Leamington-2024-10-07-LS260425_-_final_Bods__SCNH_PD0000479_378_20260425-BODS_V1_1.xml,16,13
S19-None--SCNH-Leamington-2024-10-07-LS260425_-_final_Bods__SCNH_PD0000479_378_20260425-BODS_V1_1.xml,17,7
S19-None--SCNH-Leamington-2024-10-07-LS260425_-_final_Bods__SCNH_PD0000479_378_20260425-BODS_V1_1.xml,18,3
S19-None--SCNH-Leamington-2024-10-07-LS260425_-_final_Bods__SCNH_PD0000479_378_20260425-BODS_V1_1.xml,19,6
S19-None--SCNH-Leamington-2024-10-07-LS260502__SCNH_PD0000479_378_20260509-BODS_V1_1.xml,6,5
S19-None--SCNH-Leamington-2024-10-07-LS260502__SCNH_PD0000479_378_20260509-BODS_V1_1.xml,7,8
S19-None--SCNH-Leamington-2024-10-07-LS260502__SCNH_PD0000479_378_20260509-BODS_V1_1.xml,8,14
S19-None--SCNH-Leamington-2024-10-07-LS260502__SCNH_PD0000479_378_20260509-BODS_V1_1.xml,9,15
S19-None--SCNH-Leamington-2024-10-07-LS260502__SCNH_PD0000479_378_20260509-BODS_V1_1.xml,10,16
S19-None--SCNH-Leamington-2024-10-07-LS260502__SCNH_PD0000479_378_20260509-BODS_V1_1.xml,11,15
S19-None--SCNH-Leamington-2024-10-07-LS260502__SCNH_PD0000479_378_20260509-BODS_V1_1.xml,12,16
S19-None--SCNH-Leamington-2024-10-07-LS260502__SCNH_PD0000479_378_20260509-BODS_V1_1.xml,13,16
S19-None--SCNH-Leamington-2024-10-07-LS260502__SCNH_PD0000479_378_20260509-BODS_V1_1.xml,14,16
S19-None--SCNH-Leamington-2024-10-07-LS260502__SCNH_PD0000479_378_20260509-BODS_V1_1.xml,15,16
S19-None--SCNH-Leamington-2024-10-07-LS260502__SCNH_PD0000479_378_20260509-BODS_V1_1.xml,16,13
S19-None--SCNH-Leamington-2024-10-07-LS260502__SCNH_PD0000479_378_20260509-BODS_V1_1.xml,17,7
S19-None--SCNH-Leamington-2024-10-07-LS260502__SCNH_PD0000479_378_20260509-BODS_V1_1.xml,18,3
S19-None--SCNH-Leamington-2024-10-07-LS260502__SCNH_PD0000479_378_20260509-BODS_V1_1.xml,19,6
S1_2_3-None--SCNH-Leamington-2024-10-07-LS260502__SCNH_PD0000479_379_20260509-BODS_V1_1.xml,6,1
S1_2_3-None--SCNH-Leamington-2024-10-07-LS260502__SCNH_PD0000479_379_20260509-BODS_V1_1.xml,7,6
S1_2_3-None--SCNH-Leamington-2024-10-07-LS260502__SCNH_PD0000479_379_20260509-BODS_V1_1.xml,8,4
S1_2_3-None--SCNH-Leamington-2024-10-07-LS260502__SCNH_PD0000479_379_20260509-BODS_V1_1.xml,9,11
S1_2_3-None--SCNH-Leamington-2024-10-07-LS260502__SCNH_PD0000479_379_20260509-BODS_V1_1.xml,10,4
S1_2_3-None--SCNH-Leamington-2024-10-07-LS260502__SCNH_PD0000479_379_20260509-BODS_V1_1.xml,11,9
S1_2_3-None--SCNH-Leamington-2024-10-07-LS260502__SCNH_PD0000479_379_20260509-BODS_V1_1.xml,12,13
S1_2_3-None--SCNH-Leamington-2024-10-07-LS260502__SCNH_PD0000479_379_20260509-BODS_V1_1.xml,13,10
S1_2_3-None--SCNH-Leamington-2024-10-07-LS260502__SCNH_PD0000479_379_20260509-BODS_V1_1.xml,14,10
S1_2_3-None--SCNH-Leamington-2024-10-07-LS260502__SCNH_PD0000479_379_20260509-BODS_V1_1.xml,15,10
S1_2_3-None--SCNH-Leamington-2024-10-07-LS260502__SCNH_PD0000479_379_20260509-BODS_V1_1.xml,16,2
S1_2_3-None--SCNH-Leamington-2024-10-07-LS260502__SCNH_PD0000479_379_20260509-BODS_V1_1.xml,17,13
S1_2_3-None--SCNH-Leamington-2024-10-07-LS260502__SCNH_PD0000479_379_20260509-BODS_V1_1.xml,18,7
S1_2_3-None--SCNH-Leamington-2024-10-07-LS260502__SCNH_PD0000479_379_20260509-BODS_V1_1.xml,19,1
S1_2_3-None--SCNH-Leamington_-2024-10-07-LS260425_-_final_Bods__SCNH_PD0000479_379_20260502-BODS_V1_1.xml,6,1
S1_2_3-None--SCNH-Leamington_-2024-10-07-LS260425_-_final_Bods__SCNH_PD0000479_379_20260502-BODS_V1_1.xml,7,6
S1_2_3-None--SCNH-Leamington_-2024-10-07-LS260425_-_final_Bods__SCNH_PD0000479_379_20260502-BODS_V1_1.xml,8,4
S1_2_3-None--SCNH-Leamington_-2024-10-07-LS260425_-_final_Bods__SCNH_PD0000479_379_20260502-BODS_V1_1.xml,9,11
S1_2_3-None--SCNH-Leamington_-2024-10-07-LS260425_-_final_Bods__SCNH_PD0000479_379_20260502-BODS_V1_1.xml,10,4
S1_2_3-None--SCNH-Leamington_-2024-10-07-LS260425_-_final_Bods__SCNH_PD0000479_379_20260502-BODS_V1_1.xml,11,9
S1_2_3-None--SCNH-Leamington_-2024-10-07-LS260425_-_final_Bods__SCNH_PD0000479_379_20260502-BODS_V1_1.xml,12,13
S1_2_3-None--SCNH-Leamington_-2024-10-07-LS260425_-_final_Bods__SCNH_PD0000479_379_20260502-BODS_V1_1.xml,13,10
S1_2_3-None--SCNH-Leamington_-2024-10-07-LS260425_-_final_Bods__SCNH_PD0000479_379_20260502-BODS_V1_1.xml,14,10
S1_2_3-None--SCNH-Leamington_-2024-10-07-LS260425_-_final_Bods__SCNH_PD0000479_379_20260502-BODS_V1_1.xml,15,10
S1_2_3-None--SCNH-Leamington_-2024-10-07-LS260425_-_final_Bods__SCNH_PD0000479_379_20260502-BODS_V1_1.xml,16,2
S1_2_3-None--SCNH-Leamington_-2024-10-07-LS260425_-_final_Bods__SCNH_PD0000479_379_20260502-BODS_V1_1.xml,17,13
S1_2_3-None--SCNH-Leamington_-2024-10-07-LS260425_-_final_Bods__SCNH_PD0000479_379_20260502-BODS_V1_1.xml,18,7
S1_2_3-None--SCNH-Leamington_-2024-10-07-LS260425_-_final_Bods__SCNH_PD0000479_379_20260502-BODS_V1_1.xml,19,1
ST060-None--SCGL-WEST-2024-01-01-ST_26-04-12_Exports__SCGL_PH0005031_401_20260415-BODS_V1_1.xml,5,2
ST060-None--SCGL-WEST-2024-01-01-ST_26-04-12_Exports__SCGL_PH0005031_401_20260415-BODS_V1_1.xml,6,2
ST060-None--SCGL-WEST-2024-01-01-ST_26-04-12_Exports__SCGL_PH0005031_401_20260415-BODS_V1_1.xml,7,2
ST060-None--SCGL-WEST-2024-01-01-ST_26-04-12_Exports__SCGL_PH0005031_401_20260415-BODS_V1_1.xml,8,2
ST060-None--SCGL-WEST-2024-01-01-ST_26-04-12_Exports__SCGL_PH0005031_401_20260415-BODS_V1_1.xml,9,2
ST060-None--SCGL-WEST-2024-01-01-ST_26-04-12_Exports__SCGL_PH0005031_401_20260415-BODS_V1_1.xml,10,2
ST060-None--SCGL-WEST-2024-01-01-ST_26-04-12_Exports__SCGL_PH0005031_401_20260415-BODS_V1_1.xml,11,2
ST060-None--SCGL-WEST-2024-01-01-ST_26-04-12_Exports__SCGL_PH0005031_401_20260415-BODS_V1_1.xml,12,2
ST060-None--SCGL-WEST-2024-01-01-ST_26-04-12_Exports__SCGL_PH0005031_401_20260415-BODS_V1_1.xml,13,2
ST060-None--SCGL-WEST-2024-01-01-ST_26-04-12_Exports__SCGL_PH0005031_401_20260415-BODS_V1_1.xml,14,2
ST060-None--SCGL-WEST-2024-01-01-ST_26-04-12_Exports__SCGL_PH0005031_401_20260415-BODS_V1_1.xml,16,2
ST060-None--SCGL-WEST-2024-01-01-ST_26-04-12_Exports__SCGL_PH0005031_401_20260415-BODS_V1_1.xml,17,2
ST060-None--SCGL-WEST-2024-01-01-ST_26-04-12_Exports__SCGL_PH0005031_401_20260415-BODS_V1_1.xml,18,2
ST060-None--SCGL-WEST-2024-01-01-ST_26-04-12_Exports__SCGL_PH0005031_401_20260415-BODS_V1_1.xml,19,2
ST060-None--SCGL-WEST-2024-01-01-ST_26-04-12_Full_Set_Data_Export__SCGL_PH0005031_401_20260526-BODS_V1_1.xml,5,2
ST060-None--SCGL-WEST-2024-01-01-ST_26-04-12_Full_Set_Data_Export__SCGL_PH0005031_401_20260526-BODS_V1_1.xml,6,2
ST060-None--SCGL-WEST-2024-01-01-ST_26-04-12_Full_Set_Data_Export__SCGL_PH0005031_401_20260526-BODS_V1_1.xml,7,2
ST060-None--SCGL-WEST-2024-01-01-ST_26-04-12_Full_Set_Data_Export__SCGL_PH0005031_401_20260526-BODS_V1_1.xml,8,2
ST060-None--SCGL-WEST-2024-01-01-ST_26-04-12_Full_Set_Data_Export__SCGL_PH0005031_401_20260526-BODS_V1_1.xml,9,2
ST060-None--SCGL-WEST-2024-01-01-ST_26-04-12_Full_Set_Data_Export__SCGL_PH0005031_401_20260526-BODS_V1_1.xml,10,2
ST060-None--SCGL-WEST-2024-01-01-ST_26-04-12_Full_Set_Data_Export__SCGL_PH0005031_401_20260526-BODS_V1_1.xml,11,2
ST060-None--SCGL-WEST-2024-01-01-ST_26-04-12_Full_Set_Data_Export__SCGL_PH0005031_401_20260526-BODS_V1_1.xml,12,2
ST060-None--SCGL-WEST-2024-01-01-ST_26-04-12_Full_Set_Data_Export__SCGL_PH0005031_401_20260526-BODS_V1_1.xml,13,2
ST060-None--SCGL-WEST-2024-01-01-ST_26-04-12_Full_Set_Data_Export__SCGL_PH0005031_401_20260526-BODS_V1_1.xml,14,2
ST060-None--SCGL-WEST-2024-01-01-ST_26-04-12_Full_Set_Data_Export__SCGL_PH0005031_401_20260526-BODS_V1_1.xml,16,2
ST060-None--SCGL-WEST-2024-01-01-ST_26-04-12_Full_Set_Data_Export__SCGL_PH0005031_401_20260526-BODS_V1_1.xml,17,2
ST060-None--SCGL-WEST-2024-01-01-ST_26-04-12_Full_Set_Data_Export__SCGL_PH0005031_401_20260526-BODS_V1_1.xml,18,2
ST060-None--SCGL-WEST-2024-01-01-ST_26-04-12_Full_Set_Data_Export__SCGL_PH0005031_401_20260526-BODS_V1_1.xml,19,2
ST060-None--SCGL-WEST-2024-01-01-ST_26-04-12_Full_Set_Data_Export__SCGL_PH0005031_401_20260531-BODS_V1_1.xml,5,2
ST060-None--SCGL-WEST-2024-01-01-ST_26-04-12_Full_Set_Data_Export__SCGL_PH0005031_401_20260531-BODS_V1_1.xml,6,2
ST060-None--SCGL-WEST-2024-01-01-ST_26-04-12_Full_Set_Data_Export__SCGL_PH0005031_401_20260531-BODS_V1_1.xml,7,2
ST060-None--SCGL-WEST-2024-01-01-ST_26-04-12_Full_Set_Data_Export__SCGL_PH0005031_401_20260531-BODS_V1_1.xml,8,2
ST060-None--SCGL-WEST-2024-01-01-ST_26-04-12_Full_Set_Data_Export__SCGL_PH0005031_401_20260531-BODS_V1_1.xml,9,2
ST060-None--SCGL-WEST-2024-01-01-ST_26-04-12_Full_Set_Data_Export__SCGL_PH0005031_401_20260531-BODS_V1_1.xml,10,2
ST060-None--SCGL-WEST-2024-01-01-ST_26-04-12_Full_Set_Data_Export__SCGL_PH0005031_401_20260531-BODS_V1_1.xml,11,2
ST060-None--SCGL-WEST-2024-01-01-ST_26-04-12_Full_Set_Data_Export__SCGL_PH0005031_401_20260531-BODS_V1_1.xml,12,2
ST060-None--SCGL-WEST-2024-01-01-ST_26-04-12_Full_Set_Data_Export__SCGL_PH0005031_401_20260531-BODS_V1_1.xml,13,2
ST060-None--SCGL-WEST-2024-01-01-ST_26-04-12_Full_Set_Data_Export__SCGL_PH0005031_401_20260531-BODS_V1_1.xml,14,2
ST060-None--SCGL-WEST-2024-01-01-ST_26-04-12_Full_Set_Data_Export__SCGL_PH0005031_401_20260531-BODS_V1_1.xml,16,2
ST060-None--SCGL-WEST-2024-01-01-ST_26-04-12_Full_Set_Data_Export__SCGL_PH0005031_401_20260531-BODS_V1_1.xml,17,2
ST060-None--SCGL-WEST-2024-01-01-ST_26-04-12_Full_Set_Data_Export__SCGL_PH0005031_401_20260531-BODS_V1_1.xml,18,2
ST060-None--SCGL-WEST-2024-01-01-ST_26-04-12_Full_Set_Data_Export__SCGL_PH0005031_401_20260531-BODS_V1_1.xml,19,2
ST063-None--SCGL-WEST-2024-01-01-ST_26-04-12_Exports__SCGL_PH0005031_217_20260412-BODS_V1_1.xml,6,3
ST063-None--SCGL-WEST-2024-01-01-ST_26-04-12_Exports__SCGL_PH0005031_217_20260412-BODS_V1_1.xml,7,6
ST063-None--SCGL-WEST-2024-01-01-ST_26-04-12_Exports__SCGL_PH0005031_217_20260412-BODS_V1_1.xml,8,4
ST063-None--SCGL-WEST-2024-01-01-ST_26-04-12_Exports__SCGL_PH0005031_217_20260412-BODS_V1_1.xml,9,6
ST063-None--SCGL-WEST-2024-01-01-ST_26-04-12_Exports__SCGL_PH0005031_217_20260412-BODS_V1_1.xml,10,5
ST063-None--SCGL-WEST-2024-01-01-ST_26-04-12_Exports__SCGL_PH0005031_217_20260412-BODS_V1_1.xml,11,5
ST063-None--SCGL-WEST-2024-01-01-ST_26-04-12_Exports__SCGL_PH0005031_217_20260412-BODS_V1_1.xml,12,5
ST063-None--SCGL-WEST-2024-01-01-ST_26-04-12_Exports__SCGL_PH0005031_217_20260412-BODS_V1_1.xml,13,5
ST063-None--SCGL-WEST-2024-01-01-ST_26-04-12_Exports__SCGL_PH0005031_217_20260412-BODS_V1_1.xml,14,3
ST063-None--SCGL-WEST-2024-01-01-ST_26-04-12_Exports__SCGL_PH0005031_217_20260412-BODS_V1_1.xml,15,7
ST063-None--SCGL-WEST-2024-01-01-ST_26-04-12_Exports__SCGL_PH0005031_217_20260412-BODS_V1_1.xml,16,7
ST063-None--SCGL-WEST-2024-01-01-ST_26-04-12_Exports__SCGL_PH0005031_217_20260412-BODS_V1_1.xml,17,5
ST063-None--SCGL-WEST-2024-01-01-ST_26-04-12_Exports__SCGL_PH0005031_217_20260412-BODS_V1_1.xml,18,4
ST063-None--SCGL-WEST-2024-01-01-ST_26-04-12_Exports__SCGL_PH0005031_217_20260412-BODS_V1_1.xml,19,2
ST063-None--SCGL-WEST-2024-01-01-ST_26-04-12_Exports__SCGL_PH0005031_217_20260412-BODS_V1_1.xml,20,2
ST063-None--SCGL-WEST-2024-01-01-ST_26-04-12_Full_Set_Data_Export__SCGL_PH0005031_217_20260526-BODS_V1_1.xml,6,3
ST063-None--SCGL-WEST-2024-01-01-ST_26-04-12_Full_Set_Data_Export__SCGL_PH0005031_217_20260526-BODS_V1_1.xml,7,6
ST063-None--SCGL-WEST-2024-01-01-ST_26-04-12_Full_Set_Data_Export__SCGL_PH0005031_217_20260526-BODS_V1_1.xml,8,4
ST063-None--SCGL-WEST-2024-01-01-ST_26-04-12_Full_Set_Data_Export__SCGL_PH0005031_217_20260526-BODS_V1_1.xml,9,6
ST063-None--SCGL-WEST-2024-01-01-ST_26-04-12_Full_Set_Data_Export__SCGL_PH0005031_217_20260526-BODS_V1_1.xml,10,5
ST063-None--SCGL-WEST-2024-01-01-ST_26-04-12_Full_Set_Data_Export__SCGL_PH0005031_217_20260526-BODS_V1_1.xml,11,5
ST063-None--SCGL-WEST-2024-01-01-ST_26-04-12_Full_Set_Data_Export__SCGL_PH0005031_217_20260526-BODS_V1_1.xml,12,5
ST063-None--SCGL-WEST-2024-01-01-ST_26-04-12_Full_Set_Data_Export__SCGL_PH0005031_217_20260526-BODS_V1_1.xml,13,5
ST063-None--SCGL-WEST-2024-01-01-ST_26-04-12_Full_Set_Data_Export__SCGL_PH0005031_217_20260526-BODS_V1_1.xml,14,3
ST063-None--SCGL-WEST-2024-01-01-ST_26-04-12_Full_Set_Data_Export__SCGL_PH0005031_217_20260526-BODS_V1_1.xml,15,7
ST063-None--SCGL-WEST-2024-01-01-ST_26-04-12_Full_Set_Data_Export__SCGL_PH0005031_217_20260526-BODS_V1_1.xml,16,7
ST063-None--SCGL-WEST-2024-01-01-ST_26-04-12_Full_Set_Data_Export__SCGL_PH0005031_217_20260526-BODS_V1_1.xml,17,5
ST063-None--SCGL-WEST-2024-01-01-ST_26-04-12_Full_Set_Data_Export__SCGL_PH0005031_217_20260526-BODS_V1_1.xml,18,4
ST063-None--SCGL-WEST-2024-01-01-ST_26-04-12_Full_Set_Data_Export__SCGL_PH0005031_217_20260526-BODS_V1_1.xml,19,2
ST063-None--SCGL-WEST-2024-01-01-ST_26-04-12_Full_Set_Data_Export__SCGL_PH0005031_217_20260526-BODS_V1_1.xml,20,2
ST063-None--SCGL-WEST-2024-01-01-ST_26-04-12_Full_Set_Data_Export__SCGL_PH0005031_217_20260531-BODS_V1_1.xml,6,3
ST063-None--SCGL-WEST-2024-01-01-ST_26-04-12_Full_Set_Data_Export__SCGL_PH0005031_217_20260531-BODS_V1_1.xml,7,6
ST063-None--SCGL-WEST-2024-01-01-ST_26-04-12_Full_Set_Data_Export__SCGL_PH0005031_217_20260531-BODS_V1_1.xml,8,4
ST063-None--SCGL-WEST-2024-01-01-ST_26-04-12_Full_Set_Data_Export__SCGL_PH0005031_217_20260531-BODS_V1_1.xml,9,6
ST063-None--SCGL-WEST-2024-01-01-ST_26-04-12_Full_Set_Data_Export__SCGL_PH0005031_217_20260531-BODS_V1_1.xml,10,5
ST063-None--SCGL-WEST-2024-01-01-ST_26-04-12_Full_Set_Data_Export__SCGL_PH0005031_217_20260531-BODS_V1_1.xml,11,5
ST063-None--SCGL-WEST-2024-01-01-ST_26-04-12_Full_Set_Data_Export__SCGL_PH0005031_217_20260531-BODS_V1_1.xml,12,5
ST063-None--SCGL-WEST-2024-01-01-ST_26-04-12_Full_Set_Data_Export__SCGL_PH0005031_217_20260531-BODS_V1_1.xml,13,5
ST063-None--SCGL-WEST-2024-01-01-ST_26-04-12_Full_Set_Data_Export__SCGL_PH0005031_217_20260531-BODS_V1_1.xml,14,3
ST063-None--SCGL-WEST-2024-01-01-ST_26-04-12_Full_Set_Data_Export__SCGL_PH0005031_217_20260531-BODS_V1_1.xml,15,7
ST063-None--SCGL-WEST-2024-01-01-ST_26-04-12_Full_Set_Data_Export__SCGL_PH0005031_217_20260531-BODS_V1_1.xml,16,7
ST063-None--SCGL-WEST-2024-01-01-ST_26-04-12_Full_Set_Data_Export__SCGL_PH0005031_217_20260531-BODS_V1_1.xml,17,5
ST063-None--SCGL-WEST-2024-01-01-ST_26-04-12_Full_Set_Data_Export__SCGL_PH0005031_217_20260531-BODS_V1_1.xml,18,4
ST063-None--SCGL-WEST-2024-01-01-ST_26-04-12_Full_Set_Data_Export__SCGL_PH0005031_217_20260531-BODS_V1_1.xml,19,2
ST063-None--SCGL-WEST-2024-01-01-ST_26-04-12_Full_Set_Data_Export__SCGL_PH0005031_217_20260531-BODS_V1_1.xml,20,2
ST064-None--SCGL-WEST-2024-01-01-ST_26-04-12_Exports__SCGL_PH0005031_291_20260412-BODS_V1_1.xml,5,1
ST064-None--SCGL-WEST-2024-01-01-ST_26-04-12_Exports__SCGL_PH0005031_291_20260412-BODS_V1_1.xml,6,5
ST064-None--SCGL-WEST-2024-01-01-ST_26-04-12_Exports__SCGL_PH0005031_291_20260412-BODS_V1_1.xml,7,9
ST064-None--SCGL-WEST-2024-01-01-ST_26-04-12_Exports__SCGL_PH0005031_291_20260412-BODS_V1_1.xml,8,9
ST064-None--SCGL-WEST-2024-01-01-ST_26-04-12_Exports__SCGL_PH0005031_291_20260412-BODS_V1_1.xml,9,10
ST064-None--SCGL-WEST-2024-01-01-ST_26-04-12_Exports__SCGL_PH0005031_291_20260412-BODS_V1_1.xml,10,10
ST064-None--SCGL-WEST-2024-01-01-ST_26-04-12_Exports__SCGL_PH0005031_291_20260412-BODS_V1_1.xml,11,10
ST064-None--SCGL-WEST-2024-01-01-ST_26-04-12_Exports__SCGL_PH0005031_291_20260412-BODS_V1_1.xml,12,10
ST064-None--SCGL-WEST-2024-01-01-ST_26-04-12_Exports__SCGL_PH0005031_291_20260412-BODS_V1_1.xml,13,10
ST064-None--SCGL-WEST-2024-01-01-ST_26-04-12_Exports__SCGL_PH0005031_291_20260412-BODS_V1_1.xml,14,10
ST064-None--SCGL-WEST-2024-01-01-ST_26-04-12_Exports__SCGL_PH0005031_291_20260412-BODS_V1_1.xml,15,10
ST064-None--SCGL-WEST-2024-01-01-ST_26-04-12_Exports__SCGL_PH0005031_291_20260412-BODS_V1_1.xml,16,9
ST064-None--SCGL-WEST-2024-01-01-ST_26-04-12_Exports__SCGL_PH0005031_291_20260412-BODS_V1_1.xml,17,7
ST064-None--SCGL-WEST-2024-01-01-ST_26-04-12_Exports__SCGL_PH0005031_291_20260412-BODS_V1_1.xml,18,4
ST064-None--SCGL-WEST-2024-01-01-ST_26-04-12_Exports__SCGL_PH0005031_291_20260412-BODS_V1_1.xml,19,4
ST064-None--SCGL-WEST-2024-01-01-ST_26-04-12_Exports__SCGL_PH0005031_291_20260412-BODS_V1_1.xml,20,4
ST064-None--SCGL-WEST-2024-01-01-ST_26-04-12_Exports__SCGL_PH0005031_291_20260412-BODS_V1_1.xml,21,2
ST064-None--SCGL-WEST-2024-01-01-ST_26-04-12_Exports__SCGL_PH0005031_291_20260412-BODS_V1_1.xml,22,2
ST064-None--SCGL-WEST-2024-01-01-ST_26-04-12_Exports__SCGL_PH0005031_291_20260412-BODS_V1_1.xml,23,2
ST064-None--SCGL-WEST-2024-01-01-ST_26-04-12_Full_Set_Data_Export__SCGL_PH0005031_291_20260526-BODS_V1_1.xml,5,1
ST064-None--SCGL-WEST-2024-01-01-ST_26-04-12_Full_Set_Data_Export__SCGL_PH0005031_291_20260526-BODS_V1_1.xml,6,5
ST064-None--SCGL-WEST-2024-01-01-ST_26-04-12_Full_Set_Data_Export__SCGL_PH0005031_291_20260526-BODS_V1_1.xml,7,9
ST064-None--SCGL-WEST-2024-01-01-ST_26-04-12_Full_Set_Data_Export__SCGL_PH0005031_291_20260526-BODS_V1_1.xml,8,9
ST064-None--SCGL-WEST-2024-01-01-ST_26-04-12_Full_Set_Data_Export__SCGL_PH0005031_291_20260526-BODS_V1_1.xml,9,10
ST064-None--SCGL-WEST-2024-01-01-ST_26-04-12_Full_Set_Data_Export__SCGL_PH0005031_291_20260526-BODS_V1_1.xml,10,10
ST064-None--SCGL-WEST-2024-01-01-ST_26-04-12_Full_Set_Data_Export__SCGL_PH0005031_291_20260526-BODS_V1_1.xml,11,10
ST064-None--SCGL-WEST-2024-01-01-ST_26-04-12_Full_Set_Data_Export__SCGL_PH0005031_291_20260526-BODS_V1_1.xml,12,10
ST064-None--SCGL-WEST-2024-01-01-ST_26-04-12_Full_Set_Data_Export__SCGL_PH0005031_291_20260526-BODS_V1_1.xml,13,10
ST064-None--SCGL-WEST-2024-01-01-ST_26-04-12_Full_Set_Data_Export__SCGL_PH0005031_291_20260526-BODS_V1_1.xml,14,10
ST064-None--SCGL-WEST-2024-01-01-ST_26-04-12_Full_Set_Data_Export__SCGL_PH0005031_291_20260526-BODS_V1_1.xml,15,10
ST064-None--SCGL-WEST-2024-01-01-ST_26-04-12_Full_Set_Data_Export__SCGL_PH0005031_291_20260526-BODS_V1_1.xml,16,9
ST064-None--SCGL-WEST-2024-01-01-ST_26-04-12_Full_Set_Data_Export__SCGL_PH0005031_291_20260526-BODS_V1_1.xml,17,7
ST064-None--SCGL-WEST-2024-01-01-ST_26-04-12_Full_Set_Data_Export__SCGL_PH0005031_291_20260526-BODS_V1_1.xml,18,4
ST064-None--SCGL-WEST-2024-01-01-ST_26-04-12_Full_Set_Data_Export__SCGL_PH0005031_291_20260526-BODS_V1_1.xml,19,4
ST064-None--SCGL-WEST-2024-01-01-ST_26-04-12_Full_Set_Data_Export__SCGL_PH0005031_291_20260526-BODS_V1_1.xml,20,4
ST064-None--SCGL-WEST-2024-01-01-ST_26-04-12_Full_Set_Data_Export__SCGL_PH0005031_291_20260526-BODS_V1_1.xml,21,2
ST064-None--SCGL-WEST-2024-01-01-ST_26-04-12_Full_Set_Data_Export__SCGL_PH0005031_291_20260526-BODS_V1_1.xml,22,2
ST064-None--SCGL-WEST-2024-01-01-ST_26-04-12_Full_Set_Data_Export__SCGL_PH0005031_291_20260526-BODS_V1_1.xml,23,2
ST064-None--SCGL-WEST-2024-01-01-ST_26-04-12_Full_Set_Data_Export__SCGL_PH0005031_291_20260531-BODS_V1_1.xml,5,1
ST064-None--SCGL-WEST-2024-01-01-ST_26-04-12_Full_Set_Data_Export__SCGL_PH0005031_291_20260531-BODS_V1_1.xml,6,5
ST064-None--SCGL-WEST-2024-01-01-ST_26-04-12_Full_Set_Data_Export__SCGL_PH0005031_291_20260531-BODS_V1_1.xml,7,9
ST064-None--SCGL-WEST-2024-01-01-ST_26-04-12_Full_Set_Data_Export__SCGL_PH0005031_291_20260531-BODS_V1_1.xml,8,9
ST064-None--SCGL-WEST-2024-01-01-ST_26-04-12_Full_Set_Data_Export__SCGL_PH0005031_291_20260531-BODS_V1_1.xml,9,10
ST064-None--SCGL-WEST-2024-01-01-ST_26-04-12_Full_Set_Data_Export__SCGL_PH0005031_291_20260531-BODS_V1_1.xml,10,10
ST064-None--SCGL-WEST-2024-01-01-ST_26-04-12_Full_Set_Data_Export__SCGL_PH0005031_291_20260531-BODS_V1_1.xml,11,10
ST064-None--SCGL-WEST-2024-01-01-ST_26-04-12_Full_Set_Data_Export__SCGL_PH0005031_291_20260531-BODS_V1_1.xml,12,10
ST064-None--SCGL-WEST-2024-01-01-ST_26-04-12_Full_Set_Data_Export__SCGL_PH0005031_291_20260531-BODS_V1_1.xml,13,10
ST064-None--SCGL-WEST-2024-01-01-ST_26-04-12_Full_Set_Data_Export__SCGL_PH0005031_291_20260531-BODS_V1_1.xml,14,10
ST064-None--SCGL-WEST-2024-01-01-ST_26-04-12_Full_Set_Data_Export__SCGL_PH0005031_291_20260531-BODS_V1_1.xml,15,10
ST064-None--SCGL-WEST-2024-01-01-ST_26-04-12_Full_Set_Data_Export__SCGL_PH0005031_291_20260531-BODS_V1_1.xml,16,9
ST064-None--SCGL-WEST-2024-01-01-ST_26-04-12_Full_Set_Data_Export__SCGL_PH0005031_291_20260531-BODS_V1_1.xml,17,7
ST064-None--SCGL-WEST-2024-01-01-ST_26-04-12_Full_Set_Data_Export__SCGL_PH0005031_291_20260531-BODS_V1_1.xml,18,4
ST064-None--SCGL-WEST-2024-01-01-ST_26-04-12_Full_Set_Data_Export__SCGL_PH0005031_291_20260531-BODS_V1_1.xml,19,4
ST064-None--SCGL-WEST-2024-01-01-ST_26-04-12_Full_Set_Data_Export__SCGL_PH0005031_291_20260531-BODS_V1_1.xml,20,4
ST064-None--SCGL-WEST-2024-01-01-ST_26-04-12_Full_Set_Data_Export__SCGL_PH0005031_291_20260531-BODS_V1_1.xml,21,2
ST064-None--SCGL-WEST-2024-01-01-ST_26-04-12_Full_Set_Data_Export__SCGL_PH0005031_291_20260531-BODS_V1_1.xml,22,2
ST064-None--SCGL-WEST-2024-01-01-ST_26-04-12_Full_Set_Data_Export__SCGL_PH0005031_291_20260531-BODS_V1_1.xml,23,2
ST065A-None--SCGL-WEST-2024-01-01-ST_26-04-12_Exports__SCGL_PH0005031_229_20260417-BODS_V1_1.xml,5,2
ST065A-None--SCGL-WEST-2024-01-01-ST_26-04-12_Exports__SCGL_PH0005031_229_20260417-BODS_V1_1.xml,6,2
ST065A-None--SCGL-WEST-2024-01-01-ST_26-04-12_Exports__SCGL_PH0005031_229_20260417-BODS_V1_1.xml,7,4
ST065A-None--SCGL-WEST-2024-01-01-ST_26-04-12_Exports__SCGL_PH0005031_229_20260417-BODS_V1_1.xml,8,3
ST065A-None--SCGL-WEST-2024-01-01-ST_26-04-12_Exports__SCGL_PH0005031_229_20260417-BODS_V1_1.xml,9,6
ST065A-None--SCGL-WEST-2024-01-01-ST_26-04-12_Exports__SCGL_PH0005031_229_20260417-BODS_V1_1.xml,10,4
ST065A-None--SCGL-WEST-2024-01-01-ST_26-04-12_Exports__SCGL_PH0005031_229_20260417-BODS_V1_1.xml,11,5
ST065A-None--SCGL-WEST-2024-01-01-ST_26-04-12_Exports__SCGL_PH0005031_229_20260417-BODS_V1_1.xml,12,5
ST065A-None--SCGL-WEST-2024-01-01-ST_26-04-12_Exports__SCGL_PH0005031_229_20260417-BODS_V1_1.xml,13,6
ST065A-None--SCGL-WEST-2024-01-01-ST_26-04-12_Exports__SCGL_PH0005031_229_20260417-BODS_V1_1.xml,14,5
ST065A-None--SCGL-WEST-2024-01-01-ST_26-04-12_Exports__SCGL_PH0005031_229_20260417-BODS_V1_1.xml,15,5
ST065A-None--SCGL-WEST-2024-01-01-ST_26-04-12_Exports__SCGL_PH0005031_229_20260417-BODS_V1_1.xml,16,5
ST065A-None--SCGL-WEST-2024-01-01-ST_26-04-12_Exports__SCGL_PH0005031_229_20260417-BODS_V1_1.xml,17,5
ST065A-None--SCGL-WEST-2024-01-01-ST_26-04-12_Exports__SCGL_PH0005031_229_20260417-BODS_V1_1.xml,18,4
ST065A-None--SCGL-WEST-2024-01-01-ST_26-04-12_Exports__SCGL_PH0005031_229_20260417-BODS_V1_1.xml,19,2
ST065A-None--SCGL-WEST-2024-01-01-ST_26-04-12_Full_Set_Data_Expor__SCGL_PH0005031_229_20260526-BODS_V1_1.xml,5,2
ST065A-None--SCGL-WEST-2024-01-01-ST_26-04-12_Full_Set_Data_Expor__SCGL_PH0005031_229_20260526-BODS_V1_1.xml,6,2
ST065A-None--SCGL-WEST-2024-01-01-ST_26-04-12_Full_Set_Data_Expor__SCGL_PH0005031_229_20260526-BODS_V1_1.xml,7,4
ST065A-None--SCGL-WEST-2024-01-01-ST_26-04-12_Full_Set_Data_Expor__SCGL_PH0005031_229_20260526-BODS_V1_1.xml,8,3
ST065A-None--SCGL-WEST-2024-01-01-ST_26-04-12_Full_Set_Data_Expor__SCGL_PH0005031_229_20260526-BODS_V1_1.xml,9,6
ST065A-None--SCGL-WEST-2024-01-01-ST_26-04-12_Full_Set_Data_Expor__SCGL_PH0005031_229_20260526-BODS_V1_1.xml,10,4
ST065A-None--SCGL-WEST-2024-01-01-ST_26-04-12_Full_Set_Data_Expor__SCGL_PH0005031_229_20260526-BODS_V1_1.xml,11,5
ST065A-None--SCGL-WEST-2024-01-01-ST_26-04-12_Full_Set_Data_Expor__SCGL_PH0005031_229_20260526-BODS_V1_1.xml,12,5
ST065A-None--SCGL-WEST-2024-01-01-ST_26-04-12_Full_Set_Data_Expor__SCGL_PH0005031_229_20260526-BODS_V1_1.xml,13,6
ST065A-None--SCGL-WEST-2024-01-01-ST_26-04-12_Full_Set_Data_Expor__SCGL_PH0005031_229_20260526-BODS_V1_1.xml,14,5
ST065A-None--SCGL-WEST-2024-01-01-ST_26-04-12_Full_Set_Data_Expor__SCGL_PH0005031_229_20260526-BODS_V1_1.xml,15,5
ST065A-None--SCGL-WEST-2024-01-01-ST_26-04-12_Full_Set_Data_Expor__SCGL_PH0005031_229_20260526-BODS_V1_1.xml,16,5
ST065A-None--SCGL-WEST-2024-01-01-ST_26-04-12_Full_Set_Data_Expor__SCGL_PH0005031_229_20260526-BODS_V1_1.xml,17,5
ST065A-None--SCGL-WEST-2024-01-01-ST_26-04-12_Full_Set_Data_Expor__SCGL_PH0005031_229_20260526-BODS_V1_1.xml,18,4
ST065A-None--SCGL-WEST-2024-01-01-ST_26-04-12_Full_Set_Data_Expor__SCGL_PH0005031_229_20260526-BODS_V1_1.xml,19,2
ST065A-None--SCGL-WEST-2024-01-01-ST_26-04-12_Full_Set_Data_Expor__SCGL_PH0005031_229_20260531-BODS_V1_1.xml,5,2
ST065A-None--SCGL-WEST-2024-01-01-ST_26-04-12_Full_Set_Data_Expor__SCGL_PH0005031_229_20260531-BODS_V1_1.xml,6,2
ST065A-None--SCGL-WEST-2024-01-01-ST_26-04-12_Full_Set_Data_Expor__SCGL_PH0005031_229_20260531-BODS_V1_1.xml,7,4
ST065A-None--SCGL-WEST-2024-01-01-ST_26-04-12_Full_Set_Data_Expor__SCGL_PH0005031_229_20260531-BODS_V1_1.xml,8,3
ST065A-None--SCGL-WEST-2024-01-01-ST_26-04-12_Full_Set_Data_Expor__SCGL_PH0005031_229_20260531-BODS_V1_1.xml,9,6
ST065A-None--SCGL-WEST-2024-01-01-ST_26-04-12_Full_Set_Data_Expor__SCGL_PH0005031_229_20260531-BODS_V1_1.xml,10,4
ST065A-None--SCGL-WEST-2024-01-01-ST_26-04-12_Full_Set_Data_Expor__SCGL_PH0005031_229_20260531-BODS_V1_1.xml,11,5
ST065A-None--SCGL-WEST-2024-01-01-ST_26-04-12_Full_Set_Data_Expor__SCGL_PH0005031_229_20260531-BODS_V1_1.xml,12,5
ST065A-None--SCGL-WEST-2024-01-01-ST_26-04-12_Full_Set_Data_Expor__SCGL_PH0005031_229_20260531-BODS_V1_1.xml,13,6
ST065A-None--SCGL-WEST-2024-01-01-ST_26-04-12_Full_Set_Data_Expor__SCGL_PH0005031_229_20260531-BODS_V1_1.xml,14,5
ST065A-None--SCGL-WEST-2024-01-01-ST_26-04-12_Full_Set_Data_Expor__SCGL_PH0005031_229_20260531-BODS_V1_1.xml,15,5
ST065A-None--SCGL-WEST-2024-01-01-ST_26-04-12_Full_Set_Data_Expor__SCGL_PH0005031_229_20260531-BODS_V1_1.xml,16,5
ST065A-None--SCGL-WEST-2024-01-01-ST_26-04-12_Full_Set_Data_Expor__SCGL_PH0005031_229_20260531-BODS_V1_1.xml,17,5
ST065A-None--SCGL-WEST-2024-01-01-ST_26-04-12_Full_Set_Data_Expor__SCGL_PH0005031_229_20260531-BODS_V1_1.xml,18,4
ST065A-None--SCGL-WEST-2024-01-01-ST_26-04-12_Full_Set_Data_Expor__SCGL_PH0005031_229_20260531-BODS_V1_1.xml,19,2
ST065B-None--SCGL-WEST-2024-01-01-ST_26-04-12_Exports__SCGL_PH0005031_262_20260417-BODS_V1_1.xml,5,3
ST065B-None--SCGL-WEST-2024-01-01-ST_26-04-12_Exports__SCGL_PH0005031_262_20260417-BODS_V1_1.xml,6,2
ST065B-None--SCGL-WEST-2024-01-01-ST_26-04-12_Exports__SCGL_PH0005031_262_20260417-BODS_V1_1.xml,7,5
ST065B-None--SCGL-WEST-2024-01-01-ST_26-04-12_Exports__SCGL_PH0005031_262_20260417-BODS_V1_1.xml,8,5
ST065B-None--SCGL-WEST-2024-01-01-ST_26-04-12_Exports__SCGL_PH0005031_262_20260417-BODS_V1_1.xml,9,3
ST065B-None--SCGL-WEST-2024-01-01-ST_26-04-12_Exports__SCGL_PH0005031_262_20260417-BODS_V1_1.xml,10,6
ST065B-None--SCGL-WEST-2024-01-01-ST_26-04-12_Exports__SCGL_PH0005031_262_20260417-BODS_V1_1.xml,11,4
ST065B-None--SCGL-WEST-2024-01-01-ST_26-04-12_Exports__SCGL_PH0005031_262_20260417-BODS_V1_1.xml,12,6
ST065B-None--SCGL-WEST-2024-01-01-ST_26-04-12_Exports__SCGL_PH0005031_262_20260417-BODS_V1_1.xml,13,4
ST065B-None--SCGL-WEST-2024-01-01-ST_26-04-12_Exports__SCGL_PH0005031_262_20260417-BODS_V1_1.xml,14,6
ST065B-None--SCGL-WEST-2024-01-01-ST_26-04-12_Exports__SCGL_PH0005031_262_20260417-BODS_V1_1.xml,15,2
ST065B-None--SCGL-WEST-2024-01-01-ST_26-04-12_Exports__SCGL_PH0005031_262_20260417-BODS_V1_1.xml,16,6
ST065B-None--SCGL-WEST-2024-01-01-ST_26-04-12_Exports__SCGL_PH0005031_262_20260417-BODS_V1_1.xml,17,4
ST065B-None--SCGL-WEST-2024-01-01-ST_26-04-12_Exports__SCGL_PH0005031_262_20260417-BODS_V1_1.xml,18,4
ST065B-None--SCGL-WEST-2024-01-01-ST_26-04-12_Exports__SCGL_PH0005031_262_20260417-BODS_V1_1.xml,19,2
ST065B-None--SCGL-WEST-2024-01-01-ST_26-04-12_Full_Set_Data_Expor__SCGL_PH0005031_262_20260526-BODS_V1_1.xml,5,3
ST065B-None--SCGL-WEST-2024-01-01-ST_26-04-12_Full_Set_Data_Expor__SCGL_PH0005031_262_20260526-BODS_V1_1.xml,6,2
ST065B-None--SCGL-WEST-2024-01-01-ST_26-04-12_Full_Set_Data_Expor__SCGL_PH0005031_262_20260526-BODS_V1_1.xml,7,5
ST065B-None--SCGL-WEST-2024-01-01-ST_26-04-12_Full_Set_Data_Expor__SCGL_PH0005031_262_20260526-BODS_V1_1.xml,8,5
ST065B-None--SCGL-WEST-2024-01-01-ST_26-04-12_Full_Set_Data_Expor__SCGL_PH0005031_262_20260526-BODS_V1_1.xml,9,3
ST065B-None--SCGL-WEST-2024-01-01-ST_26-04-12_Full_Set_Data_Expor__SCGL_PH0005031_262_20260526-BODS_V1_1.xml,10,6
ST065B-None--SCGL-WEST-2024-01-01-ST_26-04-12_Full_Set_Data_Expor__SCGL_PH0005031_262_20260526-BODS_V1_1.xml,11,4
ST065B-None--SCGL-WEST-2024-01-01-ST_26-04-12_Full_Set_Data_Expor__SCGL_PH0005031_262_20260526-BODS_V1_1.xml,12,6
ST065B-None--SCGL-WEST-2024-01-01-ST_26-04-12_Full_Set_Data_Expor__SCGL_PH0005031_262_20260526-BODS_V1_1.xml,13,4
ST065B-None--SCGL-WEST-2024-01-01-ST_26-04-12_Full_Set_Data_Expor__SCGL_PH0005031_262_20260526-BODS_V1_1.xml,14,6
ST065B-None--SCGL-WEST-2024-01-01-ST_26-04-12_Full_Set_Data_Expor__SCGL_PH0005031_262_20260526-BODS_V1_1.xml,15,2
ST065B-None--SCGL-WEST-2024-01-01-ST_26-04-12_Full_Set_Data_Expor__SCGL_PH0005031_262_20260526-BODS_V1_1.xml,16,6
ST065B-None--SCGL-WEST-2024-01-01-ST_26-04-12_Full_Set_Data_Expor__SCGL_PH0005031_262_20260526-BODS_V1_1.xml,17,4
ST065B-None--SCGL-WEST-2024-01-01-ST_26-04-12_Full_Set_Data_Expor__SCGL_PH0005031_262_20260526-BODS_V1_1.xml,18,4
ST065B-None--SCGL-WEST-2024-01-01-ST_26-04-12_Full_Set_Data_Expor__SCGL_PH0005031_262_20260526-BODS_V1_1.xml,19,2
ST065B-None--SCGL-WEST-2024-01-01-ST_26-04-12_Full_Set_Data_Expor__SCGL_PH0005031_262_20260531-BODS_V1_1.xml,5,3
ST065B-None--SCGL-WEST-2024-01-01-ST_26-04-12_Full_Set_Data_Expor__SCGL_PH0005031_262_20260531-BODS_V1_1.xml,6,2
ST065B-None--SCGL-WEST-2024-01-01-ST_26-04-12_Full_Set_Data_Expor__SCGL_PH0005031_262_20260531-BODS_V1_1.xml,7,5
ST065B-None--SCGL-WEST-2024-01-01-ST_26-04-12_Full_Set_Data_Expor__SCGL_PH0005031_262_20260531-BODS_V1_1.xml,8,5
ST065B-None--SCGL-WEST-2024-01-01-ST_26-04-12_Full_Set_Data_Expor__SCGL_PH0005031_262_20260531-BODS_V1_1.xml,9,3
ST065B-None--SCGL-WEST-2024-01-01-ST_26-04-12_Full_Set_Data_Expor__SCGL_PH0005031_262_20260531-BODS_V1_1.xml,10,6
ST065B-None--SCGL-WEST-2024-01-01-ST_26-04-12_Full_Set_Data_Expor__SCGL_PH0005031_262_20260531-BODS_V1_1.xml,11,4
ST065B-None--SCGL-WEST-2024-01-01-ST_26-04-12_Full_Set_Data_Expor__SCGL_PH0005031_262_20260531-BODS_V1_1.xml,12,6
ST065B-None--SCGL-WEST-2024-01-01-ST_26-04-12_Full_Set_Data_Expor__SCGL_PH0005031_262_20260531-BODS_V1_1.xml,13,4
ST065B-None--SCGL-WEST-2024-01-01-ST_26-04-12_Full_Set_Data_Expor__SCGL_PH0005031_262_20260531-BODS_V1_1.xml,14,6
ST065B-None--SCGL-WEST-2024-01-01-ST_26-04-12_Full_Set_Data_Expor__SCGL_PH0005031_262_20260531-BODS_V1_1.xml,15,2
ST065B-None--SCGL-WEST-2024-01-01-ST_26-04-12_Full_Set_Data_Expor__SCGL_PH0005031_262_20260531-BODS_V1_1.xml,16,6
ST065B-None--SCGL-WEST-2024-01-01-ST_26-04-12_Full_Set_Data_Expor__SCGL_PH0005031_262_20260531-BODS_V1_1.xml,17,4
ST065B-None--SCGL-WEST-2024-01-01-ST_26-04-12_Full_Set_Data_Expor__SCGL_PH0005031_262_20260531-BODS_V1_1.xml,18,4
ST065B-None--SCGL-WEST-2024-01-01-ST_26-04-12_Full_Set_Data_Expor__SCGL_PH0005031_262_20260531-BODS_V1_1.xml,19,2
ST066C-None--SCGL-WECM-2025-08-31-CH_26-03-15__SCGL_PH0005031_258_20260412-BODS_V1_1.xml,6,1
ST066C-None--SCGL-WECM-2025-08-31-CH_26-03-15__SCGL_PH0005031_258_20260412-BODS_V1_1.xml,7,3
ST066C-None--SCGL-WECM-2025-08-31-CH_26-03-15__SCGL_PH0005031_258_20260412-BODS_V1_1.xml,8,4
ST066C-None--SCGL-WECM-2025-08-31-CH_26-03-15__SCGL_PH0005031_258_20260412-BODS_V1_1.xml,9,2
ST066C-None--SCGL-WECM-2025-08-31-CH_26-03-15__SCGL_PH0005031_258_20260412-BODS_V1_1.xml,10,2
ST066C-None--SCGL-WECM-2025-08-31-CH_26-03-15__SCGL_PH0005031_258_20260412-BODS_V1_1.xml,11,2
ST066C-None--SCGL-WECM-2025-08-31-CH_26-03-15__SCGL_PH0005031_258_20260412-BODS_V1_1.xml,12,2
ST066C-None--SCGL-WECM-2025-08-31-CH_26-03-15__SCGL_PH0005031_258_20260412-BODS_V1_1.xml,13,2
ST066C-None--SCGL-WECM-2025-08-31-CH_26-03-15__SCGL_PH0005031_258_20260412-BODS_V1_1.xml,14,3
ST066C-None--SCGL-WECM-2025-08-31-CH_26-03-15__SCGL_PH0005031_258_20260412-BODS_V1_1.xml,15,4
ST066C-None--SCGL-WECM-2025-08-31-CH_26-03-15__SCGL_PH0005031_258_20260412-BODS_V1_1.xml,16,3
ST066C-None--SCGL-WECM-2025-08-31-CH_26-03-15__SCGL_PH0005031_258_20260412-BODS_V1_1.xml,17,4
ST066C-None--SCGL-WECM-2025-08-31-CH_26-03-15__SCGL_PH0005031_258_20260412-BODS_V1_1.xml,18,1
ST066C-None--SCGL-WECM-2025-08-31-CH_26-03-15__SCGL_PH0005031_258_20260526-BODS_V1_1.xml,6,1
ST066C-None--SCGL-WECM-2025-08-31-CH_26-03-15__SCGL_PH0005031_258_20260526-BODS_V1_1.xml,7,3
ST066C-None--SCGL-WECM-2025-08-31-CH_26-03-15__SCGL_PH0005031_258_20260526-BODS_V1_1.xml,8,4
ST066C-None--SCGL-WECM-2025-08-31-CH_26-03-15__SCGL_PH0005031_258_20260526-BODS_V1_1.xml,9,2
ST066C-None--SCGL-WECM-2025-08-31-CH_26-03-15__SCGL_PH0005031_258_20260526-BODS_V1_1.xml,10,2
ST066C-None--SCGL-WECM-2025-08-31-CH_26-03-15__SCGL_PH0005031_258_20260526-BODS_V1_1.xml,11,2
ST066C-None--SCGL-WECM-2025-08-31-CH_26-03-15__SCGL_PH0005031_258_20260526-BODS_V1_1.xml,12,2
ST066C-None--SCGL-WECM-2025-08-31-CH_26-03-15__SCGL_PH0005031_258_20260526-BODS_V1_1.xml,13,2
ST066C-None--SCGL-WECM-2025-08-31-CH_26-03-15__SCGL_PH0005031_258_20260526-BODS_V1_1.xml,14,3
ST066C-None--SCGL-WECM-2025-08-31-CH_26-03-15__SCGL_PH0005031_258_20260526-BODS_V1_1.xml,15,4
ST066C-None--SCGL-WECM-2025-08-31-CH_26-03-15__SCGL_PH0005031_258_20260526-BODS_V1_1.xml,16,3
ST066C-None--SCGL-WECM-2025-08-31-CH_26-03-15__SCGL_PH0005031_258_20260526-BODS_V1_1.xml,17,4
ST066C-None--SCGL-WECM-2025-08-31-CH_26-03-15__SCGL_PH0005031_258_20260526-BODS_V1_1.xml,18,1
ST066C-None--SCGL-WECM-2025-08-31-CH_26-05-31_V3__SCGL_PH0005031_258_20260531-BODS_V1_1.xml,6,1
ST066C-None--SCGL-WECM-2025-08-31-CH_26-05-31_V3__SCGL_PH0005031_258_20260531-BODS_V1_1.xml,7,3
ST066C-None--SCGL-WECM-2025-08-31-CH_26-05-31_V3__SCGL_PH0005031_258_20260531-BODS_V1_1.xml,8,4
ST066C-None--SCGL-WECM-2025-08-31-CH_26-05-31_V3__SCGL_PH0005031_258_20260531-BODS_V1_1.xml,9,2
ST066C-None--SCGL-WECM-2025-08-31-CH_26-05-31_V3__SCGL_PH0005031_258_20260531-BODS_V1_1.xml,10,2
ST066C-None--SCGL-WECM-2025-08-31-CH_26-05-31_V3__SCGL_PH0005031_258_20260531-BODS_V1_1.xml,11,2
ST066C-None--SCGL-WECM-2025-08-31-CH_26-05-31_V3__SCGL_PH0005031_258_20260531-BODS_V1_1.xml,12,2
ST066C-None--SCGL-WECM-2025-08-31-CH_26-05-31_V3__SCGL_PH0005031_258_20260531-BODS_V1_1.xml,13,2
ST066C-None--SCGL-WECM-2025-08-31-CH_26-05-31_V3__SCGL_PH0005031_258_20260531-BODS_V1_1.xml,14,3
ST066C-None--SCGL-WECM-2025-08-31-CH_26-05-31_V3__SCGL_PH0005031_258_20260531-BODS_V1_1.xml,15,4
ST066C-None--SCGL-WECM-2025-08-31-CH_26-05-31_V3__SCGL_PH0005031_258_20260531-BODS_V1_1.xml,16,3
ST066C-None--SCGL-WECM-2025-08-31-CH_26-05-31_V3__SCGL_PH0005031_258_20260531-BODS_V1_1.xml,17,4
ST066C-None--SCGL-WECM-2025-08-31-CH_26-05-31_V3__SCGL_PH0005031_258_20260531-BODS_V1_1.xml,18,1
ST067-None--SCGL-WEST-2024-01-01-ST_26-04-12_Exports__SCGL_PH0005031_220_20260412-BODS_V1_1.xml,6,1
ST067-None--SCGL-WEST-2024-01-01-ST_26-04-12_Exports__SCGL_PH0005031_220_20260412-BODS_V1_1.xml,7,7
ST067-None--SCGL-WEST-2024-01-01-ST_26-04-12_Exports__SCGL_PH0005031_220_20260412-BODS_V1_1.xml,8,7
ST067-None--SCGL-WEST-2024-01-01-ST_26-04-12_Exports__SCGL_PH0005031_220_20260412-BODS_V1_1.xml,9,9
ST067-None--SCGL-WEST-2024-01-01-ST_26-04-12_Exports__SCGL_PH0005031_220_20260412-BODS_V1_1.xml,10,9
ST067-None--SCGL-WEST-2024-01-01-ST_26-04-12_Exports__SCGL_PH0005031_220_20260412-BODS_V1_1.xml,11,10
ST067-None--SCGL-WEST-2024-01-01-ST_26-04-12_Exports__SCGL_PH0005031_220_20260412-BODS_V1_1.xml,12,9
ST067-None--SCGL-WEST-2024-01-01-ST_26-04-12_Exports__SCGL_PH0005031_220_20260412-BODS_V1_1.xml,13,10
ST067-None--SCGL-WEST-2024-01-01-ST_26-04-12_Exports__SCGL_PH0005031_220_20260412-BODS_V1_1.xml,14,9
ST067-None--SCGL-WEST-2024-01-01-ST_26-04-12_Exports__SCGL_PH0005031_220_20260412-BODS_V1_1.xml,15,9
ST067-None--SCGL-WEST-2024-01-01-ST_26-04-12_Exports__SCGL_PH0005031_220_20260412-BODS_V1_1.xml,16,9
ST067-None--SCGL-WEST-2024-01-01-ST_26-04-12_Exports__SCGL_PH0005031_220_20260412-BODS_V1_1.xml,17,8
ST067-None--SCGL-WEST-2024-01-01-ST_26-04-12_Exports__SCGL_PH0005031_220_20260412-BODS_V1_1.xml,18,6
ST067-None--SCGL-WEST-2024-01-01-ST_26-04-12_Exports__SCGL_PH0005031_220_20260412-BODS_V1_1.xml,19,5
ST067-None--SCGL-WEST-2024-01-01-ST_26-04-12_Exports__SCGL_PH0005031_220_20260412-BODS_V1_1.xml,20,4
ST067-None--SCGL-WEST-2024-01-01-ST_26-04-12_Exports__SCGL_PH0005031_220_20260412-BODS_V1_1.xml,21,2
ST067-None--SCGL-WEST-2024-01-01-ST_26-04-12_Exports__SCGL_PH0005031_220_20260412-BODS_V1_1.xml,22,4
ST067-None--SCGL-WEST-2024-01-01-ST_26-04-12_Exports__SCGL_PH0005031_220_20260412-BODS_V1_1.xml,23,2
ST067-None--SCGL-WEST-2024-01-01-ST_26-04-12_Full_Set_Data_Export__SCGL_PH0005031_220_20260526-BODS_V1_1.xml,6,1
ST067-None--SCGL-WEST-2024-01-01-ST_26-04-12_Full_Set_Data_Export__SCGL_PH0005031_220_20260526-BODS_V1_1.xml,7,7
ST067-None--SCGL-WEST-2024-01-01-ST_26-04-12_Full_Set_Data_Export__SCGL_PH0005031_220_20260526-BODS_V1_1.xml,8,7
ST067-None--SCGL-WEST-2024-01-01-ST_26-04-12_Full_Set_Data_Export__SCGL_PH0005031_220_20260526-BODS_V1_1.xml,9,9
ST067-None--SCGL-WEST-2024-01-01-ST_26-04-12_Full_Set_Data_Export__SCGL_PH0005031_220_20260526-BODS_V1_1.xml,10,9
ST067-None--SCGL-WEST-2024-01-01-ST_26-04-12_Full_Set_Data_Export__SCGL_PH0005031_220_20260526-BODS_V1_1.xml,11,10
ST067-None--SCGL-WEST-2024-01-01-ST_26-04-12_Full_Set_Data_Export__SCGL_PH0005031_220_20260526-BODS_V1_1.xml,12,9
ST067-None--SCGL-WEST-2024-01-01-ST_26-04-12_Full_Set_Data_Export__SCGL_PH0005031_220_20260526-BODS_V1_1.xml,13,10
ST067-None--SCGL-WEST-2024-01-01-ST_26-04-12_Full_Set_Data_Export__SCGL_PH0005031_220_20260526-BODS_V1_1.xml,14,9
ST067-None--SCGL-WEST-2024-01-01-ST_26-04-12_Full_Set_Data_Export__SCGL_PH0005031_220_20260526-BODS_V1_1.xml,15,9
ST067-None--SCGL-WEST-2024-01-01-ST_26-04-12_Full_Set_Data_Export__SCGL_PH0005031_220_20260526-BODS_V1_1.xml,16,9
ST067-None--SCGL-WEST-2024-01-01-ST_26-04-12_Full_Set_Data_Export__SCGL_PH0005031_220_20260526-BODS_V1_1.xml,17,8
ST067-None--SCGL-WEST-2024-01-01-ST_26-04-12_Full_Set_Data_Export__SCGL_PH0005031_220_20260526-BODS_V1_1.xml,18,6
ST067-None--SCGL-WEST-2024-01-01-ST_26-04-12_Full_Set_Data_Export__SCGL_PH0005031_220_20260526-BODS_V1_1.xml,19,5
ST067-None--SCGL-WEST-2024-01-01-ST_26-04-12_Full_Set_Data_Export__SCGL_PH0005031_220_20260526-BODS_V1_1.xml,20,4
ST067-None--SCGL-WEST-2024-01-01-ST_26-04-12_Full_Set_Data_Export__SCGL_PH0005031_220_20260526-BODS_V1_1.xml,21,2
ST067-None--SCGL-WEST-2024-01-01-ST_26-04-12_Full_Set_Data_Export__SCGL_PH0005031_220_20260526-BODS_V1_1.xml,22,4
ST067-None--SCGL-WEST-2024-01-01-ST_26-04-12_Full_Set_Data_Export__SCGL_PH0005031_220_20260526-BODS_V1_1.xml,23,2
ST067-None--SCGL-WEST-2024-01-01-ST_26-04-12_Full_Set_Data_Export__SCGL_PH0005031_220_20260531-BODS_V1_1.xml,6,1
ST067-None--SCGL-WEST-2024-01-01-ST_26-04-12_Full_Set_Data_Export__SCGL_PH0005031_220_20260531-BODS_V1_1.xml,7,7
ST067-None--SCGL-WEST-2024-01-01-ST_26-04-12_Full_Set_Data_Export__SCGL_PH0005031_220_20260531-BODS_V1_1.xml,8,7
ST067-None--SCGL-WEST-2024-01-01-ST_26-04-12_Full_Set_Data_Export__SCGL_PH0005031_220_20260531-BODS_V1_1.xml,9,9
ST067-None--SCGL-WEST-2024-01-01-ST_26-04-12_Full_Set_Data_Export__SCGL_PH0005031_220_20260531-BODS_V1_1.xml,10,9
ST067-None--SCGL-WEST-2024-01-01-ST_26-04-12_Full_Set_Data_Export__SCGL_PH0005031_220_20260531-BODS_V1_1.xml,11,10
ST067-None--SCGL-WEST-2024-01-01-ST_26-04-12_Full_Set_Data_Export__SCGL_PH0005031_220_20260531-BODS_V1_1.xml,12,9
ST067-None--SCGL-WEST-2024-01-01-ST_26-04-12_Full_Set_Data_Export__SCGL_PH0005031_220_20260531-BODS_V1_1.xml,13,10
ST067-None--SCGL-WEST-2024-01-01-ST_26-04-12_Full_Set_Data_Export__SCGL_PH0005031_220_20260531-BODS_V1_1.xml,14,9
ST067-None--SCGL-WEST-2024-01-01-ST_26-04-12_Full_Set_Data_Export__SCGL_PH0005031_220_20260531-BODS_V1_1.xml,15,9
ST067-None--SCGL-WEST-2024-01-01-ST_26-04-12_Full_Set_Data_Export__SCGL_PH0005031_220_20260531-BODS_V1_1.xml,16,9
ST067-None--SCGL-WEST-2024-01-01-ST_26-04-12_Full_Set_Data_Export__SCGL_PH0005031_220_20260531-BODS_V1_1.xml,17,8
ST067-None--SCGL-WEST-2024-01-01-ST_26-04-12_Full_Set_Data_Export__SCGL_PH0005031_220_20260531-BODS_V1_1.xml,18,6
ST067-None--SCGL-WEST-2024-01-01-ST_26-04-12_Full_Set_Data_Export__SCGL_PH0005031_220_20260531-BODS_V1_1.xml,19,5
ST067-None--SCGL-WEST-2024-01-01-ST_26-04-12_Full_Set_Data_Export__SCGL_PH0005031_220_20260531-BODS_V1_1.xml,20,4
ST067-None--SCGL-WEST-2024-01-01-ST_26-04-12_Full_Set_Data_Export__SCGL_PH0005031_220_20260531-BODS_V1_1.xml,21,2
ST067-None--SCGL-WEST-2024-01-01-ST_26-04-12_Full_Set_Data_Export__SCGL_PH0005031_220_20260531-BODS_V1_1.xml,22,4
ST067-None--SCGL-WEST-2024-01-01-ST_26-04-12_Full_Set_Data_Export__SCGL_PH0005031_220_20260531-BODS_V1_1.xml,23,2
ST069-None--SCGL-WEST-2024-01-01-ST_26-04-12_Exports__SCGL_PH0005031_230_20260412-BODS_V1_1.xml,6,1
ST069-None--SCGL-WEST-2024-01-01-ST_26-04-12_Exports__SCGL_PH0005031_230_20260412-BODS_V1_1.xml,7,2
ST069-None--SCGL-WEST-2024-01-01-ST_26-04-12_Exports__SCGL_PH0005031_230_20260412-BODS_V1_1.xml,8,3
ST069-None--SCGL-WEST-2024-01-01-ST_26-04-12_Exports__SCGL_PH0005031_230_20260412-BODS_V1_1.xml,9,1
ST069-None--SCGL-WEST-2024-01-01-ST_26-04-12_Exports__SCGL_PH0005031_230_20260412-BODS_V1_1.xml,10,2
ST069-None--SCGL-WEST-2024-01-01-ST_26-04-12_Exports__SCGL_PH0005031_230_20260412-BODS_V1_1.xml,11,6
ST069-None--SCGL-WEST-2024-01-01-ST_26-04-12_Exports__SCGL_PH0005031_230_20260412-BODS_V1_1.xml,14,4
ST069-None--SCGL-WEST-2024-01-01-ST_26-04-12_Exports__SCGL_PH0005031_230_20260412-BODS_V1_1.xml,16,3
ST069-None--SCGL-WEST-2024-01-01-ST_26-04-12_Exports__SCGL_PH0005031_230_20260412-BODS_V1_1.xml,17,3
ST069-None--SCGL-WEST-2024-01-01-ST_26-04-12_Exports__SCGL_PH0005031_230_20260412-BODS_V1_1.xml,18,2
ST069-None--SCGL-WEST-2024-01-01-ST_26-05-26__SCGL_PH0005031_230_20260526-BODS_V1_1.xml,6,1
ST069-None--SCGL-WEST-2024-01-01-ST_26-05-26__SCGL_PH0005031_230_20260526-BODS_V1_1.xml,7,2
ST069-None--SCGL-WEST-2024-01-01-ST_26-05-26__SCGL_PH0005031_230_20260526-BODS_V1_1.xml,8,5
ST069-None--SCGL-WEST-2024-01-01-ST_26-05-26__SCGL_PH0005031_230_20260526-BODS_V1_1.xml,9,1
ST069-None--SCGL-WEST-2024-01-01-ST_26-05-26__SCGL_PH0005031_230_20260526-BODS_V1_1.xml,10,2
ST069-None--SCGL-WEST-2024-01-01-ST_26-05-26__SCGL_PH0005031_230_20260526-BODS_V1_1.xml,11,6
ST069-None--SCGL-WEST-2024-01-01-ST_26-05-26__SCGL_PH0005031_230_20260526-BODS_V1_1.xml,14,6
ST069-None--SCGL-WEST-2024-01-01-ST_26-05-26__SCGL_PH0005031_230_20260526-BODS_V1_1.xml,16,3
ST069-None--SCGL-WEST-2024-01-01-ST_26-05-26__SCGL_PH0005031_230_20260526-BODS_V1_1.xml,17,3
ST069-None--SCGL-WEST-2024-01-01-ST_26-05-26__SCGL_PH0005031_230_20260526-BODS_V1_1.xml,18,2
ST166-None--SCGL-WEST-2024-01-01-ST_26-04-12_Exports__SCGL_PH0005031_380_20260415-BODS_V1_1.xml,7,1
ST166-None--SCGL-WEST-2024-01-01-ST_26-04-12_Exports__SCGL_PH0005031_380_20260415-BODS_V1_1.xml,8,1
ST166-None--SCGL-WEST-2024-01-01-ST_26-04-12_Exports__SCGL_PH0005031_380_20260415-BODS_V1_1.xml,9,5
ST166-None--SCGL-WEST-2024-01-01-ST_26-04-12_Exports__SCGL_PH0005031_380_20260415-BODS_V1_1.xml,10,1
ST166-None--SCGL-WEST-2024-01-01-ST_26-04-12_Exports__SCGL_PH0005031_380_20260415-BODS_V1_1.xml,11,1
ST166-None--SCGL-WEST-2024-01-01-ST_26-04-12_Exports__SCGL_PH0005031_380_20260415-BODS_V1_1.xml,12,1
ST166-None--SCGL-WEST-2024-01-01-ST_26-04-12_Exports__SCGL_PH0005031_380_20260415-BODS_V1_1.xml,13,5
ST166-None--SCGL-WEST-2024-01-01-ST_26-04-12_Exports__SCGL_PH0005031_380_20260415-BODS_V1_1.xml,14,1
ST166-None--SCGL-WEST-2024-01-01-ST_26-04-12_Exports__SCGL_PH0005031_380_20260415-BODS_V1_1.xml,15,2
ST166-None--SCGL-WEST-2024-01-01-ST_26-04-12_Exports__SCGL_PH0005031_380_20260415-BODS_V1_1.xml,16,1
ST166-None--SCGL-WEST-2024-01-01-ST_26-04-12_Exports__SCGL_PH0005031_380_20260415-BODS_V1_1.xml,17,1
ST166-None--SCGL-WEST-2024-01-01-ST_26-04-12_Full_Set_Data_Export__SCGL_PH0005031_380_20260526-BODS_V1_1.xml,8,1
ST166-None--SCGL-WEST-2024-01-01-ST_26-04-12_Full_Set_Data_Export__SCGL_PH0005031_380_20260526-BODS_V1_1.xml,9,5
ST166-None--SCGL-WEST-2024-01-01-ST_26-04-12_Full_Set_Data_Export__SCGL_PH0005031_380_20260526-BODS_V1_1.xml,10,1
ST166-None--SCGL-WEST-2024-01-01-ST_26-04-12_Full_Set_Data_Export__SCGL_PH0005031_380_20260526-BODS_V1_1.xml,11,1
ST166-None--SCGL-WEST-2024-01-01-ST_26-04-12_Full_Set_Data_Export__SCGL_PH0005031_380_20260526-BODS_V1_1.xml,12,1
ST166-None--SCGL-WEST-2024-01-01-ST_26-04-12_Full_Set_Data_Export__SCGL_PH0005031_380_20260526-BODS_V1_1.xml,13,5
ST166-None--SCGL-WEST-2024-01-01-ST_26-04-12_Full_Set_Data_Export__SCGL_PH0005031_380_20260526-BODS_V1_1.xml,14,1
ST166-None--SCGL-WEST-2024-01-01-ST_26-04-12_Full_Set_Data_Export__SCGL_PH0005031_380_20260526-BODS_V1_1.xml,15,1
ST166-None--SCGL-WEST-2024-01-01-ST_26-04-12_Full_Set_Data_Export__SCGL_PH0005031_380_20260526-BODS_V1_1.xml,16,1
ST166-None--SCGL-WEST-2024-01-01-ST_26-04-12_Full_Set_Data_Export__SCGL_PH0005031_380_20260526-BODS_V1_1.xml,17,1
ST166-None--SCGL-WEST-2024-01-01-ST_26-04-12_Full_Set_Data_Export__SCGL_PH0005031_380_20260531-BODS_V1_1.xml,7,1
ST166-None--SCGL-WEST-2024-01-01-ST_26-04-12_Full_Set_Data_Export__SCGL_PH0005031_380_20260531-BODS_V1_1.xml,8,1
ST166-None--SCGL-WEST-2024-01-01-ST_26-04-12_Full_Set_Data_Export__SCGL_PH0005031_380_20260531-BODS_V1_1.xml,9,5
ST166-None--SCGL-WEST-2024-01-01-ST_26-04-12_Full_Set_Data_Export__SCGL_PH0005031_380_20260531-BODS_V1_1.xml,10,1
ST166-None--SCGL-WEST-2024-01-01-ST_26-04-12_Full_Set_Data_Export__SCGL_PH0005031_380_20260531-BODS_V1_1.xml,11,1
ST166-None--SCGL-WEST-2024-01-01-ST_26-04-12_Full_Set_Data_Export__SCGL_PH0005031_380_20260531-BODS_V1_1.xml,12,1
ST166-None--SCGL-WEST-2024-01-01-ST_26-04-12_Full_Set_Data_Export__SCGL_PH0005031_380_20260531-BODS_V1_1.xml,13,5
ST166-None--SCGL-WEST-2024-01-01-ST_26-04-12_Full_Set_Data_Export__SCGL_PH0005031_380_20260531-BODS_V1_1.xml,14,1
ST166-None--SCGL-WEST-2024-01-01-ST_26-04-12_Full_Set_Data_Export__SCGL_PH0005031_380_20260531-BODS_V1_1.xml,15,2
ST166-None--SCGL-WEST-2024-01-01-ST_26-04-12_Full_Set_Data_Export__SCGL_PH0005031_380_20260531-BODS_V1_1.xml,16,1
ST166-None--SCGL-WEST-2024-01-01-ST_26-04-12_Full_Set_Data_Export__SCGL_PH0005031_380_20260531-BODS_V1_1.xml,17,1
ST207-None--SCGL-WEST-2024-01-01-ST_26-04-12_Exports__SCGL_PH0005031_411_20260415-BODS_V1_1.xml,6,2
ST207-None--SCGL-WEST-2024-01-01-ST_26-04-12_Exports__SCGL_PH0005031_411_20260415-BODS_V1_1.xml,7,1
ST207-None--SCGL-WEST-2024-01-01-ST_26-04-12_Exports__SCGL_PH0005031_411_20260415-BODS_V1_1.xml,8,3
ST207-None--SCGL-WEST-2024-01-01-ST_26-04-12_Exports__SCGL_PH0005031_411_20260415-BODS_V1_1.xml,9,2
ST207-None--SCGL-WEST-2024-01-01-ST_26-04-12_Exports__SCGL_PH0005031_411_20260415-BODS_V1_1.xml,11,2
ST207-None--SCGL-WEST-2024-01-01-ST_26-04-12_Exports__SCGL_PH0005031_411_20260415-BODS_V1_1.xml,12,2
ST207-None--SCGL-WEST-2024-01-01-ST_26-04-12_Exports__SCGL_PH0005031_411_20260415-BODS_V1_1.xml,14,2
ST207-None--SCGL-WEST-2024-01-01-ST_26-04-12_Exports__SCGL_PH0005031_411_20260415-BODS_V1_1.xml,15,3
ST207-None--SCGL-WEST-2024-01-01-ST_26-04-12_Exports__SCGL_PH0005031_411_20260415-BODS_V1_1.xml,16,1
ST207-None--SCGL-WEST-2024-01-01-ST_26-04-12_Exports__SCGL_PH0005031_411_20260415-BODS_V1_1.xml,17,2
ST207-None--SCGL-WEST-2024-01-01-ST_26-04-12_Exports__SCGL_PH0005031_411_20260415-BODS_V1_1.xml,18,2
ST207-None--SCGL-WEST-2024-01-01-ST_26-04-12_Full_Set_Data_Export__SCGL_PH0005031_411_20260526-BODS_V1_1.xml,6,2
ST207-None--SCGL-WEST-2024-01-01-ST_26-04-12_Full_Set_Data_Export__SCGL_PH0005031_411_20260526-BODS_V1_1.xml,7,1
ST207-None--SCGL-WEST-2024-01-01-ST_26-04-12_Full_Set_Data_Export__SCGL_PH0005031_411_20260526-BODS_V1_1.xml,8,3
ST207-None--SCGL-WEST-2024-01-01-ST_26-04-12_Full_Set_Data_Export__SCGL_PH0005031_411_20260526-BODS_V1_1.xml,9,2
ST207-None--SCGL-WEST-2024-01-01-ST_26-04-12_Full_Set_Data_Export__SCGL_PH0005031_411_20260526-BODS_V1_1.xml,11,2
ST207-None--SCGL-WEST-2024-01-01-ST_26-04-12_Full_Set_Data_Export__SCGL_PH0005031_411_20260526-BODS_V1_1.xml,12,2
ST207-None--SCGL-WEST-2024-01-01-ST_26-04-12_Full_Set_Data_Export__SCGL_PH0005031_411_20260526-BODS_V1_1.xml,14,2
ST207-None--SCGL-WEST-2024-01-01-ST_26-04-12_Full_Set_Data_Export__SCGL_PH0005031_411_20260526-BODS_V1_1.xml,15,3
ST207-None--SCGL-WEST-2024-01-01-ST_26-04-12_Full_Set_Data_Export__SCGL_PH0005031_411_20260526-BODS_V1_1.xml,16,1
ST207-None--SCGL-WEST-2024-01-01-ST_26-04-12_Full_Set_Data_Export__SCGL_PH0005031_411_20260526-BODS_V1_1.xml,17,2
ST207-None--SCGL-WEST-2024-01-01-ST_26-04-12_Full_Set_Data_Export__SCGL_PH0005031_411_20260526-BODS_V1_1.xml,18,2
ST207-None--SCGL-WEST-2024-01-01-ST_26-04-12_Full_Set_Data_Export__SCGL_PH0005031_411_20260531-BODS_V1_1.xml,6,2
ST207-None--SCGL-WEST-2024-01-01-ST_26-04-12_Full_Set_Data_Export__SCGL_PH0005031_411_20260531-BODS_V1_1.xml,7,1
ST207-None--SCGL-WEST-2024-01-01-ST_26-04-12_Full_Set_Data_Export__SCGL_PH0005031_411_20260531-BODS_V1_1.xml,8,3
ST207-None--SCGL-WEST-2024-01-01-ST_26-04-12_Full_Set_Data_Export__SCGL_PH0005031_411_20260531-BODS_V1_1.xml,9,2
ST207-None--SCGL-WEST-2024-01-01-ST_26-04-12_Full_Set_Data_Export__SCGL_PH0005031_411_20260531-BODS_V1_1.xml,11,2
ST207-None--SCGL-WEST-2024-01-01-ST_26-04-12_Full_Set_Data_Export__SCGL_PH0005031_411_20260531-BODS_V1_1.xml,12,2
ST207-None--SCGL-WEST-2024-01-01-ST_26-04-12_Full_Set_Data_Export__SCGL_PH0005031_411_20260531-BODS_V1_1.xml,14,2
ST207-None--SCGL-WEST-2024-01-01-ST_26-04-12_Full_Set_Data_Export__SCGL_PH0005031_411_20260531-BODS_V1_1.xml,15,3
ST207-None--SCGL-WEST-2024-01-01-ST_26-04-12_Full_Set_Data_Export__SCGL_PH0005031_411_20260531-BODS_V1_1.xml,16,1
ST207-None--SCGL-WEST-2024-01-01-ST_26-04-12_Full_Set_Data_Export__SCGL_PH0005031_411_20260531-BODS_V1_1.xml,17,2
ST207-None--SCGL-WEST-2024-01-01-ST_26-04-12_Full_Set_Data_Export__SCGL_PH0005031_411_20260531-BODS_V1_1.xml,18,2
ST62-None--SCGL-WEST-2024-01-01-ST_26-04-12_Exports__SCGL_PH0005031_379_20260412-BODS_V1_1.xml,6,3
ST62-None--SCGL-WEST-2024-01-01-ST_26-04-12_Exports__SCGL_PH0005031_379_20260412-BODS_V1_1.xml,7,1
ST62-None--SCGL-WEST-2024-01-01-ST_26-04-12_Exports__SCGL_PH0005031_379_20260412-BODS_V1_1.xml,8,5
ST62-None--SCGL-WEST-2024-01-01-ST_26-04-12_Exports__SCGL_PH0005031_379_20260412-BODS_V1_1.xml,9,8
ST62-None--SCGL-WEST-2024-01-01-ST_26-04-12_Exports__SCGL_PH0005031_379_20260412-BODS_V1_1.xml,10,4
ST62-None--SCGL-WEST-2024-01-01-ST_26-04-12_Exports__SCGL_PH0005031_379_20260412-BODS_V1_1.xml,11,6
ST62-None--SCGL-WEST-2024-01-01-ST_26-04-12_Exports__SCGL_PH0005031_379_20260412-BODS_V1_1.xml,12,4
ST62-None--SCGL-WEST-2024-01-01-ST_26-04-12_Exports__SCGL_PH0005031_379_20260412-BODS_V1_1.xml,13,6
ST62-None--SCGL-WEST-2024-01-01-ST_26-04-12_Exports__SCGL_PH0005031_379_20260412-BODS_V1_1.xml,14,4
ST62-None--SCGL-WEST-2024-01-01-ST_26-04-12_Exports__SCGL_PH0005031_379_20260412-BODS_V1_1.xml,15,6
ST62-None--SCGL-WEST-2024-01-01-ST_26-04-12_Exports__SCGL_PH0005031_379_20260412-BODS_V1_1.xml,16,4
ST62-None--SCGL-WEST-2024-01-01-ST_26-04-12_Exports__SCGL_PH0005031_379_20260412-BODS_V1_1.xml,17,7
ST62-None--SCGL-WEST-2024-01-01-ST_26-04-12_Exports__SCGL_PH0005031_379_20260412-BODS_V1_1.xml,18,2
ST62-None--SCGL-WEST-2024-01-01-ST_26-04-12_Exports__SCGL_PH0005031_379_20260412-BODS_V1_1.xml,19,2
ST62-None--SCGL-WEST-2024-01-01-ST_26-04-12_Exports__SCGL_PH0005031_379_20260412-BODS_V1_1.xml,21,4
ST62-None--SCGL-WEST-2024-01-01-ST_26-04-12_Exports__SCGL_PH0005031_379_20260412-BODS_V1_1.xml,23,4
ST62-None--SCGL-WEST-2024-01-01-ST_26-04-12_Full_Set_Data_Exports__SCGL_PH0005031_379_20260526-BODS_V1_1.xml,6,3
ST62-None--SCGL-WEST-2024-01-01-ST_26-04-12_Full_Set_Data_Exports__SCGL_PH0005031_379_20260526-BODS_V1_1.xml,7,1
ST62-None--SCGL-WEST-2024-01-01-ST_26-04-12_Full_Set_Data_Exports__SCGL_PH0005031_379_20260526-BODS_V1_1.xml,8,5
ST62-None--SCGL-WEST-2024-01-01-ST_26-04-12_Full_Set_Data_Exports__SCGL_PH0005031_379_20260526-BODS_V1_1.xml,9,8
ST62-None--SCGL-WEST-2024-01-01-ST_26-04-12_Full_Set_Data_Exports__SCGL_PH0005031_379_20260526-BODS_V1_1.xml,10,4
ST62-None--SCGL-WEST-2024-01-01-ST_26-04-12_Full_Set_Data_Exports__SCGL_PH0005031_379_20260526-BODS_V1_1.xml,11,6
ST62-None--SCGL-WEST-2024-01-01-ST_26-04-12_Full_Set_Data_Exports__SCGL_PH0005031_379_20260526-BODS_V1_1.xml,12,4
ST62-None--SCGL-WEST-2024-01-01-ST_26-04-12_Full_Set_Data_Exports__SCGL_PH0005031_379_20260526-BODS_V1_1.xml,13,6
ST62-None--SCGL-WEST-2024-01-01-ST_26-04-12_Full_Set_Data_Exports__SCGL_PH0005031_379_20260526-BODS_V1_1.xml,14,4
ST62-None--SCGL-WEST-2024-01-01-ST_26-04-12_Full_Set_Data_Exports__SCGL_PH0005031_379_20260526-BODS_V1_1.xml,15,6
ST62-None--SCGL-WEST-2024-01-01-ST_26-04-12_Full_Set_Data_Exports__SCGL_PH0005031_379_20260526-BODS_V1_1.xml,16,4
ST62-None--SCGL-WEST-2024-01-01-ST_26-04-12_Full_Set_Data_Exports__SCGL_PH0005031_379_20260526-BODS_V1_1.xml,17,7
ST62-None--SCGL-WEST-2024-01-01-ST_26-04-12_Full_Set_Data_Exports__SCGL_PH0005031_379_20260526-BODS_V1_1.xml,18,2
ST62-None--SCGL-WEST-2024-01-01-ST_26-04-12_Full_Set_Data_Exports__SCGL_PH0005031_379_20260526-BODS_V1_1.xml,19,2
ST62-None--SCGL-WEST-2024-01-01-ST_26-04-12_Full_Set_Data_Exports__SCGL_PH0005031_379_20260526-BODS_V1_1.xml,21,4
ST62-None--SCGL-WEST-2024-01-01-ST_26-04-12_Full_Set_Data_Exports__SCGL_PH0005031_379_20260526-BODS_V1_1.xml,23,4
ST62-None--SCGL-WEST-2024-01-01-ST_26-04-12_Full_Set_Data_Exports__SCGL_PH0005031_379_20260531-BODS_V1_1.xml,6,3
ST62-None--SCGL-WEST-2024-01-01-ST_26-04-12_Full_Set_Data_Exports__SCGL_PH0005031_379_20260531-BODS_V1_1.xml,7,1
ST62-None--SCGL-WEST-2024-01-01-ST_26-04-12_Full_Set_Data_Exports__SCGL_PH0005031_379_20260531-BODS_V1_1.xml,8,5
ST62-None--SCGL-WEST-2024-01-01-ST_26-04-12_Full_Set_Data_Exports__SCGL_PH0005031_379_20260531-BODS_V1_1.xml,9,8
ST62-None--SCGL-WEST-2024-01-01-ST_26-04-12_Full_Set_Data_Exports__SCGL_PH0005031_379_20260531-BODS_V1_1.xml,10,4
ST62-None--SCGL-WEST-2024-01-01-ST_26-04-12_Full_Set_Data_Exports__SCGL_PH0005031_379_20260531-BODS_V1_1.xml,11,6
ST62-None--SCGL-WEST-2024-01-01-ST_26-04-12_Full_Set_Data_Exports__SCGL_PH0005031_379_20260531-BODS_V1_1.xml,12,4
ST62-None--SCGL-WEST-2024-01-01-ST_26-04-12_Full_Set_Data_Exports__SCGL_PH0005031_379_20260531-BODS_V1_1.xml,13,6
ST62-None--SCGL-WEST-2024-01-01-ST_26-04-12_Full_Set_Data_Exports__SCGL_PH0005031_379_20260531-BODS_V1_1.xml,14,4
ST62-None--SCGL-WEST-2024-01-01-ST_26-04-12_Full_Set_Data_Exports__SCGL_PH0005031_379_20260531-BODS_V1_1.xml,15,6
ST62-None--SCGL-WEST-2024-01-01-ST_26-04-12_Full_Set_Data_Exports__SCGL_PH0005031_379_20260531-BODS_V1_1.xml,16,4
ST62-None--SCGL-WEST-2024-01-01-ST_26-04-12_Full_Set_Data_Exports__SCGL_PH0005031_379_20260531-BODS_V1_1.xml,17,7
ST62-None--SCGL-WEST-2024-01-01-ST_26-04-12_Full_Set_Data_Exports__SCGL_PH0005031_379_20260531-BODS_V1_1.xml,18,2
ST62-None--SCGL-WEST-2024-01-01-ST_26-04-12_Full_Set_Data_Exports__SCGL_PH0005031_379_20260531-BODS_V1_1.xml,19,2
ST62-None--SCGL-WEST-2024-01-01-ST_26-04-12_Full_Set_Data_Exports__SCGL_PH0005031_379_20260531-BODS_V1_1.xml,21,4
ST62-None--SCGL-WEST-2024-01-01-ST_26-04-12_Full_Set_Data_Exports__SCGL_PH0005031_379_20260531-BODS_V1_1.xml,23,4
ST620B-None--SCGL-WEST-2024-01-01-ST_26-04-12_Exports__SCGL_PH0005031_01010234_20260412-BODS_V1_1.xml,6,1
ST620B-None--SCGL-WEST-2024-01-01-ST_26-04-12_Exports__SCGL_PH0005031_01010234_20260412-BODS_V1_1.xml,7,3
ST620B-None--SCGL-WEST-2024-01-01-ST_26-04-12_Exports__SCGL_PH0005031_01010234_20260412-BODS_V1_1.xml,9,2
ST620B-None--SCGL-WEST-2024-01-01-ST_26-04-12_Exports__SCGL_PH0005031_01010234_20260412-BODS_V1_1.xml,10,2
ST620B-None--SCGL-WEST-2024-01-01-ST_26-04-12_Exports__SCGL_PH0005031_01010234_20260412-BODS_V1_1.xml,12,2
ST620B-None--SCGL-WEST-2024-01-01-ST_26-04-12_Exports__SCGL_PH0005031_01010234_20260412-BODS_V1_1.xml,13,2
ST620B-None--SCGL-WEST-2024-01-01-ST_26-04-12_Exports__SCGL_PH0005031_01010234_20260412-BODS_V1_1.xml,15,2
ST620B-None--SCGL-WEST-2024-01-01-ST_26-04-12_Exports__SCGL_PH0005031_01010234_20260412-BODS_V1_1.xml,16,2
ST620B-None--SCGL-WEST-2024-01-01-ST_26-04-12_Exports__SCGL_PH0005031_01010234_20260412-BODS_V1_1.xml,17,2
ST620B-None--SCGL-WEST-2024-01-01-ST_26-05-26__SCGL_PH0005031_01010234_20260526-BODS_V1_1.xml,6,1
ST620B-None--SCGL-WEST-2024-01-01-ST_26-05-26__SCGL_PH0005031_01010234_20260526-BODS_V1_1.xml,7,4
ST620B-None--SCGL-WEST-2024-01-01-ST_26-05-26__SCGL_PH0005031_01010234_20260526-BODS_V1_1.xml,9,2
ST620B-None--SCGL-WEST-2024-01-01-ST_26-05-26__SCGL_PH0005031_01010234_20260526-BODS_V1_1.xml,10,2
ST620B-None--SCGL-WEST-2024-01-01-ST_26-05-26__SCGL_PH0005031_01010234_20260526-BODS_V1_1.xml,12,2
ST620B-None--SCGL-WEST-2024-01-01-ST_26-05-26__SCGL_PH0005031_01010234_20260526-BODS_V1_1.xml,13,2
ST620B-None--SCGL-WEST-2024-01-01-ST_26-05-26__SCGL_PH0005031_01010234_20260526-BODS_V1_1.xml,15,3
ST620B-None--SCGL-WEST-2024-01-01-ST_26-05-26__SCGL_PH0005031_01010234_20260526-BODS_V1_1.xml,16,2
ST620B-None--SCGL-WEST-2024-01-01-ST_26-05-26__SCGL_PH0005031_01010234_20260526-BODS_V1_1.xml,17,2
SW006-None--SCGL-WESW-2025-08-31-SW_26-04-12_Exports__SCGL_PH0005031_375_20260413-BODS_V1_1.xml,4,3
SW006-None--SCGL-WESW-2025-08-31-SW_26-04-12_Exports__SCGL_PH0005031_375_20260413-BODS_V1_1.xml,5,5
SW006-None--SCGL-WESW-2025-08-31-SW_26-04-12_Exports__SCGL_PH0005031_375_20260413-BODS_V1_1.xml,6,12
SW006-None--SCGL-WESW-2025-08-31-SW_26-04-12_Exports__SCGL_PH0005031_375_20260413-BODS_V1_1.xml,17,6
SW006-None--SCGL-WESW-2025-08-31-SW_26-04-12_Exports__SCGL_PH0005031_375_20260413-BODS_V1_1.xml,18,6
SW006-None--SCGL-WESW-2025-08-31-SW_26-04-12_Full_Set_Exports__SCGL_PH0005031_375_20260526-BODS_V1_1.xml,4,3
SW006-None--SCGL-WESW-2025-08-31-SW_26-04-12_Full_Set_Exports__SCGL_PH0005031_375_20260526-BODS_V1_1.xml,5,7
SW006-None--SCGL-WESW-2025-08-31-SW_26-04-12_Full_Set_Exports__SCGL_PH0005031_375_20260526-BODS_V1_1.xml,6,15
SW006-None--SCGL-WESW-2025-08-31-SW_26-04-12_Full_Set_Exports__SCGL_PH0005031_375_20260526-BODS_V1_1.xml,17,8
SW006-None--SCGL-WESW-2025-08-31-SW_26-04-12_Full_Set_Exports__SCGL_PH0005031_375_20260526-BODS_V1_1.xml,18,8
SW006-None--SCGL-WESW-2025-08-31-SW_26-04-12_Full_Set_Exports__SCGL_PH0005031_375_20260531-BODS_V1_1.xml,4,3
SW006-None--SCGL-WESW-2025-08-31-SW_26-04-12_Full_Set_Exports__SCGL_PH0005031_375_20260531-BODS_V1_1.xml,5,5
SW006-None--SCGL-WESW-2025-08-31-SW_26-04-12_Full_Set_Exports__SCGL_PH0005031_375_20260531-BODS_V1_1.xml,6,12
SW006-None--SCGL-WESW-2025-08-31-SW_26-04-12_Full_Set_Exports__SCGL_PH0005031_375_20260531-BODS_V1_1.xml,17,6
SW006-None--SCGL-WESW-2025-08-31-SW_26-04-12_Full_Set_Exports__SCGL_PH0005031_375_20260531-BODS_V1_1.xml,18,6
SW007-None--SCGL-WESW-2025-08-31-SW_26-04-12_Exports__SCGL_PH0005031_194_20260413-BODS_V1_1.xml,4,3
SW007-None--SCGL-WESW-2025-08-31-SW_26-04-12_Exports__SCGL_PH0005031_194_20260413-BODS_V1_1.xml,5,6
SW007-None--SCGL-WESW-2025-08-31-SW_26-04-12_Exports__SCGL_PH0005031_194_20260413-BODS_V1_1.xml,6,11
SW007-None--SCGL-WESW-2025-08-31-SW_26-04-12_Exports__SCGL_PH0005031_194_20260413-BODS_V1_1.xml,7,13
SW007-None--SCGL-WESW-2025-08-31-SW_26-04-12_Exports__SCGL_PH0005031_194_20260413-BODS_V1_1.xml,8,14
SW007-None--SCGL-WESW-2025-08-31-SW_26-04-12_Exports__SCGL_PH0005031_194_20260413-BODS_V1_1.xml,9,19
SW007-None--SCGL-WESW-2025-08-31-SW_26-04-12_Exports__SCGL_PH0005031_194_20260413-BODS_V1_1.xml,10,16
SW007-None--SCGL-WESW-2025-08-31-SW_26-04-12_Exports__SCGL_PH0005031_194_20260413-BODS_V1_1.xml,11,16
SW007-None--SCGL-WESW-2025-08-31-SW_26-04-12_Exports__SCGL_PH0005031_194_20260413-BODS_V1_1.xml,12,16
SW007-None--SCGL-WESW-2025-08-31-SW_26-04-12_Exports__SCGL_PH0005031_194_20260413-BODS_V1_1.xml,13,16
SW007-None--SCGL-WESW-2025-08-31-SW_26-04-12_Exports__SCGL_PH0005031_194_20260413-BODS_V1_1.xml,14,16
SW007-None--SCGL-WESW-2025-08-31-SW_26-04-12_Exports__SCGL_PH0005031_194_20260413-BODS_V1_1.xml,15,16
SW007-None--SCGL-WESW-2025-08-31-SW_26-04-12_Exports__SCGL_PH0005031_194_20260413-BODS_V1_1.xml,16,15
SW007-None--SCGL-WESW-2025-08-31-SW_26-04-12_Exports__SCGL_PH0005031_194_20260413-BODS_V1_1.xml,17,15
SW007-None--SCGL-WESW-2025-08-31-SW_26-04-12_Exports__SCGL_PH0005031_194_20260413-BODS_V1_1.xml,18,10
SW007-None--SCGL-WESW-2025-08-31-SW_26-04-12_Exports__SCGL_PH0005031_194_20260413-BODS_V1_1.xml,19,10
SW007-None--SCGL-WESW-2025-08-31-SW_26-04-12_Exports__SCGL_PH0005031_194_20260413-BODS_V1_1.xml,20,8
SW007-None--SCGL-WESW-2025-08-31-SW_26-04-12_Exports__SCGL_PH0005031_194_20260413-BODS_V1_1.xml,21,7
SW007-None--SCGL-WESW-2025-08-31-SW_26-04-12_Exports__SCGL_PH0005031_194_20260413-BODS_V1_1.xml,22,6
SW007-None--SCGL-WESW-2025-08-31-SW_26-04-12_Exports__SCGL_PH0005031_194_20260413-BODS_V1_1.xml,23,3
SW007-None--SCGL-WESW-2025-08-31-SW_26-04-12_Full_Set_Exports__SCGL_PH0005031_194_20260526-BODS_V1_1.xml,4,4
SW007-None--SCGL-WESW-2025-08-31-SW_26-04-12_Full_Set_Exports__SCGL_PH0005031_194_20260526-BODS_V1_1.xml,5,6
SW007-None--SCGL-WESW-2025-08-31-SW_26-04-12_Full_Set_Exports__SCGL_PH0005031_194_20260526-BODS_V1_1.xml,6,12
SW007-None--SCGL-WESW-2025-08-31-SW_26-04-12_Full_Set_Exports__SCGL_PH0005031_194_20260526-BODS_V1_1.xml,7,15
SW007-None--SCGL-WESW-2025-08-31-SW_26-04-12_Full_Set_Exports__SCGL_PH0005031_194_20260526-BODS_V1_1.xml,8,17
SW007-None--SCGL-WESW-2025-08-31-SW_26-04-12_Full_Set_Exports__SCGL_PH0005031_194_20260526-BODS_V1_1.xml,9,25
SW007-None--SCGL-WESW-2025-08-31-SW_26-04-12_Full_Set_Exports__SCGL_PH0005031_194_20260526-BODS_V1_1.xml,10,20
SW007-None--SCGL-WESW-2025-08-31-SW_26-04-12_Full_Set_Exports__SCGL_PH0005031_194_20260526-BODS_V1_1.xml,11,20
SW007-None--SCGL-WESW-2025-08-31-SW_26-04-12_Full_Set_Exports__SCGL_PH0005031_194_20260526-BODS_V1_1.xml,12,20
SW007-None--SCGL-WESW-2025-08-31-SW_26-04-12_Full_Set_Exports__SCGL_PH0005031_194_20260526-BODS_V1_1.xml,13,20
SW007-None--SCGL-WESW-2025-08-31-SW_26-04-12_Full_Set_Exports__SCGL_PH0005031_194_20260526-BODS_V1_1.xml,14,20
SW007-None--SCGL-WESW-2025-08-31-SW_26-04-12_Full_Set_Exports__SCGL_PH0005031_194_20260526-BODS_V1_1.xml,15,20
SW007-None--SCGL-WESW-2025-08-31-SW_26-04-12_Full_Set_Exports__SCGL_PH0005031_194_20260526-BODS_V1_1.xml,16,19
SW007-None--SCGL-WESW-2025-08-31-SW_26-04-12_Full_Set_Exports__SCGL_PH0005031_194_20260526-BODS_V1_1.xml,17,19
SW007-None--SCGL-WESW-2025-08-31-SW_26-04-12_Full_Set_Exports__SCGL_PH0005031_194_20260526-BODS_V1_1.xml,18,12
SW007-None--SCGL-WESW-2025-08-31-SW_26-04-12_Full_Set_Exports__SCGL_PH0005031_194_20260526-BODS_V1_1.xml,19,11
SW007-None--SCGL-WESW-2025-08-31-SW_26-04-12_Full_Set_Exports__SCGL_PH0005031_194_20260526-BODS_V1_1.xml,20,8
SW007-None--SCGL-WESW-2025-08-31-SW_26-04-12_Full_Set_Exports__SCGL_PH0005031_194_20260526-BODS_V1_1.xml,21,9
SW007-None--SCGL-WESW-2025-08-31-SW_26-04-12_Full_Set_Exports__SCGL_PH0005031_194_20260526-BODS_V1_1.xml,22,6
SW007-None--SCGL-WESW-2025-08-31-SW_26-04-12_Full_Set_Exports__SCGL_PH0005031_194_20260526-BODS_V1_1.xml,23,3
SW007-None--SCGL-WESW-2025-08-31-SW_26-04-12_Full_Set_Exports__SCGL_PH0005031_194_20260531-BODS_V1_1.xml,4,3
SW007-None--SCGL-WESW-2025-08-31-SW_26-04-12_Full_Set_Exports__SCGL_PH0005031_194_20260531-BODS_V1_1.xml,5,6
SW007-None--SCGL-WESW-2025-08-31-SW_26-04-12_Full_Set_Exports__SCGL_PH0005031_194_20260531-BODS_V1_1.xml,6,11
SW007-None--SCGL-WESW-2025-08-31-SW_26-04-12_Full_Set_Exports__SCGL_PH0005031_194_20260531-BODS_V1_1.xml,7,13
SW007-None--SCGL-WESW-2025-08-31-SW_26-04-12_Full_Set_Exports__SCGL_PH0005031_194_20260531-BODS_V1_1.xml,8,14
SW007-None--SCGL-WESW-2025-08-31-SW_26-04-12_Full_Set_Exports__SCGL_PH0005031_194_20260531-BODS_V1_1.xml,9,19
SW007-None--SCGL-WESW-2025-08-31-SW_26-04-12_Full_Set_Exports__SCGL_PH0005031_194_20260531-BODS_V1_1.xml,10,16
SW007-None--SCGL-WESW-2025-08-31-SW_26-04-12_Full_Set_Exports__SCGL_PH0005031_194_20260531-BODS_V1_1.xml,11,16
SW007-None--SCGL-WESW-2025-08-31-SW_26-04-12_Full_Set_Exports__SCGL_PH0005031_194_20260531-BODS_V1_1.xml,12,16
SW007-None--SCGL-WESW-2025-08-31-SW_26-04-12_Full_Set_Exports__SCGL_PH0005031_194_20260531-BODS_V1_1.xml,13,16
SW007-None--SCGL-WESW-2025-08-31-SW_26-04-12_Full_Set_Exports__SCGL_PH0005031_194_20260531-BODS_V1_1.xml,14,16
SW007-None--SCGL-WESW-2025-08-31-SW_26-04-12_Full_Set_Exports__SCGL_PH0005031_194_20260531-BODS_V1_1.xml,15,16
SW007-None--SCGL-WESW-2025-08-31-SW_26-04-12_Full_Set_Exports__SCGL_PH0005031_194_20260531-BODS_V1_1.xml,16,15
SW007-None--SCGL-WESW-2025-08-31-SW_26-04-12_Full_Set_Exports__SCGL_PH0005031_194_20260531-BODS_V1_1.xml,17,15
SW007-None--SCGL-WESW-2025-08-31-SW_26-04-12_Full_Set_Exports__SCGL_PH0005031_194_20260531-BODS_V1_1.xml,18,10
SW007-None--SCGL-WESW-2025-08-31-SW_26-04-12_Full_Set_Exports__SCGL_PH0005031_194_20260531-BODS_V1_1.xml,19,10
SW007-None--SCGL-WESW-2025-08-31-SW_26-04-12_Full_Set_Exports__SCGL_PH0005031_194_20260531-BODS_V1_1.xml,20,8
SW007-None--SCGL-WESW-2025-08-31-SW_26-04-12_Full_Set_Exports__SCGL_PH0005031_194_20260531-BODS_V1_1.xml,21,7
SW007-None--SCGL-WESW-2025-08-31-SW_26-04-12_Full_Set_Exports__SCGL_PH0005031_194_20260531-BODS_V1_1.xml,22,6
SW007-None--SCGL-WESW-2025-08-31-SW_26-04-12_Full_Set_Exports__SCGL_PH0005031_194_20260531-BODS_V1_1.xml,23,3
SW049A-None--SCGL-WESW-2025-08-31-SW_26-04-12_Exports__SCGL_PH0005031_200_20260413-BODS_V1_1.xml,5,3
SW049A-None--SCGL-WESW-2025-08-31-SW_26-04-12_Exports__SCGL_PH0005031_200_20260413-BODS_V1_1.xml,6,5
SW049A-None--SCGL-WESW-2025-08-31-SW_26-04-12_Exports__SCGL_PH0005031_200_20260413-BODS_V1_1.xml,7,6
SW049A-None--SCGL-WESW-2025-08-31-SW_26-04-12_Exports__SCGL_PH0005031_200_20260413-BODS_V1_1.xml,8,9
SW049A-None--SCGL-WESW-2025-08-31-SW_26-04-12_Exports__SCGL_PH0005031_200_20260413-BODS_V1_1.xml,9,9
SW049A-None--SCGL-WESW-2025-08-31-SW_26-04-12_Exports__SCGL_PH0005031_200_20260413-BODS_V1_1.xml,10,10
SW049A-None--SCGL-WESW-2025-08-31-SW_26-04-12_Exports__SCGL_PH0005031_200_20260413-BODS_V1_1.xml,11,10
SW049A-None--SCGL-WESW-2025-08-31-SW_26-04-12_Exports__SCGL_PH0005031_200_20260413-BODS_V1_1.xml,12,10
SW049A-None--SCGL-WESW-2025-08-31-SW_26-04-12_Exports__SCGL_PH0005031_200_20260413-BODS_V1_1.xml,13,10
SW049A-None--SCGL-WESW-2025-08-31-SW_26-04-12_Exports__SCGL_PH0005031_200_20260413-BODS_V1_1.xml,14,10
SW049A-None--SCGL-WESW-2025-08-31-SW_26-04-12_Exports__SCGL_PH0005031_200_20260413-BODS_V1_1.xml,15,9
SW049A-None--SCGL-WESW-2025-08-31-SW_26-04-12_Exports__SCGL_PH0005031_200_20260413-BODS_V1_1.xml,16,10
SW049A-None--SCGL-WESW-2025-08-31-SW_26-04-12_Exports__SCGL_PH0005031_200_20260413-BODS_V1_1.xml,17,7
SW049A-None--SCGL-WESW-2025-08-31-SW_26-04-12_Exports__SCGL_PH0005031_200_20260413-BODS_V1_1.xml,18,7
SW049A-None--SCGL-WESW-2025-08-31-SW_26-04-12_Exports__SCGL_PH0005031_200_20260413-BODS_V1_1.xml,19,6
SW049A-None--SCGL-WESW-2025-08-31-SW_26-04-12_Exports__SCGL_PH0005031_200_20260413-BODS_V1_1.xml,20,4
SW049A-None--SCGL-WESW-2025-08-31-SW_26-04-12_Exports__SCGL_PH0005031_200_20260413-BODS_V1_1.xml,21,4
SW049A-None--SCGL-WESW-2025-08-31-SW_26-04-12_Exports__SCGL_PH0005031_200_20260413-BODS_V1_1.xml,22,4
SW049A-None--SCGL-WESW-2025-08-31-SW_26-04-12_Exports__SCGL_PH0005031_200_20260413-BODS_V1_1.xml,23,2
SW049A-None--SCGL-WESW-2025-08-31-SW_26-04-12_Full_Set_Exports__SCGL_PH0005031_200_20260526-BODS_V1_1.xml,5,3
SW049A-None--SCGL-WESW-2025-08-31-SW_26-04-12_Full_Set_Exports__SCGL_PH0005031_200_20260526-BODS_V1_1.xml,6,5
SW049A-None--SCGL-WESW-2025-08-31-SW_26-04-12_Full_Set_Exports__SCGL_PH0005031_200_20260526-BODS_V1_1.xml,7,7
SW049A-None--SCGL-WESW-2025-08-31-SW_26-04-12_Full_Set_Exports__SCGL_PH0005031_200_20260526-BODS_V1_1.xml,8,11
SW049A-None--SCGL-WESW-2025-08-31-SW_26-04-12_Full_Set_Exports__SCGL_PH0005031_200_20260526-BODS_V1_1.xml,9,10
SW049A-None--SCGL-WESW-2025-08-31-SW_26-04-12_Full_Set_Exports__SCGL_PH0005031_200_20260526-BODS_V1_1.xml,10,12
SW049A-None--SCGL-WESW-2025-08-31-SW_26-04-12_Full_Set_Exports__SCGL_PH0005031_200_20260526-BODS_V1_1.xml,11,12
SW049A-None--SCGL-WESW-2025-08-31-SW_26-04-12_Full_Set_Exports__SCGL_PH0005031_200_20260526-BODS_V1_1.xml,12,12
SW049A-None--SCGL-WESW-2025-08-31-SW_26-04-12_Full_Set_Exports__SCGL_PH0005031_200_20260526-BODS_V1_1.xml,13,12
SW049A-None--SCGL-WESW-2025-08-31-SW_26-04-12_Full_Set_Exports__SCGL_PH0005031_200_20260526-BODS_V1_1.xml,14,12
SW049A-None--SCGL-WESW-2025-08-31-SW_26-04-12_Full_Set_Exports__SCGL_PH0005031_200_20260526-BODS_V1_1.xml,15,10
SW049A-None--SCGL-WESW-2025-08-31-SW_26-04-12_Full_Set_Exports__SCGL_PH0005031_200_20260526-BODS_V1_1.xml,16,12
SW049A-None--SCGL-WESW-2025-08-31-SW_26-04-12_Full_Set_Exports__SCGL_PH0005031_200_20260526-BODS_V1_1.xml,17,9
SW049A-None--SCGL-WESW-2025-08-31-SW_26-04-12_Full_Set_Exports__SCGL_PH0005031_200_20260526-BODS_V1_1.xml,18,8
SW049A-None--SCGL-WESW-2025-08-31-SW_26-04-12_Full_Set_Exports__SCGL_PH0005031_200_20260526-BODS_V1_1.xml,19,6
SW049A-None--SCGL-WESW-2025-08-31-SW_26-04-12_Full_Set_Exports__SCGL_PH0005031_200_20260526-BODS_V1_1.xml,20,4
SW049A-None--SCGL-WESW-2025-08-31-SW_26-04-12_Full_Set_Exports__SCGL_PH0005031_200_20260526-BODS_V1_1.xml,21,4
SW049A-None--SCGL-WESW-2025-08-31-SW_26-04-12_Full_Set_Exports__SCGL_PH0005031_200_20260526-BODS_V1_1.xml,22,4
SW049A-None--SCGL-WESW-2025-08-31-SW_26-04-12_Full_Set_Exports__SCGL_PH0005031_200_20260526-BODS_V1_1.xml,23,2
SW049A-None--SCGL-WESW-2025-08-31-SW_26-04-12_Full_Set_Exports__SCGL_PH0005031_200_20260531-BODS_V1_1.xml,5,3
SW049A-None--SCGL-WESW-2025-08-31-SW_26-04-12_Full_Set_Exports__SCGL_PH0005031_200_20260531-BODS_V1_1.xml,6,5
SW049A-None--SCGL-WESW-2025-08-31-SW_26-04-12_Full_Set_Exports__SCGL_PH0005031_200_20260531-BODS_V1_1.xml,7,6
SW049A-None--SCGL-WESW-2025-08-31-SW_26-04-12_Full_Set_Exports__SCGL_PH0005031_200_20260531-BODS_V1_1.xml,8,9
SW049A-None--SCGL-WESW-2025-08-31-SW_26-04-12_Full_Set_Exports__SCGL_PH0005031_200_20260531-BODS_V1_1.xml,9,9
SW049A-None--SCGL-WESW-2025-08-31-SW_26-04-12_Full_Set_Exports__SCGL_PH0005031_200_20260531-BODS_V1_1.xml,10,10
SW049A-None--SCGL-WESW-2025-08-31-SW_26-04-12_Full_Set_Exports__SCGL_PH0005031_200_20260531-BODS_V1_1.xml,11,10
SW049A-None--SCGL-WESW-2025-08-31-SW_26-04-12_Full_Set_Exports__SCGL_PH0005031_200_20260531-BODS_V1_1.xml,12,10
SW049A-None--SCGL-WESW-2025-08-31-SW_26-04-12_Full_Set_Exports__SCGL_PH0005031_200_20260531-BODS_V1_1.xml,13,10
SW049A-None--SCGL-WESW-2025-08-31-SW_26-04-12_Full_Set_Exports__SCGL_PH0005031_200_20260531-BODS_V1_1.xml,14,10
SW049A-None--SCGL-WESW-2025-08-31-SW_26-04-12_Full_Set_Exports__SCGL_PH0005031_200_20260531-BODS_V1_1.xml,15,9
SW049A-None--SCGL-WESW-2025-08-31-SW_26-04-12_Full_Set_Exports__SCGL_PH0005031_200_20260531-BODS_V1_1.xml,16,10
SW049A-None--SCGL-WESW-2025-08-31-SW_26-04-12_Full_Set_Exports__SCGL_PH0005031_200_20260531-BODS_V1_1.xml,17,7
SW049A-None--SCGL-WESW-2025-08-31-SW_26-04-12_Full_Set_Exports__SCGL_PH0005031_200_20260531-BODS_V1_1.xml,18,7
SW049A-None--SCGL-WESW-2025-08-31-SW_26-04-12_Full_Set_Exports__SCGL_PH0005031_200_20260531-BODS_V1_1.xml,19,6
SW049A-None--SCGL-WESW-2025-08-31-SW_26-04-12_Full_Set_Exports__SCGL_PH0005031_200_20260531-BODS_V1_1.xml,20,4
SW049A-None--SCGL-WESW-2025-08-31-SW_26-04-12_Full_Set_Exports__SCGL_PH0005031_200_20260531-BODS_V1_1.xml,21,4
SW049A-None--SCGL-WESW-2025-08-31-SW_26-04-12_Full_Set_Exports__SCGL_PH0005031_200_20260531-BODS_V1_1.xml,22,4
SW049A-None--SCGL-WESW-2025-08-31-SW_26-04-12_Full_Set_Exports__SCGL_PH0005031_200_20260531-BODS_V1_1.xml,23,2
SW049B-None--SCGL-WESW-2025-08-31-SW_26-04-12_Exports__SCGL_PH0005031_201_20260413-BODS_V1_1.xml,5,1
SW049B-None--SCGL-WESW-2025-08-31-SW_26-04-12_Exports__SCGL_PH0005031_201_20260413-BODS_V1_1.xml,6,3
SW049B-None--SCGL-WESW-2025-08-31-SW_26-04-12_Exports__SCGL_PH0005031_201_20260413-BODS_V1_1.xml,7,6
SW049B-None--SCGL-WESW-2025-08-31-SW_26-04-12_Exports__SCGL_PH0005031_201_20260413-BODS_V1_1.xml,8,5
SW049B-None--SCGL-WESW-2025-08-31-SW_26-04-12_Exports__SCGL_PH0005031_201_20260413-BODS_V1_1.xml,9,6
SW049B-None--SCGL-WESW-2025-08-31-SW_26-04-12_Exports__SCGL_PH0005031_201_20260413-BODS_V1_1.xml,10,6
SW049B-None--SCGL-WESW-2025-08-31-SW_26-04-12_Exports__SCGL_PH0005031_201_20260413-BODS_V1_1.xml,11,6
SW049B-None--SCGL-WESW-2025-08-31-SW_26-04-12_Exports__SCGL_PH0005031_201_20260413-BODS_V1_1.xml,12,6
SW049B-None--SCGL-WESW-2025-08-31-SW_26-04-12_Exports__SCGL_PH0005031_201_20260413-BODS_V1_1.xml,13,6
SW049B-None--SCGL-WESW-2025-08-31-SW_26-04-12_Exports__SCGL_PH0005031_201_20260413-BODS_V1_1.xml,14,6
SW049B-None--SCGL-WESW-2025-08-31-SW_26-04-12_Exports__SCGL_PH0005031_201_20260413-BODS_V1_1.xml,15,6
SW049B-None--SCGL-WESW-2025-08-31-SW_26-04-12_Exports__SCGL_PH0005031_201_20260413-BODS_V1_1.xml,16,6
SW049B-None--SCGL-WESW-2025-08-31-SW_26-04-12_Exports__SCGL_PH0005031_201_20260413-BODS_V1_1.xml,17,6
SW049B-None--SCGL-WESW-2025-08-31-SW_26-04-12_Exports__SCGL_PH0005031_201_20260413-BODS_V1_1.xml,18,3
SW049B-None--SCGL-WESW-2025-08-31-SW_26-04-12_Exports__SCGL_PH0005031_201_20260413-BODS_V1_1.xml,19,1
SW049B-None--SCGL-WESW-2025-08-31-SW_26-04-12_Full_Set_Exports__SCGL_PH0005031_201_20260526-BODS_V1_1.xml,5,1
SW049B-None--SCGL-WESW-2025-08-31-SW_26-04-12_Full_Set_Exports__SCGL_PH0005031_201_20260526-BODS_V1_1.xml,6,3
SW049B-None--SCGL-WESW-2025-08-31-SW_26-04-12_Full_Set_Exports__SCGL_PH0005031_201_20260526-BODS_V1_1.xml,7,6
SW049B-None--SCGL-WESW-2025-08-31-SW_26-04-12_Full_Set_Exports__SCGL_PH0005031_201_20260526-BODS_V1_1.xml,8,6
SW049B-None--SCGL-WESW-2025-08-31-SW_26-04-12_Full_Set_Exports__SCGL_PH0005031_201_20260526-BODS_V1_1.xml,9,8
SW049B-None--SCGL-WESW-2025-08-31-SW_26-04-12_Full_Set_Exports__SCGL_PH0005031_201_20260526-BODS_V1_1.xml,10,8
SW049B-None--SCGL-WESW-2025-08-31-SW_26-04-12_Full_Set_Exports__SCGL_PH0005031_201_20260526-BODS_V1_1.xml,11,8
SW049B-None--SCGL-WESW-2025-08-31-SW_26-04-12_Full_Set_Exports__SCGL_PH0005031_201_20260526-BODS_V1_1.xml,12,8
SW049B-None--SCGL-WESW-2025-08-31-SW_26-04-12_Full_Set_Exports__SCGL_PH0005031_201_20260526-BODS_V1_1.xml,13,8
SW049B-None--SCGL-WESW-2025-08-31-SW_26-04-12_Full_Set_Exports__SCGL_PH0005031_201_20260526-BODS_V1_1.xml,14,8
SW049B-None--SCGL-WESW-2025-08-31-SW_26-04-12_Full_Set_Exports__SCGL_PH0005031_201_20260526-BODS_V1_1.xml,15,8
SW049B-None--SCGL-WESW-2025-08-31-SW_26-04-12_Full_Set_Exports__SCGL_PH0005031_201_20260526-BODS_V1_1.xml,16,8
SW049B-None--SCGL-WESW-2025-08-31-SW_26-04-12_Full_Set_Exports__SCGL_PH0005031_201_20260526-BODS_V1_1.xml,17,8
SW049B-None--SCGL-WESW-2025-08-31-SW_26-04-12_Full_Set_Exports__SCGL_PH0005031_201_20260526-BODS_V1_1.xml,18,3
SW049B-None--SCGL-WESW-2025-08-31-SW_26-04-12_Full_Set_Exports__SCGL_PH0005031_201_20260526-BODS_V1_1.xml,19,1
SW049B-None--SCGL-WESW-2025-08-31-SW_26-04-12_Full_Set_Exports__SCGL_PH0005031_201_20260531-BODS_V1_1.xml,5,1
SW049B-None--SCGL-WESW-2025-08-31-SW_26-04-12_Full_Set_Exports__SCGL_PH0005031_201_20260531-BODS_V1_1.xml,6,3
SW049B-None--SCGL-WESW-2025-08-31-SW_26-04-12_Full_Set_Exports__SCGL_PH0005031_201_20260531-BODS_V1_1.xml,7,6
SW049B-None--SCGL-WESW-2025-08-31-SW_26-04-12_Full_Set_Exports__SCGL_PH0005031_201_20260531-BODS_V1_1.xml,8,5
SW049B-None--SCGL-WESW-2025-08-31-SW_26-04-12_Full_Set_Exports__SCGL_PH0005031_201_20260531-BODS_V1_1.xml,9,6
SW049B-None--SCGL-WESW-2025-08-31-SW_26-04-12_Full_Set_Exports__SCGL_PH0005031_201_20260531-BODS_V1_1.xml,10,6
SW049B-None--SCGL-WESW-2025-08-31-SW_26-04-12_Full_Set_Exports__SCGL_PH0005031_201_20260531-BODS_V1_1.xml,11,6
SW049B-None--SCGL-WESW-2025-08-31-SW_26-04-12_Full_Set_Exports__SCGL_PH0005031_201_20260531-BODS_V1_1.xml,12,6
SW049B-None--SCGL-WESW-2025-08-31-SW_26-04-12_Full_Set_Exports__SCGL_PH0005031_201_20260531-BODS_V1_1.xml,13,6
SW049B-None--SCGL-WESW-2025-08-31-SW_26-04-12_Full_Set_Exports__SCGL_PH0005031_201_20260531-BODS_V1_1.xml,14,6
SW049B-None--SCGL-WESW-2025-08-31-SW_26-04-12_Full_Set_Exports__SCGL_PH0005031_201_20260531-BODS_V1_1.xml,15,6
SW049B-None--SCGL-WESW-2025-08-31-SW_26-04-12_Full_Set_Exports__SCGL_PH0005031_201_20260531-BODS_V1_1.xml,16,6
SW049B-None--SCGL-WESW-2025-08-31-SW_26-04-12_Full_Set_Exports__SCGL_PH0005031_201_20260531-BODS_V1_1.xml,17,6
SW049B-None--SCGL-WESW-2025-08-31-SW_26-04-12_Full_Set_Exports__SCGL_PH0005031_201_20260531-BODS_V1_1.xml,18,3
SW049B-None--SCGL-WESW-2025-08-31-SW_26-04-12_Full_Set_Exports__SCGL_PH0005031_201_20260531-BODS_V1_1.xml,19,1
SW051A-None--SCGL-WESW-2025-08-31-SW_26-04-12_Exports__SCGL_PH0005031_203_20260413-BODS_V1_1.xml,5,3
SW051A-None--SCGL-WESW-2025-08-31-SW_26-04-12_Exports__SCGL_PH0005031_203_20260413-BODS_V1_1.xml,6,3
SW051A-None--SCGL-WESW-2025-08-31-SW_26-04-12_Exports__SCGL_PH0005031_203_20260413-BODS_V1_1.xml,7,5
SW051A-None--SCGL-WESW-2025-08-31-SW_26-04-12_Exports__SCGL_PH0005031_203_20260413-BODS_V1_1.xml,8,5
SW051A-None--SCGL-WESW-2025-08-31-SW_26-04-12_Exports__SCGL_PH0005031_203_20260413-BODS_V1_1.xml,9,6
SW051A-None--SCGL-WESW-2025-08-31-SW_26-04-12_Exports__SCGL_PH0005031_203_20260413-BODS_V1_1.xml,10,4
SW051A-None--SCGL-WESW-2025-08-31-SW_26-04-12_Exports__SCGL_PH0005031_203_20260413-BODS_V1_1.xml,11,6
SW051A-None--SCGL-WESW-2025-08-31-SW_26-04-12_Exports__SCGL_PH0005031_203_20260413-BODS_V1_1.xml,12,4
SW051A-None--SCGL-WESW-2025-08-31-SW_26-04-12_Exports__SCGL_PH0005031_203_20260413-BODS_V1_1.xml,13,6
SW051A-None--SCGL-WESW-2025-08-31-SW_26-04-12_Exports__SCGL_PH0005031_203_20260413-BODS_V1_1.xml,14,4
SW051A-None--SCGL-WESW-2025-08-31-SW_26-04-12_Exports__SCGL_PH0005031_203_20260413-BODS_V1_1.xml,15,6
SW051A-None--SCGL-WESW-2025-08-31-SW_26-04-12_Exports__SCGL_PH0005031_203_20260413-BODS_V1_1.xml,16,5
SW051A-None--SCGL-WESW-2025-08-31-SW_26-04-12_Exports__SCGL_PH0005031_203_20260413-BODS_V1_1.xml,17,6
SW051A-None--SCGL-WESW-2025-08-31-SW_26-04-12_Exports__SCGL_PH0005031_203_20260413-BODS_V1_1.xml,18,4
SW051A-None--SCGL-WESW-2025-08-31-SW_26-04-12_Exports__SCGL_PH0005031_203_20260413-BODS_V1_1.xml,19,1
SW051A-None--SCGL-WESW-2025-08-31-SW_26-04-12_Exports__SCGL_PH0005031_203_20260413-BODS_V1_1.xml,20,2
SW051A-None--SCGL-WESW-2025-08-31-SW_26-04-12_Full_Set_Exports__SCGL_PH0005031_203_20260526-BODS_V1_1.xml,5,3
SW051A-None--SCGL-WESW-2025-08-31-SW_26-04-12_Full_Set_Exports__SCGL_PH0005031_203_20260526-BODS_V1_1.xml,6,2
SW051A-None--SCGL-WESW-2025-08-31-SW_26-04-12_Full_Set_Exports__SCGL_PH0005031_203_20260526-BODS_V1_1.xml,7,6
SW051A-None--SCGL-WESW-2025-08-31-SW_26-04-12_Full_Set_Exports__SCGL_PH0005031_203_20260526-BODS_V1_1.xml,8,6
SW051A-None--SCGL-WESW-2025-08-31-SW_26-04-12_Full_Set_Exports__SCGL_PH0005031_203_20260526-BODS_V1_1.xml,9,8
SW051A-None--SCGL-WESW-2025-08-31-SW_26-04-12_Full_Set_Exports__SCGL_PH0005031_203_20260526-BODS_V1_1.xml,10,4
SW051A-None--SCGL-WESW-2025-08-31-SW_26-04-12_Full_Set_Exports__SCGL_PH0005031_203_20260526-BODS_V1_1.xml,11,8
SW051A-None--SCGL-WESW-2025-08-31-SW_26-04-12_Full_Set_Exports__SCGL_PH0005031_203_20260526-BODS_V1_1.xml,12,4
SW051A-None--SCGL-WESW-2025-08-31-SW_26-04-12_Full_Set_Exports__SCGL_PH0005031_203_20260526-BODS_V1_1.xml,13,8
SW051A-None--SCGL-WESW-2025-08-31-SW_26-04-12_Full_Set_Exports__SCGL_PH0005031_203_20260526-BODS_V1_1.xml,14,4
SW051A-None--SCGL-WESW-2025-08-31-SW_26-04-12_Full_Set_Exports__SCGL_PH0005031_203_20260526-BODS_V1_1.xml,15,8
SW051A-None--SCGL-WESW-2025-08-31-SW_26-04-12_Full_Set_Exports__SCGL_PH0005031_203_20260526-BODS_V1_1.xml,16,4
SW051A-None--SCGL-WESW-2025-08-31-SW_26-04-12_Full_Set_Exports__SCGL_PH0005031_203_20260526-BODS_V1_1.xml,17,8
SW051A-None--SCGL-WESW-2025-08-31-SW_26-04-12_Full_Set_Exports__SCGL_PH0005031_203_20260526-BODS_V1_1.xml,18,4
SW051A-None--SCGL-WESW-2025-08-31-SW_26-04-12_Full_Set_Exports__SCGL_PH0005031_203_20260526-BODS_V1_1.xml,19,1
SW051A-None--SCGL-WESW-2025-08-31-SW_26-04-12_Full_Set_Exports__SCGL_PH0005031_203_20260526-BODS_V1_1.xml,20,2
SW051A-None--SCGL-WESW-2025-08-31-SW_26-04-12_Full_Set_Exports__SCGL_PH0005031_203_20260531-BODS_V1_1.xml,5,3
SW051A-None--SCGL-WESW-2025-08-31-SW_26-04-12_Full_Set_Exports__SCGL_PH0005031_203_20260531-BODS_V1_1.xml,6,3
SW051A-None--SCGL-WESW-2025-08-31-SW_26-04-12_Full_Set_Exports__SCGL_PH0005031_203_20260531-BODS_V1_1.xml,7,5
SW051A-None--SCGL-WESW-2025-08-31-SW_26-04-12_Full_Set_Exports__SCGL_PH0005031_203_20260531-BODS_V1_1.xml,8,5
SW051A-None--SCGL-WESW-2025-08-31-SW_26-04-12_Full_Set_Exports__SCGL_PH0005031_203_20260531-BODS_V1_1.xml,9,6
SW051A-None--SCGL-WESW-2025-08-31-SW_26-04-12_Full_Set_Exports__SCGL_PH0005031_203_20260531-BODS_V1_1.xml,10,4
SW051A-None--SCGL-WESW-2025-08-31-SW_26-04-12_Full_Set_Exports__SCGL_PH0005031_203_20260531-BODS_V1_1.xml,11,6
SW051A-None--SCGL-WESW-2025-08-31-SW_26-04-12_Full_Set_Exports__SCGL_PH0005031_203_20260531-BODS_V1_1.xml,12,4
SW051A-None--SCGL-WESW-2025-08-31-SW_26-04-12_Full_Set_Exports__SCGL_PH0005031_203_20260531-BODS_V1_1.xml,13,6
SW051A-None--SCGL-WESW-2025-08-31-SW_26-04-12_Full_Set_Exports__SCGL_PH0005031_203_20260531-BODS_V1_1.xml,14,4
SW051A-None--SCGL-WESW-2025-08-31-SW_26-04-12_Full_Set_Exports__SCGL_PH0005031_203_20260531-BODS_V1_1.xml,15,6
SW051A-None--SCGL-WESW-2025-08-31-SW_26-04-12_Full_Set_Exports__SCGL_PH0005031_203_20260531-BODS_V1_1.xml,16,5
SW051A-None--SCGL-WESW-2025-08-31-SW_26-04-12_Full_Set_Exports__SCGL_PH0005031_203_20260531-BODS_V1_1.xml,17,6
SW051A-None--SCGL-WESW-2025-08-31-SW_26-04-12_Full_Set_Exports__SCGL_PH0005031_203_20260531-BODS_V1_1.xml,18,4
SW051A-None--SCGL-WESW-2025-08-31-SW_26-04-12_Full_Set_Exports__SCGL_PH0005031_203_20260531-BODS_V1_1.xml,19,1
SW051A-None--SCGL-WESW-2025-08-31-SW_26-04-12_Full_Set_Exports__SCGL_PH0005031_203_20260531-BODS_V1_1.xml,20,2
SW051B-None--SCGL-WESW-2025-08-31-SW_26-04-12_Exports__SCGL_PH0005031_202_20260413-BODS_V1_1.xml,6,3
SW051B-None--SCGL-WESW-2025-08-31-SW_26-04-12_Exports__SCGL_PH0005031_202_20260413-BODS_V1_1.xml,7,4
SW051B-None--SCGL-WESW-2025-08-31-SW_26-04-12_Exports__SCGL_PH0005031_202_20260413-BODS_V1_1.xml,8,5
SW051B-None--SCGL-WESW-2025-08-31-SW_26-04-12_Exports__SCGL_PH0005031_202_20260413-BODS_V1_1.xml,9,5
SW051B-None--SCGL-WESW-2025-08-31-SW_26-04-12_Exports__SCGL_PH0005031_202_20260413-BODS_V1_1.xml,10,5
SW051B-None--SCGL-WESW-2025-08-31-SW_26-04-12_Exports__SCGL_PH0005031_202_20260413-BODS_V1_1.xml,11,5
SW051B-None--SCGL-WESW-2025-08-31-SW_26-04-12_Exports__SCGL_PH0005031_202_20260413-BODS_V1_1.xml,12,5
SW051B-None--SCGL-WESW-2025-08-31-SW_26-04-12_Exports__SCGL_PH0005031_202_20260413-BODS_V1_1.xml,13,5
SW051B-None--SCGL-WESW-2025-08-31-SW_26-04-12_Exports__SCGL_PH0005031_202_20260413-BODS_V1_1.xml,14,5
SW051B-None--SCGL-WESW-2025-08-31-SW_26-04-12_Exports__SCGL_PH0005031_202_20260413-BODS_V1_1.xml,15,5
SW051B-None--SCGL-WESW-2025-08-31-SW_26-04-12_Exports__SCGL_PH0005031_202_20260413-BODS_V1_1.xml,16,5
SW051B-None--SCGL-WESW-2025-08-31-SW_26-04-12_Exports__SCGL_PH0005031_202_20260413-BODS_V1_1.xml,17,4
SW051B-None--SCGL-WESW-2025-08-31-SW_26-04-12_Exports__SCGL_PH0005031_202_20260413-BODS_V1_1.xml,18,3
SW051B-None--SCGL-WESW-2025-08-31-SW_26-04-12_Exports__SCGL_PH0005031_202_20260413-BODS_V1_1.xml,19,2
SW051B-None--SCGL-WESW-2025-08-31-SW_26-04-12_Full_Set_Exports__SCGL_PH0005031_202_20260526-BODS_V1_1.xml,6,3
SW051B-None--SCGL-WESW-2025-08-31-SW_26-04-12_Full_Set_Exports__SCGL_PH0005031_202_20260526-BODS_V1_1.xml,7,4
SW051B-None--SCGL-WESW-2025-08-31-SW_26-04-12_Full_Set_Exports__SCGL_PH0005031_202_20260526-BODS_V1_1.xml,8,6
SW051B-None--SCGL-WESW-2025-08-31-SW_26-04-12_Full_Set_Exports__SCGL_PH0005031_202_20260526-BODS_V1_1.xml,9,6
SW051B-None--SCGL-WESW-2025-08-31-SW_26-04-12_Full_Set_Exports__SCGL_PH0005031_202_20260526-BODS_V1_1.xml,10,6
SW051B-None--SCGL-WESW-2025-08-31-SW_26-04-12_Full_Set_Exports__SCGL_PH0005031_202_20260526-BODS_V1_1.xml,11,6
SW051B-None--SCGL-WESW-2025-08-31-SW_26-04-12_Full_Set_Exports__SCGL_PH0005031_202_20260526-BODS_V1_1.xml,12,6
SW051B-None--SCGL-WESW-2025-08-31-SW_26-04-12_Full_Set_Exports__SCGL_PH0005031_202_20260526-BODS_V1_1.xml,13,6
SW051B-None--SCGL-WESW-2025-08-31-SW_26-04-12_Full_Set_Exports__SCGL_PH0005031_202_20260526-BODS_V1_1.xml,14,6
SW051B-None--SCGL-WESW-2025-08-31-SW_26-04-12_Full_Set_Exports__SCGL_PH0005031_202_20260526-BODS_V1_1.xml,15,6
SW051B-None--SCGL-WESW-2025-08-31-SW_26-04-12_Full_Set_Exports__SCGL_PH0005031_202_20260526-BODS_V1_1.xml,16,6
SW051B-None--SCGL-WESW-2025-08-31-SW_26-04-12_Full_Set_Exports__SCGL_PH0005031_202_20260526-BODS_V1_1.xml,17,5
SW051B-None--SCGL-WESW-2025-08-31-SW_26-04-12_Full_Set_Exports__SCGL_PH0005031_202_20260526-BODS_V1_1.xml,18,3
SW051B-None--SCGL-WESW-2025-08-31-SW_26-04-12_Full_Set_Exports__SCGL_PH0005031_202_20260526-BODS_V1_1.xml,19,2
SW051B-None--SCGL-WESW-2025-08-31-SW_26-04-12_Full_Set_Exports__SCGL_PH0005031_202_20260531-BODS_V1_1.xml,6,3
SW051B-None--SCGL-WESW-2025-08-31-SW_26-04-12_Full_Set_Exports__SCGL_PH0005031_202_20260531-BODS_V1_1.xml,7,4
SW051B-None--SCGL-WESW-2025-08-31-SW_26-04-12_Full_Set_Exports__SCGL_PH0005031_202_20260531-BODS_V1_1.xml,8,5
SW051B-None--SCGL-WESW-2025-08-31-SW_26-04-12_Full_Set_Exports__SCGL_PH0005031_202_20260531-BODS_V1_1.xml,9,5
SW051B-None--SCGL-WESW-2025-08-31-SW_26-04-12_Full_Set_Exports__SCGL_PH0005031_202_20260531-BODS_V1_1.xml,10,5
SW051B-None--SCGL-WESW-2025-08-31-SW_26-04-12_Full_Set_Exports__SCGL_PH0005031_202_20260531-BODS_V1_1.xml,11,5
SW051B-None--SCGL-WESW-2025-08-31-SW_26-04-12_Full_Set_Exports__SCGL_PH0005031_202_20260531-BODS_V1_1.xml,12,5
SW051B-None--SCGL-WESW-2025-08-31-SW_26-04-12_Full_Set_Exports__SCGL_PH0005031_202_20260531-BODS_V1_1.xml,13,5
SW051B-None--SCGL-WESW-2025-08-31-SW_26-04-12_Full_Set_Exports__SCGL_PH0005031_202_20260531-BODS_V1_1.xml,14,5
SW051B-None--SCGL-WESW-2025-08-31-SW_26-04-12_Full_Set_Exports__SCGL_PH0005031_202_20260531-BODS_V1_1.xml,15,5
SW051B-None--SCGL-WESW-2025-08-31-SW_26-04-12_Full_Set_Exports__SCGL_PH0005031_202_20260531-BODS_V1_1.xml,16,5
SW051B-None--SCGL-WESW-2025-08-31-SW_26-04-12_Full_Set_Exports__SCGL_PH0005031_202_20260531-BODS_V1_1.xml,17,4
SW051B-None--SCGL-WESW-2025-08-31-SW_26-04-12_Full_Set_Exports__SCGL_PH0005031_202_20260531-BODS_V1_1.xml,18,3
SW051B-None--SCGL-WESW-2025-08-31-SW_26-04-12_Full_Set_Exports__SCGL_PH0005031_202_20260531-BODS_V1_1.xml,19,2
SW053-None--SCGL-WESW-2025-08-31-SW_26-04-12_Exports__SCGL_PH0005031_394_20260413-BODS_V1_1.xml,6,2
SW053-None--SCGL-WESW-2025-08-31-SW_26-04-12_Exports__SCGL_PH0005031_394_20260413-BODS_V1_1.xml,7,2
SW053-None--SCGL-WESW-2025-08-31-SW_26-04-12_Exports__SCGL_PH0005031_394_20260413-BODS_V1_1.xml,8,1
SW053-None--SCGL-WESW-2025-08-31-SW_26-04-12_Exports__SCGL_PH0005031_394_20260413-BODS_V1_1.xml,9,7
SW053-None--SCGL-WESW-2025-08-31-SW_26-04-12_Exports__SCGL_PH0005031_394_20260413-BODS_V1_1.xml,10,2
SW053-None--SCGL-WESW-2025-08-31-SW_26-04-12_Exports__SCGL_PH0005031_394_20260413-BODS_V1_1.xml,11,6
SW053-None--SCGL-WESW-2025-08-31-SW_26-04-12_Exports__SCGL_PH0005031_394_20260413-BODS_V1_1.xml,12,2
SW053-None--SCGL-WESW-2025-08-31-SW_26-04-12_Exports__SCGL_PH0005031_394_20260413-BODS_V1_1.xml,13,6
SW053-None--SCGL-WESW-2025-08-31-SW_26-04-12_Exports__SCGL_PH0005031_394_20260413-BODS_V1_1.xml,14,2
SW053-None--SCGL-WESW-2025-08-31-SW_26-04-12_Exports__SCGL_PH0005031_394_20260413-BODS_V1_1.xml,15,5
SW053-None--SCGL-WESW-2025-08-31-SW_26-04-12_Exports__SCGL_PH0005031_394_20260413-BODS_V1_1.xml,16,2
SW053-None--SCGL-WESW-2025-08-31-SW_26-04-12_Exports__SCGL_PH0005031_394_20260413-BODS_V1_1.xml,17,4
SW053-None--SCGL-WESW-2025-08-31-SW_26-04-12_Exports__SCGL_PH0005031_394_20260413-BODS_V1_1.xml,18,2
SW053-None--SCGL-WESW-2025-08-31-SW_26-04-12_Exports__SCGL_PH0005031_394_20260413-BODS_V1_1.xml,19,1
SW053-None--SCGL-WESW-2025-08-31-SW_26-04-12_Full_Set_Exports__SCGL_PH0005031_394_20260526-BODS_V1_1.xml,6,2
SW053-None--SCGL-WESW-2025-08-31-SW_26-04-12_Full_Set_Exports__SCGL_PH0005031_394_20260526-BODS_V1_1.xml,7,2
SW053-None--SCGL-WESW-2025-08-31-SW_26-04-12_Full_Set_Exports__SCGL_PH0005031_394_20260526-BODS_V1_1.xml,8,2
SW053-None--SCGL-WESW-2025-08-31-SW_26-04-12_Full_Set_Exports__SCGL_PH0005031_394_20260526-BODS_V1_1.xml,9,9
SW053-None--SCGL-WESW-2025-08-31-SW_26-04-12_Full_Set_Exports__SCGL_PH0005031_394_20260526-BODS_V1_1.xml,10,2
SW053-None--SCGL-WESW-2025-08-31-SW_26-04-12_Full_Set_Exports__SCGL_PH0005031_394_20260526-BODS_V1_1.xml,11,8
SW053-None--SCGL-WESW-2025-08-31-SW_26-04-12_Full_Set_Exports__SCGL_PH0005031_394_20260526-BODS_V1_1.xml,12,2
SW053-None--SCGL-WESW-2025-08-31-SW_26-04-12_Full_Set_Exports__SCGL_PH0005031_394_20260526-BODS_V1_1.xml,13,8
SW053-None--SCGL-WESW-2025-08-31-SW_26-04-12_Full_Set_Exports__SCGL_PH0005031_394_20260526-BODS_V1_1.xml,14,2
SW053-None--SCGL-WESW-2025-08-31-SW_26-04-12_Full_Set_Exports__SCGL_PH0005031_394_20260526-BODS_V1_1.xml,15,7
SW053-None--SCGL-WESW-2025-08-31-SW_26-04-12_Full_Set_Exports__SCGL_PH0005031_394_20260526-BODS_V1_1.xml,16,2
SW053-None--SCGL-WESW-2025-08-31-SW_26-04-12_Full_Set_Exports__SCGL_PH0005031_394_20260526-BODS_V1_1.xml,17,5
SW053-None--SCGL-WESW-2025-08-31-SW_26-04-12_Full_Set_Exports__SCGL_PH0005031_394_20260526-BODS_V1_1.xml,18,2
SW053-None--SCGL-WESW-2025-08-31-SW_26-04-12_Full_Set_Exports__SCGL_PH0005031_394_20260526-BODS_V1_1.xml,19,1
SW053-None--SCGL-WESW-2025-08-31-SW_26-04-12_Full_Set_Exports__SCGL_PH0005031_394_20260531-BODS_V1_1.xml,6,2
SW053-None--SCGL-WESW-2025-08-31-SW_26-04-12_Full_Set_Exports__SCGL_PH0005031_394_20260531-BODS_V1_1.xml,7,2
SW053-None--SCGL-WESW-2025-08-31-SW_26-04-12_Full_Set_Exports__SCGL_PH0005031_394_20260531-BODS_V1_1.xml,8,1
SW053-None--SCGL-WESW-2025-08-31-SW_26-04-12_Full_Set_Exports__SCGL_PH0005031_394_20260531-BODS_V1_1.xml,9,7
SW053-None--SCGL-WESW-2025-08-31-SW_26-04-12_Full_Set_Exports__SCGL_PH0005031_394_20260531-BODS_V1_1.xml,10,2
SW053-None--SCGL-WESW-2025-08-31-SW_26-04-12_Full_Set_Exports__SCGL_PH0005031_394_20260531-BODS_V1_1.xml,11,6
SW053-None--SCGL-WESW-2025-08-31-SW_26-04-12_Full_Set_Exports__SCGL_PH0005031_394_20260531-BODS_V1_1.xml,12,2
SW053-None--SCGL-WESW-2025-08-31-SW_26-04-12_Full_Set_Exports__SCGL_PH0005031_394_20260531-BODS_V1_1.xml,13,6
SW053-None--SCGL-WESW-2025-08-31-SW_26-04-12_Full_Set_Exports__SCGL_PH0005031_394_20260531-BODS_V1_1.xml,14,2
SW053-None--SCGL-WESW-2025-08-31-SW_26-04-12_Full_Set_Exports__SCGL_PH0005031_394_20260531-BODS_V1_1.xml,15,5
SW053-None--SCGL-WESW-2025-08-31-SW_26-04-12_Full_Set_Exports__SCGL_PH0005031_394_20260531-BODS_V1_1.xml,16,2
SW053-None--SCGL-WESW-2025-08-31-SW_26-04-12_Full_Set_Exports__SCGL_PH0005031_394_20260531-BODS_V1_1.xml,17,4
SW053-None--SCGL-WESW-2025-08-31-SW_26-04-12_Full_Set_Exports__SCGL_PH0005031_394_20260531-BODS_V1_1.xml,18,2
SW053-None--SCGL-WESW-2025-08-31-SW_26-04-12_Full_Set_Exports__SCGL_PH0005031_394_20260531-BODS_V1_1.xml,19,1
SW055-None--SCGL-WESW-2025-08-31-SW_26-04-12_Exports__SCGL_PH0005031_205_20260413-BODS_V1_1.xml,4,1
SW055-None--SCGL-WESW-2025-08-31-SW_26-04-12_Exports__SCGL_PH0005031_205_20260413-BODS_V1_1.xml,5,7
SW055-None--SCGL-WESW-2025-08-31-SW_26-04-12_Exports__SCGL_PH0005031_205_20260413-BODS_V1_1.xml,6,14
SW055-None--SCGL-WESW-2025-08-31-SW_26-04-12_Exports__SCGL_PH0005031_205_20260413-BODS_V1_1.xml,7,11
SW055-None--SCGL-WESW-2025-08-31-SW_26-04-12_Exports__SCGL_PH0005031_205_20260413-BODS_V1_1.xml,8,18
SW055-None--SCGL-WESW-2025-08-31-SW_26-04-12_Exports__SCGL_PH0005031_205_20260413-BODS_V1_1.xml,9,16
SW055-None--SCGL-WESW-2025-08-31-SW_26-04-12_Exports__SCGL_PH0005031_205_20260413-BODS_V1_1.xml,10,16
SW055-None--SCGL-WESW-2025-08-31-SW_26-04-12_Exports__SCGL_PH0005031_205_20260413-BODS_V1_1.xml,11,16
SW055-None--SCGL-WESW-2025-08-31-SW_26-04-12_Exports__SCGL_PH0005031_205_20260413-BODS_V1_1.xml,12,16
SW055-None--SCGL-WESW-2025-08-31-SW_26-04-12_Exports__SCGL_PH0005031_205_20260413-BODS_V1_1.xml,13,16
SW055-None--SCGL-WESW-2025-08-31-SW_26-04-12_Exports__SCGL_PH0005031_205_20260413-BODS_V1_1.xml,14,15
SW055-None--SCGL-WESW-2025-08-31-SW_26-04-12_Exports__SCGL_PH0005031_205_20260413-BODS_V1_1.xml,15,16
SW055-None--SCGL-WESW-2025-08-31-SW_26-04-12_Exports__SCGL_PH0005031_205_20260413-BODS_V1_1.xml,16,16
SW055-None--SCGL-WESW-2025-08-31-SW_26-04-12_Exports__SCGL_PH0005031_205_20260413-BODS_V1_1.xml,17,13
SW055-None--SCGL-WESW-2025-08-31-SW_26-04-12_Exports__SCGL_PH0005031_205_20260413-BODS_V1_1.xml,18,12
SW055-None--SCGL-WESW-2025-08-31-SW_26-04-12_Exports__SCGL_PH0005031_205_20260413-BODS_V1_1.xml,19,10
SW055-None--SCGL-WESW-2025-08-31-SW_26-04-12_Exports__SCGL_PH0005031_205_20260413-BODS_V1_1.xml,20,10
SW055-None--SCGL-WESW-2025-08-31-SW_26-04-12_Exports__SCGL_PH0005031_205_20260413-BODS_V1_1.xml,21,10
SW055-None--SCGL-WESW-2025-08-31-SW_26-04-12_Exports__SCGL_PH0005031_205_20260413-BODS_V1_1.xml,22,10
SW055-None--SCGL-WESW-2025-08-31-SW_26-04-12_Exports__SCGL_PH0005031_205_20260413-BODS_V1_1.xml,23,4
SW055-None--SCGL-WESW-2025-08-31-SW_26-04-12_Full_Set_Exports__SCGL_PH0005031_205_20260526-BODS_V1_1.xml,4,1
SW055-None--SCGL-WESW-2025-08-31-SW_26-04-12_Full_Set_Exports__SCGL_PH0005031_205_20260526-BODS_V1_1.xml,5,7
SW055-None--SCGL-WESW-2025-08-31-SW_26-04-12_Full_Set_Exports__SCGL_PH0005031_205_20260526-BODS_V1_1.xml,6,13
SW055-None--SCGL-WESW-2025-08-31-SW_26-04-12_Full_Set_Exports__SCGL_PH0005031_205_20260526-BODS_V1_1.xml,7,12
SW055-None--SCGL-WESW-2025-08-31-SW_26-04-12_Full_Set_Exports__SCGL_PH0005031_205_20260526-BODS_V1_1.xml,8,23
SW055-None--SCGL-WESW-2025-08-31-SW_26-04-12_Full_Set_Exports__SCGL_PH0005031_205_20260526-BODS_V1_1.xml,9,20
SW055-None--SCGL-WESW-2025-08-31-SW_26-04-12_Full_Set_Exports__SCGL_PH0005031_205_20260526-BODS_V1_1.xml,10,20
SW055-None--SCGL-WESW-2025-08-31-SW_26-04-12_Full_Set_Exports__SCGL_PH0005031_205_20260526-BODS_V1_1.xml,11,20
SW055-None--SCGL-WESW-2025-08-31-SW_26-04-12_Full_Set_Exports__SCGL_PH0005031_205_20260526-BODS_V1_1.xml,12,20
SW055-None--SCGL-WESW-2025-08-31-SW_26-04-12_Full_Set_Exports__SCGL_PH0005031_205_20260526-BODS_V1_1.xml,13,20
SW055-None--SCGL-WESW-2025-08-31-SW_26-04-12_Full_Set_Exports__SCGL_PH0005031_205_20260526-BODS_V1_1.xml,14,19
SW055-None--SCGL-WESW-2025-08-31-SW_26-04-12_Full_Set_Exports__SCGL_PH0005031_205_20260526-BODS_V1_1.xml,15,19
SW055-None--SCGL-WESW-2025-08-31-SW_26-04-12_Full_Set_Exports__SCGL_PH0005031_205_20260526-BODS_V1_1.xml,16,20
SW055-None--SCGL-WESW-2025-08-31-SW_26-04-12_Full_Set_Exports__SCGL_PH0005031_205_20260526-BODS_V1_1.xml,17,16
SW055-None--SCGL-WESW-2025-08-31-SW_26-04-12_Full_Set_Exports__SCGL_PH0005031_205_20260526-BODS_V1_1.xml,18,16
SW055-None--SCGL-WESW-2025-08-31-SW_26-04-12_Full_Set_Exports__SCGL_PH0005031_205_20260526-BODS_V1_1.xml,19,11
SW055-None--SCGL-WESW-2025-08-31-SW_26-04-12_Full_Set_Exports__SCGL_PH0005031_205_20260526-BODS_V1_1.xml,20,12
SW055-None--SCGL-WESW-2025-08-31-SW_26-04-12_Full_Set_Exports__SCGL_PH0005031_205_20260526-BODS_V1_1.xml,21,12
SW055-None--SCGL-WESW-2025-08-31-SW_26-04-12_Full_Set_Exports__SCGL_PH0005031_205_20260526-BODS_V1_1.xml,22,12
SW055-None--SCGL-WESW-2025-08-31-SW_26-04-12_Full_Set_Exports__SCGL_PH0005031_205_20260526-BODS_V1_1.xml,23,4
SW055-None--SCGL-WESW-2025-08-31-SW_26-04-12_Full_Set_Exports__SCGL_PH0005031_205_20260531-BODS_V1_1.xml,4,1
SW055-None--SCGL-WESW-2025-08-31-SW_26-04-12_Full_Set_Exports__SCGL_PH0005031_205_20260531-BODS_V1_1.xml,5,7
SW055-None--SCGL-WESW-2025-08-31-SW_26-04-12_Full_Set_Exports__SCGL_PH0005031_205_20260531-BODS_V1_1.xml,6,14
SW055-None--SCGL-WESW-2025-08-31-SW_26-04-12_Full_Set_Exports__SCGL_PH0005031_205_20260531-BODS_V1_1.xml,7,11
SW055-None--SCGL-WESW-2025-08-31-SW_26-04-12_Full_Set_Exports__SCGL_PH0005031_205_20260531-BODS_V1_1.xml,8,18
SW055-None--SCGL-WESW-2025-08-31-SW_26-04-12_Full_Set_Exports__SCGL_PH0005031_205_20260531-BODS_V1_1.xml,9,16
SW055-None--SCGL-WESW-2025-08-31-SW_26-04-12_Full_Set_Exports__SCGL_PH0005031_205_20260531-BODS_V1_1.xml,10,16
SW055-None--SCGL-WESW-2025-08-31-SW_26-04-12_Full_Set_Exports__SCGL_PH0005031_205_20260531-BODS_V1_1.xml,11,16
SW055-None--SCGL-WESW-2025-08-31-SW_26-04-12_Full_Set_Exports__SCGL_PH0005031_205_20260531-BODS_V1_1.xml,12,16
SW055-None--SCGL-WESW-2025-08-31-SW_26-04-12_Full_Set_Exports__SCGL_PH0005031_205_20260531-BODS_V1_1.xml,13,16
SW055-None--SCGL-WESW-2025-08-31-SW_26-04-12_Full_Set_Exports__SCGL_PH0005031_205_20260531-BODS_V1_1.xml,14,15
SW055-None--SCGL-WESW-2025-08-31-SW_26-04-12_Full_Set_Exports__SCGL_PH0005031_205_20260531-BODS_V1_1.xml,15,16
SW055-None--SCGL-WESW-2025-08-31-SW_26-04-12_Full_Set_Exports__SCGL_PH0005031_205_20260531-BODS_V1_1.xml,16,16
SW055-None--SCGL-WESW-2025-08-31-SW_26-04-12_Full_Set_Exports__SCGL_PH0005031_205_20260531-BODS_V1_1.xml,17,13
SW055-None--SCGL-WESW-2025-08-31-SW_26-04-12_Full_Set_Exports__SCGL_PH0005031_205_20260531-BODS_V1_1.xml,18,12
SW055-None--SCGL-WESW-2025-08-31-SW_26-04-12_Full_Set_Exports__SCGL_PH0005031_205_20260531-BODS_V1_1.xml,19,10
SW055-None--SCGL-WESW-2025-08-31-SW_26-04-12_Full_Set_Exports__SCGL_PH0005031_205_20260531-BODS_V1_1.xml,20,10
SW055-None--SCGL-WESW-2025-08-31-SW_26-04-12_Full_Set_Exports__SCGL_PH0005031_205_20260531-BODS_V1_1.xml,21,10
SW055-None--SCGL-WESW-2025-08-31-SW_26-04-12_Full_Set_Exports__SCGL_PH0005031_205_20260531-BODS_V1_1.xml,22,10
SW055-None--SCGL-WESW-2025-08-31-SW_26-04-12_Full_Set_Exports__SCGL_PH0005031_205_20260531-BODS_V1_1.xml,23,4
SW057-None--SCGL-WESW-2025-08-31-SW_26-04-12_Exports__SCGL_PH0005031_388_20260413-BODS_V1_1.xml,5,1
SW057-None--SCGL-WESW-2025-08-31-SW_26-04-12_Exports__SCGL_PH0005031_388_20260413-BODS_V1_1.xml,6,1
SW057-None--SCGL-WESW-2025-08-31-SW_26-04-12_Exports__SCGL_PH0005031_388_20260413-BODS_V1_1.xml,13,1
SW057-None--SCGL-WESW-2025-08-31-SW_26-04-12_Exports__SCGL_PH0005031_388_20260413-BODS_V1_1.xml,14,1
SW057-None--SCGL-WESW-2025-08-31-SW_26-04-12_Exports__SCGL_PH0005031_388_20260413-BODS_V1_1.xml,21,1
SW057-None--SCGL-WESW-2025-08-31-SW_26-04-12_Exports__SCGL_PH0005031_388_20260413-BODS_V1_1.xml,22,1
SW057-None--SCGL-WESW-2025-08-31-SW_26-04-12_Full_Set_Exports__SCGL_PH0005031_388_20260526-BODS_V1_1.xml,5,1
SW057-None--SCGL-WESW-2025-08-31-SW_26-04-12_Full_Set_Exports__SCGL_PH0005031_388_20260526-BODS_V1_1.xml,6,1
SW057-None--SCGL-WESW-2025-08-31-SW_26-04-12_Full_Set_Exports__SCGL_PH0005031_388_20260526-BODS_V1_1.xml,13,1
SW057-None--SCGL-WESW-2025-08-31-SW_26-04-12_Full_Set_Exports__SCGL_PH0005031_388_20260526-BODS_V1_1.xml,14,1
SW057-None--SCGL-WESW-2025-08-31-SW_26-04-12_Full_Set_Exports__SCGL_PH0005031_388_20260526-BODS_V1_1.xml,21,1
SW057-None--SCGL-WESW-2025-08-31-SW_26-04-12_Full_Set_Exports__SCGL_PH0005031_388_20260526-BODS_V1_1.xml,22,1
SW057-None--SCGL-WESW-2025-08-31-SW_26-04-12_Full_Set_Exports__SCGL_PH0005031_388_20260531-BODS_V1_1.xml,5,1
SW057-None--SCGL-WESW-2025-08-31-SW_26-04-12_Full_Set_Exports__SCGL_PH0005031_388_20260531-BODS_V1_1.xml,6,1
SW057-None--SCGL-WESW-2025-08-31-SW_26-04-12_Full_Set_Exports__SCGL_PH0005031_388_20260531-BODS_V1_1.xml,13,1
SW057-None--SCGL-WESW-2025-08-31-SW_26-04-12_Full_Set_Exports__SCGL_PH0005031_388_20260531-BODS_V1_1.xml,14,1
SW057-None--SCGL-WESW-2025-08-31-SW_26-04-12_Full_Set_Exports__SCGL_PH0005031_388_20260531-BODS_V1_1.xml,21,1
SW057-None--SCGL-WESW-2025-08-31-SW_26-04-12_Full_Set_Exports__SCGL_PH0005031_388_20260531-BODS_V1_1.xml,22,1
SW066A-None--SCGL-WESW-2025-08-31-SW_26-04-12_Exports__SCGL_PH0005031_208_20260413-BODS_V1_1.xml,0,6
SW066A-None--SCGL-WESW-2025-08-31-SW_26-04-12_Exports__SCGL_PH0005031_208_20260413-BODS_V1_1.xml,1,4
SW066A-None--SCGL-WESW-2025-08-31-SW_26-04-12_Exports__SCGL_PH0005031_208_20260413-BODS_V1_1.xml,2,2
SW066A-None--SCGL-WESW-2025-08-31-SW_26-04-12_Exports__SCGL_PH0005031_208_20260413-BODS_V1_1.xml,3,2
SW066A-None--SCGL-WESW-2025-08-31-SW_26-04-12_Exports__SCGL_PH0005031_208_20260413-BODS_V1_1.xml,4,1
SW066A-None--SCGL-WESW-2025-08-31-SW_26-04-12_Exports__SCGL_PH0005031_208_20260413-BODS_V1_1.xml,5,4
SW066A-None--SCGL-WESW-2025-08-31-SW_26-04-12_Exports__SCGL_PH0005031_208_20260413-BODS_V1_1.xml,6,10
SW066A-None--SCGL-WESW-2025-08-31-SW_26-04-12_Exports__SCGL_PH0005031_208_20260413-BODS_V1_1.xml,7,11
SW066A-None--SCGL-WESW-2025-08-31-SW_26-04-12_Exports__SCGL_PH0005031_208_20260413-BODS_V1_1.xml,8,14
SW066A-None--SCGL-WESW-2025-08-31-SW_26-04-12_Exports__SCGL_PH0005031_208_20260413-BODS_V1_1.xml,9,13
SW066A-None--SCGL-WESW-2025-08-31-SW_26-04-12_Exports__SCGL_PH0005031_208_20260413-BODS_V1_1.xml,10,16
SW066A-None--SCGL-WESW-2025-08-31-SW_26-04-12_Exports__SCGL_PH0005031_208_20260413-BODS_V1_1.xml,11,16
SW066A-None--SCGL-WESW-2025-08-31-SW_26-04-12_Exports__SCGL_PH0005031_208_20260413-BODS_V1_1.xml,12,16
SW066A-None--SCGL-WESW-2025-08-31-SW_26-04-12_Exports__SCGL_PH0005031_208_20260413-BODS_V1_1.xml,13,16
SW066A-None--SCGL-WESW-2025-08-31-SW_26-04-12_Exports__SCGL_PH0005031_208_20260413-BODS_V1_1.xml,14,16
SW066A-None--SCGL-WESW-2025-08-31-SW_26-04-12_Exports__SCGL_PH0005031_208_20260413-BODS_V1_1.xml,15,14
SW066A-None--SCGL-WESW-2025-08-31-SW_26-04-12_Exports__SCGL_PH0005031_208_20260413-BODS_V1_1.xml,16,15
SW066A-None--SCGL-WESW-2025-08-31-SW_26-04-12_Exports__SCGL_PH0005031_208_20260413-BODS_V1_1.xml,17,14
SW066A-None--SCGL-WESW-2025-08-31-SW_26-04-12_Exports__SCGL_PH0005031_208_20260413-BODS_V1_1.xml,18,13
SW066A-None--SCGL-WESW-2025-08-31-SW_26-04-12_Exports__SCGL_PH0005031_208_20260413-BODS_V1_1.xml,19,12
SW066A-None--SCGL-WESW-2025-08-31-SW_26-04-12_Exports__SCGL_PH0005031_208_20260413-BODS_V1_1.xml,20,10
SW066A-None--SCGL-WESW-2025-08-31-SW_26-04-12_Exports__SCGL_PH0005031_208_20260413-BODS_V1_1.xml,21,10
SW066A-None--SCGL-WESW-2025-08-31-SW_26-04-12_Exports__SCGL_PH0005031_208_20260413-BODS_V1_1.xml,22,10
SW066A-None--SCGL-WESW-2025-08-31-SW_26-04-12_Exports__SCGL_PH0005031_208_20260413-BODS_V1_1.xml,23,7
SW066A-None--SCGL-WESW-2025-08-31-SW_26-04-12_Full_Set_Exports__SCGL_PH0005031_208_20260526-BODS_V1_1.xml,0,6
SW066A-None--SCGL-WESW-2025-08-31-SW_26-04-12_Full_Set_Exports__SCGL_PH0005031_208_20260526-BODS_V1_1.xml,1,4
SW066A-None--SCGL-WESW-2025-08-31-SW_26-04-12_Full_Set_Exports__SCGL_PH0005031_208_20260526-BODS_V1_1.xml,2,2
SW066A-None--SCGL-WESW-2025-08-31-SW_26-04-12_Full_Set_Exports__SCGL_PH0005031_208_20260526-BODS_V1_1.xml,3,2
SW066A-None--SCGL-WESW-2025-08-31-SW_26-04-12_Full_Set_Exports__SCGL_PH0005031_208_20260526-BODS_V1_1.xml,4,1
SW066A-None--SCGL-WESW-2025-08-31-SW_26-04-12_Full_Set_Exports__SCGL_PH0005031_208_20260526-BODS_V1_1.xml,5,4
SW066A-None--SCGL-WESW-2025-08-31-SW_26-04-12_Full_Set_Exports__SCGL_PH0005031_208_20260526-BODS_V1_1.xml,6,11
SW066A-None--SCGL-WESW-2025-08-31-SW_26-04-12_Full_Set_Exports__SCGL_PH0005031_208_20260526-BODS_V1_1.xml,7,13
SW066A-None--SCGL-WESW-2025-08-31-SW_26-04-12_Full_Set_Exports__SCGL_PH0005031_208_20260526-BODS_V1_1.xml,8,17
SW066A-None--SCGL-WESW-2025-08-31-SW_26-04-12_Full_Set_Exports__SCGL_PH0005031_208_20260526-BODS_V1_1.xml,9,16
SW066A-None--SCGL-WESW-2025-08-31-SW_26-04-12_Full_Set_Exports__SCGL_PH0005031_208_20260526-BODS_V1_1.xml,10,20
SW066A-None--SCGL-WESW-2025-08-31-SW_26-04-12_Full_Set_Exports__SCGL_PH0005031_208_20260526-BODS_V1_1.xml,11,20
SW066A-None--SCGL-WESW-2025-08-31-SW_26-04-12_Full_Set_Exports__SCGL_PH0005031_208_20260526-BODS_V1_1.xml,12,20
SW066A-None--SCGL-WESW-2025-08-31-SW_26-04-12_Full_Set_Exports__SCGL_PH0005031_208_20260526-BODS_V1_1.xml,13,20
SW066A-None--SCGL-WESW-2025-08-31-SW_26-04-12_Full_Set_Exports__SCGL_PH0005031_208_20260526-BODS_V1_1.xml,14,20
SW066A-None--SCGL-WESW-2025-08-31-SW_26-04-12_Full_Set_Exports__SCGL_PH0005031_208_20260526-BODS_V1_1.xml,15,18
SW066A-None--SCGL-WESW-2025-08-31-SW_26-04-12_Full_Set_Exports__SCGL_PH0005031_208_20260526-BODS_V1_1.xml,16,19
SW066A-None--SCGL-WESW-2025-08-31-SW_26-04-12_Full_Set_Exports__SCGL_PH0005031_208_20260526-BODS_V1_1.xml,17,18
SW066A-None--SCGL-WESW-2025-08-31-SW_26-04-12_Full_Set_Exports__SCGL_PH0005031_208_20260526-BODS_V1_1.xml,18,16
SW066A-None--SCGL-WESW-2025-08-31-SW_26-04-12_Full_Set_Exports__SCGL_PH0005031_208_20260526-BODS_V1_1.xml,19,15
SW066A-None--SCGL-WESW-2025-08-31-SW_26-04-12_Full_Set_Exports__SCGL_PH0005031_208_20260526-BODS_V1_1.xml,20,12
SW066A-None--SCGL-WESW-2025-08-31-SW_26-04-12_Full_Set_Exports__SCGL_PH0005031_208_20260526-BODS_V1_1.xml,21,12
SW066A-None--SCGL-WESW-2025-08-31-SW_26-04-12_Full_Set_Exports__SCGL_PH0005031_208_20260526-BODS_V1_1.xml,22,12
SW066A-None--SCGL-WESW-2025-08-31-SW_26-04-12_Full_Set_Exports__SCGL_PH0005031_208_20260526-BODS_V1_1.xml,23,8
SW066A-None--SCGL-WESW-2025-08-31-SW_26-04-12_Full_Set_Exports__SCGL_PH0005031_208_20260531-BODS_V1_1.xml,0,6
SW066A-None--SCGL-WESW-2025-08-31-SW_26-04-12_Full_Set_Exports__SCGL_PH0005031_208_20260531-BODS_V1_1.xml,1,4
SW066A-None--SCGL-WESW-2025-08-31-SW_26-04-12_Full_Set_Exports__SCGL_PH0005031_208_20260531-BODS_V1_1.xml,2,2
SW066A-None--SCGL-WESW-2025-08-31-SW_26-04-12_Full_Set_Exports__SCGL_PH0005031_208_20260531-BODS_V1_1.xml,3,2
SW066A-None--SCGL-WESW-2025-08-31-SW_26-04-12_Full_Set_Exports__SCGL_PH0005031_208_20260531-BODS_V1_1.xml,4,1
SW066A-None--SCGL-WESW-2025-08-31-SW_26-04-12_Full_Set_Exports__SCGL_PH0005031_208_20260531-BODS_V1_1.xml,5,4
SW066A-None--SCGL-WESW-2025-08-31-SW_26-04-12_Full_Set_Exports__SCGL_PH0005031_208_20260531-BODS_V1_1.xml,6,10
SW066A-None--SCGL-WESW-2025-08-31-SW_26-04-12_Full_Set_Exports__SCGL_PH0005031_208_20260531-BODS_V1_1.xml,7,11
SW066A-None--SCGL-WESW-2025-08-31-SW_26-04-12_Full_Set_Exports__SCGL_PH0005031_208_20260531-BODS_V1_1.xml,8,14
SW066A-None--SCGL-WESW-2025-08-31-SW_26-04-12_Full_Set_Exports__SCGL_PH0005031_208_20260531-BODS_V1_1.xml,9,13
SW066A-None--SCGL-WESW-2025-08-31-SW_26-04-12_Full_Set_Exports__SCGL_PH0005031_208_20260531-BODS_V1_1.xml,10,16
SW066A-None--SCGL-WESW-2025-08-31-SW_26-04-12_Full_Set_Exports__SCGL_PH0005031_208_20260531-BODS_V1_1.xml,11,16
SW066A-None--SCGL-WESW-2025-08-31-SW_26-04-12_Full_Set_Exports__SCGL_PH0005031_208_20260531-BODS_V1_1.xml,12,16
SW066A-None--SCGL-WESW-2025-08-31-SW_26-04-12_Full_Set_Exports__SCGL_PH0005031_208_20260531-BODS_V1_1.xml,13,16
SW066A-None--SCGL-WESW-2025-08-31-SW_26-04-12_Full_Set_Exports__SCGL_PH0005031_208_20260531-BODS_V1_1.xml,14,16
SW066A-None--SCGL-WESW-2025-08-31-SW_26-04-12_Full_Set_Exports__SCGL_PH0005031_208_20260531-BODS_V1_1.xml,15,14
SW066A-None--SCGL-WESW-2025-08-31-SW_26-04-12_Full_Set_Exports__SCGL_PH0005031_208_20260531-BODS_V1_1.xml,16,15
SW066A-None--SCGL-WESW-2025-08-31-SW_26-04-12_Full_Set_Exports__SCGL_PH0005031_208_20260531-BODS_V1_1.xml,17,14
SW066A-None--SCGL-WESW-2025-08-31-SW_26-04-12_Full_Set_Exports__SCGL_PH0005031_208_20260531-BODS_V1_1.xml,18,13
SW066A-None--SCGL-WESW-2025-08-31-SW_26-04-12_Full_Set_Exports__SCGL_PH0005031_208_20260531-BODS_V1_1.xml,19,12
SW066A-None--SCGL-WESW-2025-08-31-SW_26-04-12_Full_Set_Exports__SCGL_PH0005031_208_20260531-BODS_V1_1.xml,20,10
SW066A-None--SCGL-WESW-2025-08-31-SW_26-04-12_Full_Set_Exports__SCGL_PH0005031_208_20260531-BODS_V1_1.xml,21,10
SW066A-None--SCGL-WESW-2025-08-31-SW_26-04-12_Full_Set_Exports__SCGL_PH0005031_208_20260531-BODS_V1_1.xml,22,10
SW066A-None--SCGL-WESW-2025-08-31-SW_26-04-12_Full_Set_Exports__SCGL_PH0005031_208_20260531-BODS_V1_1.xml,23,7
SW066B-None--SCGL-WESW-2025-08-31-SW_26-04-12_Exports__SCGL_PH0005031_209_20260413-BODS_V1_1.xml,0,4
SW066B-None--SCGL-WESW-2025-08-31-SW_26-04-12_Exports__SCGL_PH0005031_209_20260413-BODS_V1_1.xml,1,4
SW066B-None--SCGL-WESW-2025-08-31-SW_26-04-12_Exports__SCGL_PH0005031_209_20260413-BODS_V1_1.xml,2,4
SW066B-None--SCGL-WESW-2025-08-31-SW_26-04-12_Exports__SCGL_PH0005031_209_20260413-BODS_V1_1.xml,3,2
SW066B-None--SCGL-WESW-2025-08-31-SW_26-04-12_Exports__SCGL_PH0005031_209_20260413-BODS_V1_1.xml,5,2
SW066B-None--SCGL-WESW-2025-08-31-SW_26-04-12_Exports__SCGL_PH0005031_209_20260413-BODS_V1_1.xml,6,7
SW066B-None--SCGL-WESW-2025-08-31-SW_26-04-12_Exports__SCGL_PH0005031_209_20260413-BODS_V1_1.xml,7,12
SW066B-None--SCGL-WESW-2025-08-31-SW_26-04-12_Exports__SCGL_PH0005031_209_20260413-BODS_V1_1.xml,8,12
SW066B-None--SCGL-WESW-2025-08-31-SW_26-04-12_Exports__SCGL_PH0005031_209_20260413-BODS_V1_1.xml,9,16
SW066B-None--SCGL-WESW-2025-08-31-SW_26-04-12_Exports__SCGL_PH0005031_209_20260413-BODS_V1_1.xml,10,16
SW066B-None--SCGL-WESW-2025-08-31-SW_26-04-12_Exports__SCGL_PH0005031_209_20260413-BODS_V1_1.xml,11,16
SW066B-None--SCGL-WESW-2025-08-31-SW_26-04-12_Exports__SCGL_PH0005031_209_20260413-BODS_V1_1.xml,12,16
SW066B-None--SCGL-WESW-2025-08-31-SW_26-04-12_Exports__SCGL_PH0005031_209_20260413-BODS_V1_1.xml,13,16
SW066B-None--SCGL-WESW-2025-08-31-SW_26-04-12_Exports__SCGL_PH0005031_209_20260413-BODS_V1_1.xml,14,16
SW066B-None--SCGL-WESW-2025-08-31-SW_26-04-12_Exports__SCGL_PH0005031_209_20260413-BODS_V1_1.xml,15,16
SW066B-None--SCGL-WESW-2025-08-31-SW_26-04-12_Exports__SCGL_PH0005031_209_20260413-BODS_V1_1.xml,16,17
SW066B-None--SCGL-WESW-2025-08-31-SW_26-04-12_Exports__SCGL_PH0005031_209_20260413-BODS_V1_1.xml,17,14
SW066B-None--SCGL-WESW-2025-08-31-SW_26-04-12_Exports__SCGL_PH0005031_209_20260413-BODS_V1_1.xml,18,11
SW066B-None--SCGL-WESW-2025-08-31-SW_26-04-12_Exports__SCGL_PH0005031_209_20260413-BODS_V1_1.xml,19,12
SW066B-None--SCGL-WESW-2025-08-31-SW_26-04-12_Exports__SCGL_PH0005031_209_20260413-BODS_V1_1.xml,20,10
SW066B-None--SCGL-WESW-2025-08-31-SW_26-04-12_Exports__SCGL_PH0005031_209_20260413-BODS_V1_1.xml,21,10
SW066B-None--SCGL-WESW-2025-08-31-SW_26-04-12_Exports__SCGL_PH0005031_209_20260413-BODS_V1_1.xml,22,10
SW066B-None--SCGL-WESW-2025-08-31-SW_26-04-12_Exports__SCGL_PH0005031_209_20260413-BODS_V1_1.xml,23,7
SW066B-None--SCGL-WESW-2025-08-31-SW_26-04-12_Full_Set_Exports__SCGL_PH0005031_209_20260526-BODS_V1_1.xml,0,4
SW066B-None--SCGL-WESW-2025-08-31-SW_26-04-12_Full_Set_Exports__SCGL_PH0005031_209_20260526-BODS_V1_1.xml,1,4
SW066B-None--SCGL-WESW-2025-08-31-SW_26-04-12_Full_Set_Exports__SCGL_PH0005031_209_20260526-BODS_V1_1.xml,2,4
SW066B-None--SCGL-WESW-2025-08-31-SW_26-04-12_Full_Set_Exports__SCGL_PH0005031_209_20260526-BODS_V1_1.xml,3,2
SW066B-None--SCGL-WESW-2025-08-31-SW_26-04-12_Full_Set_Exports__SCGL_PH0005031_209_20260526-BODS_V1_1.xml,5,2
SW066B-None--SCGL-WESW-2025-08-31-SW_26-04-12_Full_Set_Exports__SCGL_PH0005031_209_20260526-BODS_V1_1.xml,6,7
SW066B-None--SCGL-WESW-2025-08-31-SW_26-04-12_Full_Set_Exports__SCGL_PH0005031_209_20260526-BODS_V1_1.xml,7,13
SW066B-None--SCGL-WESW-2025-08-31-SW_26-04-12_Full_Set_Exports__SCGL_PH0005031_209_20260526-BODS_V1_1.xml,8,15
SW066B-None--SCGL-WESW-2025-08-31-SW_26-04-12_Full_Set_Exports__SCGL_PH0005031_209_20260526-BODS_V1_1.xml,9,20
SW066B-None--SCGL-WESW-2025-08-31-SW_26-04-12_Full_Set_Exports__SCGL_PH0005031_209_20260526-BODS_V1_1.xml,10,20
SW066B-None--SCGL-WESW-2025-08-31-SW_26-04-12_Full_Set_Exports__SCGL_PH0005031_209_20260526-BODS_V1_1.xml,11,20
SW066B-None--SCGL-WESW-2025-08-31-SW_26-04-12_Full_Set_Exports__SCGL_PH0005031_209_20260526-BODS_V1_1.xml,12,20
SW066B-None--SCGL-WESW-2025-08-31-SW_26-04-12_Full_Set_Exports__SCGL_PH0005031_209_20260526-BODS_V1_1.xml,13,20
SW066B-None--SCGL-WESW-2025-08-31-SW_26-04-12_Full_Set_Exports__SCGL_PH0005031_209_20260526-BODS_V1_1.xml,14,20
SW066B-None--SCGL-WESW-2025-08-31-SW_26-04-12_Full_Set_Exports__SCGL_PH0005031_209_20260526-BODS_V1_1.xml,15,20
SW066B-None--SCGL-WESW-2025-08-31-SW_26-04-12_Full_Set_Exports__SCGL_PH0005031_209_20260526-BODS_V1_1.xml,16,21
SW066B-None--SCGL-WESW-2025-08-31-SW_26-04-12_Full_Set_Exports__SCGL_PH0005031_209_20260526-BODS_V1_1.xml,17,18
SW066B-None--SCGL-WESW-2025-08-31-SW_26-04-12_Full_Set_Exports__SCGL_PH0005031_209_20260526-BODS_V1_1.xml,18,14
SW066B-None--SCGL-WESW-2025-08-31-SW_26-04-12_Full_Set_Exports__SCGL_PH0005031_209_20260526-BODS_V1_1.xml,19,14
SW066B-None--SCGL-WESW-2025-08-31-SW_26-04-12_Full_Set_Exports__SCGL_PH0005031_209_20260526-BODS_V1_1.xml,20,12
SW066B-None--SCGL-WESW-2025-08-31-SW_26-04-12_Full_Set_Exports__SCGL_PH0005031_209_20260526-BODS_V1_1.xml,21,12
SW066B-None--SCGL-WESW-2025-08-31-SW_26-04-12_Full_Set_Exports__SCGL_PH0005031_209_20260526-BODS_V1_1.xml,22,12
SW066B-None--SCGL-WESW-2025-08-31-SW_26-04-12_Full_Set_Exports__SCGL_PH0005031_209_20260526-BODS_V1_1.xml,23,8
SW066B-None--SCGL-WESW-2025-08-31-SW_26-04-12_Full_Set_Exports__SCGL_PH0005031_209_20260531-BODS_V1_1.xml,0,4
SW066B-None--SCGL-WESW-2025-08-31-SW_26-04-12_Full_Set_Exports__SCGL_PH0005031_209_20260531-BODS_V1_1.xml,1,4
SW066B-None--SCGL-WESW-2025-08-31-SW_26-04-12_Full_Set_Exports__SCGL_PH0005031_209_20260531-BODS_V1_1.xml,2,4
SW066B-None--SCGL-WESW-2025-08-31-SW_26-04-12_Full_Set_Exports__SCGL_PH0005031_209_20260531-BODS_V1_1.xml,3,2
SW066B-None--SCGL-WESW-2025-08-31-SW_26-04-12_Full_Set_Exports__SCGL_PH0005031_209_20260531-BODS_V1_1.xml,5,2
SW066B-None--SCGL-WESW-2025-08-31-SW_26-04-12_Full_Set_Exports__SCGL_PH0005031_209_20260531-BODS_V1_1.xml,6,7
SW066B-None--SCGL-WESW-2025-08-31-SW_26-04-12_Full_Set_Exports__SCGL_PH0005031_209_20260531-BODS_V1_1.xml,7,12
SW066B-None--SCGL-WESW-2025-08-31-SW_26-04-12_Full_Set_Exports__SCGL_PH0005031_209_20260531-BODS_V1_1.xml,8,12
SW066B-None--SCGL-WESW-2025-08-31-SW_26-04-12_Full_Set_Exports__SCGL_PH0005031_209_20260531-BODS_V1_1.xml,9,16
SW066B-None--SCGL-WESW-2025-08-31-SW_26-04-12_Full_Set_Exports__SCGL_PH0005031_209_20260531-BODS_V1_1.xml,10,16
SW066B-None--SCGL-WESW-2025-08-31-SW_26-04-12_Full_Set_Exports__SCGL_PH0005031_209_20260531-BODS_V1_1.xml,11,16
SW066B-None--SCGL-WESW-2025-08-31-SW_26-04-12_Full_Set_Exports__SCGL_PH0005031_209_20260531-BODS_V1_1.xml,12,16
SW066B-None--SCGL-WESW-2025-08-31-SW_26-04-12_Full_Set_Exports__SCGL_PH0005031_209_20260531-BODS_V1_1.xml,13,16
SW066B-None--SCGL-WESW-2025-08-31-SW_26-04-12_Full_Set_Exports__SCGL_PH0005031_209_20260531-BODS_V1_1.xml,14,16
SW066B-None--SCGL-WESW-2025-08-31-SW_26-04-12_Full_Set_Exports__SCGL_PH0005031_209_20260531-BODS_V1_1.xml,15,16
SW066B-None--SCGL-WESW-2025-08-31-SW_26-04-12_Full_Set_Exports__SCGL_PH0005031_209_20260531-BODS_V1_1.xml,16,17
SW066B-None--SCGL-WESW-2025-08-31-SW_26-04-12_Full_Set_Exports__SCGL_PH0005031_209_20260531-BODS_V1_1.xml,17,14
SW066B-None--SCGL-WESW-2025-08-31-SW_26-04-12_Full_Set_Exports__SCGL_PH0005031_209_20260531-BODS_V1_1.xml,18,11
SW066B-None--SCGL-WESW-2025-08-31-SW_26-04-12_Full_Set_Exports__SCGL_PH0005031_209_20260531-BODS_V1_1.xml,19,12
SW066B-None--SCGL-WESW-2025-08-31-SW_26-04-12_Full_Set_Exports__SCGL_PH0005031_209_20260531-BODS_V1_1.xml,20,10
SW066B-None--SCGL-WESW-2025-08-31-SW_26-04-12_Full_Set_Exports__SCGL_PH0005031_209_20260531-BODS_V1_1.xml,21,10
SW066B-None--SCGL-WESW-2025-08-31-SW_26-04-12_Full_Set_Exports__SCGL_PH0005031_209_20260531-BODS_V1_1.xml,22,10
SW066B-None--SCGL-WESW-2025-08-31-SW_26-04-12_Full_Set_Exports__SCGL_PH0005031_209_20260531-BODS_V1_1.xml,23,7
SW077-None--SCGL-WEST-2024-01-01-ST_26-04-12_Exports__SCGL_PH0005031_240_20260412-BODS_V1_1.xml,6,1
SW077-None--SCGL-WEST-2024-01-01-ST_26-04-12_Exports__SCGL_PH0005031_240_20260412-BODS_V1_1.xml,7,4
SW077-None--SCGL-WEST-2024-01-01-ST_26-04-12_Exports__SCGL_PH0005031_240_20260412-BODS_V1_1.xml,8,1
SW077-None--SCGL-WEST-2024-01-01-ST_26-04-12_Exports__SCGL_PH0005031_240_20260412-BODS_V1_1.xml,9,3
SW077-None--SCGL-WEST-2024-01-01-ST_26-04-12_Exports__SCGL_PH0005031_240_20260412-BODS_V1_1.xml,11,2
SW077-None--SCGL-WEST-2024-01-01-ST_26-04-12_Exports__SCGL_PH0005031_240_20260412-BODS_V1_1.xml,12,3
SW077-None--SCGL-WEST-2024-01-01-ST_26-04-12_Exports__SCGL_PH0005031_240_20260412-BODS_V1_1.xml,13,1
SW077-None--SCGL-WEST-2024-01-01-ST_26-04-12_Exports__SCGL_PH0005031_240_20260412-BODS_V1_1.xml,14,1
SW077-None--SCGL-WEST-2024-01-01-ST_26-04-12_Exports__SCGL_PH0005031_240_20260412-BODS_V1_1.xml,15,4
SW077-None--SCGL-WEST-2024-01-01-ST_26-04-12_Exports__SCGL_PH0005031_240_20260412-BODS_V1_1.xml,16,2
SW077-None--SCGL-WEST-2024-01-01-ST_26-04-12_Exports__SCGL_PH0005031_240_20260412-BODS_V1_1.xml,17,2
SW077-None--SCGL-WEST-2024-01-01-ST_26-04-12_Full_Set_Data_Export__SCGL_PH0005031_240_20260526-BODS_V1_1.xml,6,1
SW077-None--SCGL-WEST-2024-01-01-ST_26-04-12_Full_Set_Data_Export__SCGL_PH0005031_240_20260526-BODS_V1_1.xml,7,3
SW077-None--SCGL-WEST-2024-01-01-ST_26-04-12_Full_Set_Data_Export__SCGL_PH0005031_240_20260526-BODS_V1_1.xml,8,2
SW077-None--SCGL-WEST-2024-01-01-ST_26-04-12_Full_Set_Data_Export__SCGL_PH0005031_240_20260526-BODS_V1_1.xml,9,3
SW077-None--SCGL-WEST-2024-01-01-ST_26-04-12_Full_Set_Data_Export__SCGL_PH0005031_240_20260526-BODS_V1_1.xml,11,2
SW077-None--SCGL-WEST-2024-01-01-ST_26-04-12_Full_Set_Data_Export__SCGL_PH0005031_240_20260526-BODS_V1_1.xml,12,3
SW077-None--SCGL-WEST-2024-01-01-ST_26-04-12_Full_Set_Data_Export__SCGL_PH0005031_240_20260526-BODS_V1_1.xml,13,1
SW077-None--SCGL-WEST-2024-01-01-ST_26-04-12_Full_Set_Data_Export__SCGL_PH0005031_240_20260526-BODS_V1_1.xml,14,1
SW077-None--SCGL-WEST-2024-01-01-ST_26-04-12_Full_Set_Data_Export__SCGL_PH0005031_240_20260526-BODS_V1_1.xml,15,1
SW077-None--SCGL-WEST-2024-01-01-ST_26-04-12_Full_Set_Data_Export__SCGL_PH0005031_240_20260526-BODS_V1_1.xml,16,2
SW077-None--SCGL-WEST-2024-01-01-ST_26-04-12_Full_Set_Data_Export__SCGL_PH0005031_240_20260526-BODS_V1_1.xml,17,2
SW077-None--SCGL-WEST-2024-01-01-ST_26-04-12_Full_Set_Data_Export__SCGL_PH0005031_240_20260531-BODS_V1_1.xml,6,1
SW077-None--SCGL-WEST-2024-01-01-ST_26-04-12_Full_Set_Data_Export__SCGL_PH0005031_240_20260531-BODS_V1_1.xml,7,4
SW077-None--SCGL-WEST-2024-01-01-ST_26-04-12_Full_Set_Data_Export__SCGL_PH0005031_240_20260531-BODS_V1_1.xml,8,1
SW077-None--SCGL-WEST-2024-01-01-ST_26-04-12_Full_Set_Data_Export__SCGL_PH0005031_240_20260531-BODS_V1_1.xml,9,3
SW077-None--SCGL-WEST-2024-01-01-ST_26-04-12_Full_Set_Data_Export__SCGL_PH0005031_240_20260531-BODS_V1_1.xml,11,2
SW077-None--SCGL-WEST-2024-01-01-ST_26-04-12_Full_Set_Data_Export__SCGL_PH0005031_240_20260531-BODS_V1_1.xml,12,3
SW077-None--SCGL-WEST-2024-01-01-ST_26-04-12_Full_Set_Data_Export__SCGL_PH0005031_240_20260531-BODS_V1_1.xml,13,1
SW077-None--SCGL-WEST-2024-01-01-ST_26-04-12_Full_Set_Data_Export__SCGL_PH0005031_240_20260531-BODS_V1_1.xml,14,1
SW077-None--SCGL-WEST-2024-01-01-ST_26-04-12_Full_Set_Data_Export__SCGL_PH0005031_240_20260531-BODS_V1_1.xml,15,4
SW077-None--SCGL-WEST-2024-01-01-ST_26-04-12_Full_Set_Data_Export__SCGL_PH0005031_240_20260531-BODS_V1_1.xml,16,2
SW077-None--SCGL-WEST-2024-01-01-ST_26-04-12_Full_Set_Data_Export__SCGL_PH0005031_240_20260531-BODS_V1_1.xml,17,2
SW080A-None--SCGL-WESW-2025-08-31-SW_26-04-12_Exports__SCGL_PH0005031_386_20260413-BODS_V1_1.xml,6,1
SW080A-None--SCGL-WESW-2025-08-31-SW_26-04-12_Full_Set_Exports__SCGL_PH0005031_386_20260526-BODS_V1_1.xml,6,1
SW080A-None--SCGL-WESW-2025-08-31-SW_26-04-12_Full_Set_Exports__SCGL_PH0005031_386_20260531-BODS_V1_1.xml,6,1
SW081-None--SCGL-WESW-2025-08-31-SW_26-04-12_Exports__SCGL_PH0005031_277_20260413-BODS_V1_1.xml,7,2
SW081-None--SCGL-WESW-2025-08-31-SW_26-04-12_Exports__SCGL_PH0005031_277_20260413-BODS_V1_1.xml,8,2
SW081-None--SCGL-WESW-2025-08-31-SW_26-04-12_Exports__SCGL_PH0005031_277_20260413-BODS_V1_1.xml,9,2
SW081-None--SCGL-WESW-2025-08-31-SW_26-04-12_Exports__SCGL_PH0005031_277_20260413-BODS_V1_1.xml,10,3
SW081-None--SCGL-WESW-2025-08-31-SW_26-04-12_Exports__SCGL_PH0005031_277_20260413-BODS_V1_1.xml,12,3
SW081-None--SCGL-WESW-2025-08-31-SW_26-04-12_Exports__SCGL_PH0005031_277_20260413-BODS_V1_1.xml,13,1
SW081-None--SCGL-WESW-2025-08-31-SW_26-04-12_Exports__SCGL_PH0005031_277_20260413-BODS_V1_1.xml,14,2
SW081-None--SCGL-WESW-2025-08-31-SW_26-04-12_Exports__SCGL_PH0005031_277_20260413-BODS_V1_1.xml,15,2
SW081-None--SCGL-WESW-2025-08-31-SW_26-04-12_Full_Set_Exports__SCGL_PH0005031_277_20260526-BODS_V1_1.xml,7,2
SW081-None--SCGL-WESW-2025-08-31-SW_26-04-12_Full_Set_Exports__SCGL_PH0005031_277_20260526-BODS_V1_1.xml,8,2
SW081-None--SCGL-WESW-2025-08-31-SW_26-04-12_Full_Set_Exports__SCGL_PH0005031_277_20260526-BODS_V1_1.xml,9,2
SW081-None--SCGL-WESW-2025-08-31-SW_26-04-12_Full_Set_Exports__SCGL_PH0005031_277_20260526-BODS_V1_1.xml,10,3
SW081-None--SCGL-WESW-2025-08-31-SW_26-04-12_Full_Set_Exports__SCGL_PH0005031_277_20260526-BODS_V1_1.xml,12,3
SW081-None--SCGL-WESW-2025-08-31-SW_26-04-12_Full_Set_Exports__SCGL_PH0005031_277_20260526-BODS_V1_1.xml,13,1
SW081-None--SCGL-WESW-2025-08-31-SW_26-04-12_Full_Set_Exports__SCGL_PH0005031_277_20260526-BODS_V1_1.xml,14,2
SW081-None--SCGL-WESW-2025-08-31-SW_26-04-12_Full_Set_Exports__SCGL_PH0005031_277_20260526-BODS_V1_1.xml,15,2
SW081-None--SCGL-WESW-2025-08-31-SW_26-04-12_Full_Set_Exports__SCGL_PH0005031_277_20260531-BODS_V1_1.xml,7,2
SW081-None--SCGL-WESW-2025-08-31-SW_26-04-12_Full_Set_Exports__SCGL_PH0005031_277_20260531-BODS_V1_1.xml,8,2
SW081-None--SCGL-WESW-2025-08-31-SW_26-04-12_Full_Set_Exports__SCGL_PH0005031_277_20260531-BODS_V1_1.xml,9,2
SW081-None--SCGL-WESW-2025-08-31-SW_26-04-12_Full_Set_Exports__SCGL_PH0005031_277_20260531-BODS_V1_1.xml,10,3
SW081-None--SCGL-WESW-2025-08-31-SW_26-04-12_Full_Set_Exports__SCGL_PH0005031_277_20260531-BODS_V1_1.xml,12,3
SW081-None--SCGL-WESW-2025-08-31-SW_26-04-12_Full_Set_Exports__SCGL_PH0005031_277_20260531-BODS_V1_1.xml,13,1
SW081-None--SCGL-WESW-2025-08-31-SW_26-04-12_Full_Set_Exports__SCGL_PH0005031_277_20260531-BODS_V1_1.xml,14,2
SW081-None--SCGL-WESW-2025-08-31-SW_26-04-12_Full_Set_Exports__SCGL_PH0005031_277_20260531-BODS_V1_1.xml,15,2
SW4-None--SCGL-WESW-2025-08-31-SW_26-04-12_Exports__SCGL_PH0005031_409_20260413-BODS_V1_1.xml,6,3
SW4-None--SCGL-WESW-2025-08-31-SW_26-04-12_Exports__SCGL_PH0005031_409_20260413-BODS_V1_1.xml,7,8
SW4-None--SCGL-WESW-2025-08-31-SW_26-04-12_Exports__SCGL_PH0005031_409_20260413-BODS_V1_1.xml,8,10
SW4-None--SCGL-WESW-2025-08-31-SW_26-04-12_Exports__SCGL_PH0005031_409_20260413-BODS_V1_1.xml,9,12
SW4-None--SCGL-WESW-2025-08-31-SW_26-04-12_Exports__SCGL_PH0005031_409_20260413-BODS_V1_1.xml,10,13
SW4-None--SCGL-WESW-2025-08-31-SW_26-04-12_Exports__SCGL_PH0005031_409_20260413-BODS_V1_1.xml,11,14
SW4-None--SCGL-WESW-2025-08-31-SW_26-04-12_Exports__SCGL_PH0005031_409_20260413-BODS_V1_1.xml,12,13
SW4-None--SCGL-WESW-2025-08-31-SW_26-04-12_Exports__SCGL_PH0005031_409_20260413-BODS_V1_1.xml,13,12
SW4-None--SCGL-WESW-2025-08-31-SW_26-04-12_Exports__SCGL_PH0005031_409_20260413-BODS_V1_1.xml,14,13
SW4-None--SCGL-WESW-2025-08-31-SW_26-04-12_Exports__SCGL_PH0005031_409_20260413-BODS_V1_1.xml,15,16
SW4-None--SCGL-WESW-2025-08-31-SW_26-04-12_Exports__SCGL_PH0005031_409_20260413-BODS_V1_1.xml,16,16
SW4-None--SCGL-WESW-2025-08-31-SW_26-04-12_Exports__SCGL_PH0005031_409_20260413-BODS_V1_1.xml,17,12
SW4-None--SCGL-WESW-2025-08-31-SW_26-04-12_Exports__SCGL_PH0005031_409_20260413-BODS_V1_1.xml,18,10
SW4-None--SCGL-WESW-2025-08-31-SW_26-04-12_Exports__SCGL_PH0005031_409_20260413-BODS_V1_1.xml,19,10
SW4-None--SCGL-WESW-2025-08-31-SW_26-04-12_Exports__SCGL_PH0005031_409_20260413-BODS_V1_1.xml,20,9
SW4-None--SCGL-WESW-2025-08-31-SW_26-04-12_Exports__SCGL_PH0005031_409_20260413-BODS_V1_1.xml,21,6
SW4-None--SCGL-WESW-2025-08-31-SW_26-04-12_Exports__SCGL_PH0005031_409_20260413-BODS_V1_1.xml,22,3
SW4-None--SCGL-WESW-2025-08-31-SW_26-04-12_Exports__SCGL_PH0005031_409_20260413-BODS_V1_1.xml,23,1
SW4-None--SCGL-WESW-2025-08-31-SW_26-04-12_Full_Set_Exports__SCGL_PH0005031_409_20260526-BODS_V1_1.xml,6,3
SW4-None--SCGL-WESW-2025-08-31-SW_26-04-12_Full_Set_Exports__SCGL_PH0005031_409_20260526-BODS_V1_1.xml,7,8
SW4-None--SCGL-WESW-2025-08-31-SW_26-04-12_Full_Set_Exports__SCGL_PH0005031_409_20260526-BODS_V1_1.xml,8,10
SW4-None--SCGL-WESW-2025-08-31-SW_26-04-12_Full_Set_Exports__SCGL_PH0005031_409_20260526-BODS_V1_1.xml,9,14
SW4-None--SCGL-WESW-2025-08-31-SW_26-04-12_Full_Set_Exports__SCGL_PH0005031_409_20260526-BODS_V1_1.xml,10,17
SW4-None--SCGL-WESW-2025-08-31-SW_26-04-12_Full_Set_Exports__SCGL_PH0005031_409_20260526-BODS_V1_1.xml,11,18
SW4-None--SCGL-WESW-2025-08-31-SW_26-04-12_Full_Set_Exports__SCGL_PH0005031_409_20260526-BODS_V1_1.xml,12,17
SW4-None--SCGL-WESW-2025-08-31-SW_26-04-12_Full_Set_Exports__SCGL_PH0005031_409_20260526-BODS_V1_1.xml,13,16
SW4-None--SCGL-WESW-2025-08-31-SW_26-04-12_Full_Set_Exports__SCGL_PH0005031_409_20260526-BODS_V1_1.xml,14,17
SW4-None--SCGL-WESW-2025-08-31-SW_26-04-12_Full_Set_Exports__SCGL_PH0005031_409_20260526-BODS_V1_1.xml,15,20
SW4-None--SCGL-WESW-2025-08-31-SW_26-04-12_Full_Set_Exports__SCGL_PH0005031_409_20260526-BODS_V1_1.xml,16,20
SW4-None--SCGL-WESW-2025-08-31-SW_26-04-12_Full_Set_Exports__SCGL_PH0005031_409_20260526-BODS_V1_1.xml,17,14
SW4-None--SCGL-WESW-2025-08-31-SW_26-04-12_Full_Set_Exports__SCGL_PH0005031_409_20260526-BODS_V1_1.xml,18,12
SW4-None--SCGL-WESW-2025-08-31-SW_26-04-12_Full_Set_Exports__SCGL_PH0005031_409_20260526-BODS_V1_1.xml,19,12
SW4-None--SCGL-WESW-2025-08-31-SW_26-04-12_Full_Set_Exports__SCGL_PH0005031_409_20260526-BODS_V1_1.xml,20,11
SW4-None--SCGL-WESW-2025-08-31-SW_26-04-12_Full_Set_Exports__SCGL_PH0005031_409_20260526-BODS_V1_1.xml,21,6
SW4-None--SCGL-WESW-2025-08-31-SW_26-04-12_Full_Set_Exports__SCGL_PH0005031_409_20260526-BODS_V1_1.xml,22,3
SW4-None--SCGL-WESW-2025-08-31-SW_26-04-12_Full_Set_Exports__SCGL_PH0005031_409_20260526-BODS_V1_1.xml,23,1
SW4-None--SCGL-WESW-2025-08-31-SW_26-04-12_Full_Set_Exports__SCGL_PH0005031_409_20260531-BODS_V1_1.xml,6,3
SW4-None--SCGL-WESW-2025-08-31-SW_26-04-12_Full_Set_Exports__SCGL_PH0005031_409_20260531-BODS_V1_1.xml,7,8
SW4-None--SCGL-WESW-2025-08-31-SW_26-04-12_Full_Set_Exports__SCGL_PH0005031_409_20260531-BODS_V1_1.xml,8,10
SW4-None--SCGL-WESW-2025-08-31-SW_26-04-12_Full_Set_Exports__SCGL_PH0005031_409_20260531-BODS_V1_1.xml,9,12
SW4-None--SCGL-WESW-2025-08-31-SW_26-04-12_Full_Set_Exports__SCGL_PH0005031_409_20260531-BODS_V1_1.xml,10,13
SW4-None--SCGL-WESW-2025-08-31-SW_26-04-12_Full_Set_Exports__SCGL_PH0005031_409_20260531-BODS_V1_1.xml,11,14
SW4-None--SCGL-WESW-2025-08-31-SW_26-04-12_Full_Set_Exports__SCGL_PH0005031_409_20260531-BODS_V1_1.xml,12,13
SW4-None--SCGL-WESW-2025-08-31-SW_26-04-12_Full_Set_Exports__SCGL_PH0005031_409_20260531-BODS_V1_1.xml,13,12
SW4-None--SCGL-WESW-2025-08-31-SW_26-04-12_Full_Set_Exports__SCGL_PH0005031_409_20260531-BODS_V1_1.xml,14,13
SW4-None--SCGL-WESW-2025-08-31-SW_26-04-12_Full_Set_Exports__SCGL_PH0005031_409_20260531-BODS_V1_1.xml,15,16
SW4-None--SCGL-WESW-2025-08-31-SW_26-04-12_Full_Set_Exports__SCGL_PH0005031_409_20260531-BODS_V1_1.xml,16,16
SW4-None--SCGL-WESW-2025-08-31-SW_26-04-12_Full_Set_Exports__SCGL_PH0005031_409_20260531-BODS_V1_1.xml,17,12
SW4-None--SCGL-WESW-2025-08-31-SW_26-04-12_Full_Set_Exports__SCGL_PH0005031_409_20260531-BODS_V1_1.xml,18,10
SW4-None--SCGL-WESW-2025-08-31-SW_26-04-12_Full_Set_Exports__SCGL_PH0005031_409_20260531-BODS_V1_1.xml,19,10
SW4-None--SCGL-WESW-2025-08-31-SW_26-04-12_Full_Set_Exports__SCGL_PH0005031_409_20260531-BODS_V1_1.xml,20,9
SW4-None--SCGL-WESW-2025-08-31-SW_26-04-12_Full_Set_Exports__SCGL_PH0005031_409_20260531-BODS_V1_1.xml,21,6
SW4-None--SCGL-WESW-2025-08-31-SW_26-04-12_Full_Set_Exports__SCGL_PH0005031_409_20260531-BODS_V1_1.xml,22,3
SW4-None--SCGL-WESW-2025-08-31-SW_26-04-12_Full_Set_Exports__SCGL_PH0005031_409_20260531-BODS_V1_1.xml,23,1
SW78-None--SCGL-WEST-2024-01-01-ST_26-04-12_Exports__SCGL_PH0005031_360_20260412-BODS_V1_1.xml,9,1
SW78-None--SCGL-WEST-2024-01-01-ST_26-04-12_Exports__SCGL_PH0005031_360_20260412-BODS_V1_1.xml,12,1
SW78-None--SCGL-WEST-2024-01-01-ST_26-04-12_Full_Set_Data_Exports__SCGL_PH0005031_360_20260526-BODS_V1_1.xml,9,1
SW78-None--SCGL-WEST-2024-01-01-ST_26-04-12_Full_Set_Data_Exports__SCGL_PH0005031_360_20260526-BODS_V1_1.xml,12,1
SW78-None--SCGL-WEST-2024-01-01-ST_26-04-12_Full_Set_Data_Exports__SCGL_PH0005031_360_20260531-BODS_V1_1.xml,9,1
SW78-None--SCGL-WEST-2024-01-01-ST_26-04-12_Full_Set_Data_Exports__SCGL_PH0005031_360_20260531-BODS_V1_1.xml,12,1
SW8-None--SCGL-WESW-2025-08-31-SW_26-04-12_Exports__SCGL_PH0005031_407_20260413-BODS_V1_1.xml,6,2
SW8-None--SCGL-WESW-2025-08-31-SW_26-04-12_Exports__SCGL_PH0005031_407_20260413-BODS_V1_1.xml,7,6
SW8-None--SCGL-WESW-2025-08-31-SW_26-04-12_Exports__SCGL_PH0005031_407_20260413-BODS_V1_1.xml,8,9
SW8-None--SCGL-WESW-2025-08-31-SW_26-04-12_Exports__SCGL_PH0005031_407_20260413-BODS_V1_1.xml,9,9
SW8-None--SCGL-WESW-2025-08-31-SW_26-04-12_Exports__SCGL_PH0005031_407_20260413-BODS_V1_1.xml,10,10
SW8-None--SCGL-WESW-2025-08-31-SW_26-04-12_Exports__SCGL_PH0005031_407_20260413-BODS_V1_1.xml,11,10
SW8-None--SCGL-WESW-2025-08-31-SW_26-04-12_Exports__SCGL_PH0005031_407_20260413-BODS_V1_1.xml,12,10
SW8-None--SCGL-WESW-2025-08-31-SW_26-04-12_Exports__SCGL_PH0005031_407_20260413-BODS_V1_1.xml,13,10
SW8-None--SCGL-WESW-2025-08-31-SW_26-04-12_Exports__SCGL_PH0005031_407_20260413-BODS_V1_1.xml,14,10
SW8-None--SCGL-WESW-2025-08-31-SW_26-04-12_Exports__SCGL_PH0005031_407_20260413-BODS_V1_1.xml,15,10
SW8-None--SCGL-WESW-2025-08-31-SW_26-04-12_Exports__SCGL_PH0005031_407_20260413-BODS_V1_1.xml,16,9
SW8-None--SCGL-WESW-2025-08-31-SW_26-04-12_Exports__SCGL_PH0005031_407_20260413-BODS_V1_1.xml,17,8
SW8-None--SCGL-WESW-2025-08-31-SW_26-04-12_Exports__SCGL_PH0005031_407_20260413-BODS_V1_1.xml,18,6
SW8-None--SCGL-WESW-2025-08-31-SW_26-04-12_Exports__SCGL_PH0005031_407_20260413-BODS_V1_1.xml,19,4
SW8-None--SCGL-WESW-2025-08-31-SW_26-04-12_Exports__SCGL_PH0005031_407_20260413-BODS_V1_1.xml,20,4
SW8-None--SCGL-WESW-2025-08-31-SW_26-04-12_Full_Set_Exports__SCGL_PH0005031_407_20260526-BODS_V1_1.xml,6,2
SW8-None--SCGL-WESW-2025-08-31-SW_26-04-12_Full_Set_Exports__SCGL_PH0005031_407_20260526-BODS_V1_1.xml,7,6
SW8-None--SCGL-WESW-2025-08-31-SW_26-04-12_Full_Set_Exports__SCGL_PH0005031_407_20260526-BODS_V1_1.xml,8,10
SW8-None--SCGL-WESW-2025-08-31-SW_26-04-12_Full_Set_Exports__SCGL_PH0005031_407_20260526-BODS_V1_1.xml,9,10
SW8-None--SCGL-WESW-2025-08-31-SW_26-04-12_Full_Set_Exports__SCGL_PH0005031_407_20260526-BODS_V1_1.xml,10,11
SW8-None--SCGL-WESW-2025-08-31-SW_26-04-12_Full_Set_Exports__SCGL_PH0005031_407_20260526-BODS_V1_1.xml,11,11
SW8-None--SCGL-WESW-2025-08-31-SW_26-04-12_Full_Set_Exports__SCGL_PH0005031_407_20260526-BODS_V1_1.xml,12,11
SW8-None--SCGL-WESW-2025-08-31-SW_26-04-12_Full_Set_Exports__SCGL_PH0005031_407_20260526-BODS_V1_1.xml,13,11
SW8-None--SCGL-WESW-2025-08-31-SW_26-04-12_Full_Set_Exports__SCGL_PH0005031_407_20260526-BODS_V1_1.xml,14,11
SW8-None--SCGL-WESW-2025-08-31-SW_26-04-12_Full_Set_Exports__SCGL_PH0005031_407_20260526-BODS_V1_1.xml,15,11
SW8-None--SCGL-WESW-2025-08-31-SW_26-04-12_Full_Set_Exports__SCGL_PH0005031_407_20260526-BODS_V1_1.xml,16,11
SW8-None--SCGL-WESW-2025-08-31-SW_26-04-12_Full_Set_Exports__SCGL_PH0005031_407_20260526-BODS_V1_1.xml,17,10
SW8-None--SCGL-WESW-2025-08-31-SW_26-04-12_Full_Set_Exports__SCGL_PH0005031_407_20260526-BODS_V1_1.xml,18,8
SW8-None--SCGL-WESW-2025-08-31-SW_26-04-12_Full_Set_Exports__SCGL_PH0005031_407_20260526-BODS_V1_1.xml,19,4
SW8-None--SCGL-WESW-2025-08-31-SW_26-04-12_Full_Set_Exports__SCGL_PH0005031_407_20260526-BODS_V1_1.xml,20,4
SW8-None--SCGL-WESW-2025-08-31-SW_26-04-12_Full_Set_Exports__SCGL_PH0005031_407_20260531-BODS_V1_1.xml,6,2
SW8-None--SCGL-WESW-2025-08-31-SW_26-04-12_Full_Set_Exports__SCGL_PH0005031_407_20260531-BODS_V1_1.xml,7,6
SW8-None--SCGL-WESW-2025-08-31-SW_26-04-12_Full_Set_Exports__SCGL_PH0005031_407_20260531-BODS_V1_1.xml,8,9
SW8-None--SCGL-WESW-2025-08-31-SW_26-04-12_Full_Set_Exports__SCGL_PH0005031_407_20260531-BODS_V1_1.xml,9,9
SW8-None--SCGL-WESW-2025-08-31-SW_26-04-12_Full_Set_Exports__SCGL_PH0005031_407_20260531-BODS_V1_1.xml,10,10
SW8-None--SCGL-WESW-2025-08-31-SW_26-04-12_Full_Set_Exports__SCGL_PH0005031_407_20260531-BODS_V1_1.xml,11,10
SW8-None--SCGL-WESW-2025-08-31-SW_26-04-12_Full_Set_Exports__SCGL_PH0005031_407_20260531-BODS_V1_1.xml,12,10
SW8-None--SCGL-WESW-2025-08-31-SW_26-04-12_Full_Set_Exports__SCGL_PH0005031_407_20260531-BODS_V1_1.xml,13,10
SW8-None--SCGL-WESW-2025-08-31-SW_26-04-12_Full_Set_Exports__SCGL_PH0005031_407_20260531-BODS_V1_1.xml,14,10
SW8-None--SCGL-WESW-2025-08-31-SW_26-04-12_Full_Set_Exports__SCGL_PH0005031_407_20260531-BODS_V1_1.xml,15,10
SW8-None--SCGL-WESW-2025-08-31-SW_26-04-12_Full_Set_Exports__SCGL_PH0005031_407_20260531-BODS_V1_1.xml,16,9
SW8-None--SCGL-WESW-2025-08-31-SW_26-04-12_Full_Set_Exports__SCGL_PH0005031_407_20260531-BODS_V1_1.xml,17,8
SW8-None--SCGL-WESW-2025-08-31-SW_26-04-12_Full_Set_Exports__SCGL_PH0005031_407_20260531-BODS_V1_1.xml,18,6
SW8-None--SCGL-WESW-2025-08-31-SW_26-04-12_Full_Set_Exports__SCGL_PH0005031_407_20260531-BODS_V1_1.xml,19,4
SW8-None--SCGL-WESW-2025-08-31-SW_26-04-12_Full_Set_Exports__SCGL_PH0005031_407_20260531-BODS_V1_1.xml,20,4
SW807-None--SCGL-WESW-2025-08-31-SW_26-04-12_Exports__SCGL_PH0005031_275_20260413-BODS_V1_1.xml,8,1
SW807-None--SCGL-WESW-2025-08-31-SW_26-04-12_Exports__SCGL_PH0005031_275_20260413-BODS_V1_1.xml,15,1
SW807-None--SCGL-WESW-2025-08-31-SW_26-04-12_Full_Set_Exports__SCGL_PH0005031_275_20260531-BODS_V1_1.xml,8,1
SW807-None--SCGL-WESW-2025-08-31-SW_26-04-12_Full_Set_Exports__SCGL_PH0005031_275_20260531-BODS_V1_1.xml,15,1
SW82-None--SCGL-WESW-2025-08-31-SW_26-04-12_Exports__SCGL_PH0005031_355_20260413-BODS_V1_1.xml,6,3
SW82-None--SCGL-WESW-2025-08-31-SW_26-04-12_Exports__SCGL_PH0005031_355_20260413-BODS_V1_1.xml,8,2
SW82-None--SCGL-WESW-2025-08-31-SW_26-04-12_Exports__SCGL_PH0005031_355_20260413-BODS_V1_1.xml,15,2
SW82-None--SCGL-WESW-2025-08-31-SW_26-04-12_Exports__SCGL_PH0005031_355_20260413-BODS_V1_1.xml,16,1
SW82-None--SCGL-WESW-2025-08-31-SW_26-04-12_Exports__SCGL_PH0005031_355_20260413-BODS_V1_1.xml,17,2
SW82-None--SCGL-WESW-2025-08-31-SW_26-04-12_Exports__SCGL_PH0005031_355_20260413-BODS_V1_1.xml,18,1
SW82-None--SCGL-WESW-2025-08-31-SW_26-04-12_Full_Set_Exports__SCGL_PH0005031_355_20260526-BODS_V1_1.xml,6,3
SW82-None--SCGL-WESW-2025-08-31-SW_26-04-12_Full_Set_Exports__SCGL_PH0005031_355_20260526-BODS_V1_1.xml,8,2
SW82-None--SCGL-WESW-2025-08-31-SW_26-04-12_Full_Set_Exports__SCGL_PH0005031_355_20260526-BODS_V1_1.xml,15,2
SW82-None--SCGL-WESW-2025-08-31-SW_26-04-12_Full_Set_Exports__SCGL_PH0005031_355_20260526-BODS_V1_1.xml,16,1
SW82-None--SCGL-WESW-2025-08-31-SW_26-04-12_Full_Set_Exports__SCGL_PH0005031_355_20260526-BODS_V1_1.xml,17,2
SW82-None--SCGL-WESW-2025-08-31-SW_26-04-12_Full_Set_Exports__SCGL_PH0005031_355_20260526-BODS_V1_1.xml,18,1
SW82-None--SCGL-WESW-2025-08-31-SW_26-04-12_Full_Set_Exports__SCGL_PH0005031_355_20260531-BODS_V1_1.xml,6,3
SW82-None--SCGL-WESW-2025-08-31-SW_26-04-12_Full_Set_Exports__SCGL_PH0005031_355_20260531-BODS_V1_1.xml,8,2
SW82-None--SCGL-WESW-2025-08-31-SW_26-04-12_Full_Set_Exports__SCGL_PH0005031_355_20260531-BODS_V1_1.xml,15,2
SW82-None--SCGL-WESW-2025-08-31-SW_26-04-12_Full_Set_Exports__SCGL_PH0005031_355_20260531-BODS_V1_1.xml,16,1
SW82-None--SCGL-WESW-2025-08-31-SW_26-04-12_Full_Set_Exports__SCGL_PH0005031_355_20260531-BODS_V1_1.xml,17,2
SW82-None--SCGL-WESW-2025-08-31-SW_26-04-12_Full_Set_Exports__SCGL_PH0005031_355_20260531-BODS_V1_1.xml,18,1
Tour-None--SCNH-Leamington-2024-10-07-LS260502__SCNH_PD0000479_443_20260509-BODS_V1_1.xml,9,3
Tour-None--SCNH-Leamington-2024-10-07-LS260502__SCNH_PD0000479_443_20260509-BODS_V1_1.xml,10,6
Tour-None--SCNH-Leamington-2024-10-07-LS260502__SCNH_PD0000479_443_20260509-BODS_V1_1.xml,11,6
Tour-None--SCNH-Leamington-2024-10-07-LS260502__SCNH_PD0000479_443_20260509-BODS_V1_1.xml,12,6
Tour-None--SCNH-Leamington-2024-10-07-LS260502__SCNH_PD0000479_443_20260509-BODS_V1_1.xml,13,6
Tour-None--SCNH-Leamington-2024-10-07-LS260502__SCNH_PD0000479_443_20260509-BODS_V1_1.xml,14,6
Tour-None--SCNH-Leamington-2024-10-07-LS260502__SCNH_PD0000479_443_20260509-BODS_V1_1.xml,15,6
Tour-None--SCNH-Leamington-2024-10-07-LS260502__SCNH_PD0000479_443_20260509-BODS_V1_1.xml,16,6
Tour-None--SCNH-Leamington-2024-10-07-LS260502__SCNH_PD0000479_443_20260509-BODS_V1_1.xml,17,3
Tour-None--SCNH-Leamington_-2024-10-07-LS260425_-_final_Bods__SCNH_PD0000479_443_20260502-BODS_V1_1.xml,9,3
Tour-None--SCNH-Leamington_-2024-10-07-LS260425_-_final_Bods__SCNH_PD0000479_443_20260502-BODS_V1_1.xml,10,6
Tour-None--SCNH-Leamington_-2024-10-07-LS260425_-_final_Bods__SCNH_PD0000479_443_20260502-BODS_V1_1.xml,11,6
Tour-None--SCNH-Leamington_-2024-10-07-LS260425_-_final_Bods__SCNH_PD0000479_443_20260502-BODS_V1_1.xml,12,6
Tour-None--SCNH-Leamington_-2024-10-07-LS260425_-_final_Bods__SCNH_PD0000479_443_20260502-BODS_V1_1.xml,13,6
Tour-None--SCNH-Leamington_-2024-10-07-LS260425_-_final_Bods__SCNH_PD0000479_443_20260502-BODS_V1_1.xml,14,6
Tour-None--SCNH-Leamington_-2024-10-07-LS260425_-_final_Bods__SCNH_PD0000479_443_20260502-BODS_V1_1.xml,15,6
Tour-None--SCNH-Leamington_-2024-10-07-LS260425_-_final_Bods__SCNH_PD0000479_443_20260502-BODS_V1_1.xml,16,6
Tour-None--SCNH-Leamington_-2024-10-07-LS260425_-_final_Bods__SCNH_PD0000479_443_20260502-BODS_V1_1.xml,17,3
UTC83-None--SCNH-Northampton_-2024-11-25-SCHEDULE_-_NN260503_v4_b__SCNH_PF1118394_26_20260503-BODS_V1_1.xml,7,1
UTC83-None--SCNH-Northampton_-2024-11-25-SCHEDULE_-_NN260503_v4_b__SCNH_PF1118394_26_20260503-BODS_V1_1.xml,16,1
W8-None--SCNH-Kettering-2024-01-21-KTCO260412_New_Fixed_Driver_pr__SCNH_PF1118394_198_20260412-BODS_V1_1.xml,7,1
W8-None--SCNH-Kettering-2024-01-21-KTCO260412_New_Fixed_Driver_pr__SCNH_PF1118394_198_20260412-BODS_V1_1.xml,8,1
W8-None--SCNH-Kettering-2024-01-21-KTCO260412_New_Fixed_Driver_pr__SCNH_PF1118394_198_20260412-BODS_V1_1.xml,14,1
W8-None--SCNH-Kettering-2024-01-21-KTCO260412_New_Fixed_Driver_pr__SCNH_PF1118394_198_20260412-BODS_V1_1.xml,15,1
W8-None--SCNH-Kettering-2024-01-21-KTCO260412_New_Fixed_Driver_pr__SCNH_PF1118394_198_20260412-BODS_V1_1.xml,17,1
WF-None--SCGL-WECH-2025-08-31-CH_Wychwood_Festival__SCGL_PH0005031_414_20260529-BODS_V1_1.xml,9,6
WF-None--SCGL-WECH-2025-08-31-CH_Wychwood_Festival__SCGL_PH0005031_414_20260529-BODS_V1_1.xml,10,12
WF-None--SCGL-WECH-2025-08-31-CH_Wychwood_Festival__SCGL_PH0005031_414_20260529-BODS_V1_1.xml,11,12
WF-None--SCGL-WECH-2025-08-31-CH_Wychwood_Festival__SCGL_PH0005031_414_20260529-BODS_V1_1.xml,12,12
WF-None--SCGL-WECH-2025-08-31-CH_Wychwood_Festival__SCGL_PH0005031_414_20260529-BODS_V1_1.xml,13,12
WF-None--SCGL-WECH-2025-08-31-CH_Wychwood_Festival__SCGL_PH0005031_414_20260529-BODS_V1_1.xml,14,12
WF-None--SCGL-WECH-2025-08-31-CH_Wychwood_Festival__SCGL_PH0005031_414_20260529-BODS_V1_1.xml,15,12
WF-None--SCGL-WECH-2025-08-31-CH_Wychwood_Festival__SCGL_PH0005031_414_20260529-BODS_V1_1.xml,16,12
WF-None--SCGL-WECH-2025-08-31-CH_Wychwood_Festival__SCGL_PH0005031_414_20260529-BODS_V1_1.xml,17,12
WF-None--SCGL-WECH-2025-08-31-CH_Wychwood_Festival__SCGL_PH0005031_414_20260529-BODS_V1_1.xml,18,12
WF-None--SCGL-WECH-2025-08-31-CH_Wychwood_Festival__SCGL_PH0005031_414_20260529-BODS_V1_1.xml,19,12
WF-None--SCGL-WECH-2025-08-31-CH_Wychwood_Festival__SCGL_PH0005031_414_20260529-BODS_V1_1.xml,20,12
WF-None--SCGL-WECH-2025-08-31-CH_Wychwood_Festival__SCGL_PH0005031_414_20260529-BODS_V1_1.xml,21,12
WF-None--SCGL-WECH-2025-08-31-CH_Wychwood_Festival__SCGL_PH0005031_414_20260529-BODS_V1_1.xml,22,12
WF-None--SCGL-WECH-2025-08-31-CH_Wychwood_Festival__SCGL_PH0005031_414_20260529-BODS_V1_1.xml,23,6
X1-None--SSWL-WACW-2026-03-29-Cwmbran260329_Roster_New_Protocols__SSWL_PG0006630_378_20260413-BODS_V1_1.xml,17,2
X1-None--SSWL-WACW-2026-03-29-Cwmbran260329_Roster_New_Protocols__SSWL_PG0006630_378_20260413-BODS_V1_1.xml,18,4
X1-None--SSWL-WACW-2026-03-29-Cwmbran260329_Roster_New_Protocols__SSWL_PG0006630_378_20260413-BODS_V1_1.xml,19,4
X1-None--SSWL-WACW-2026-03-29-Cwmbran260329_Roster_New_Protocols__SSWL_PG0006630_378_20260413-BODS_V1_1.xml,20,4
X18A_X18-None--SCNH-Leamington-2024-10-07-LS260502__SCNH_PD0000479_303_20260509-BODS_V1_1.xml,6,8
X18A_X18-None--SCNH-Leamington-2024-10-07-LS260502__SCNH_PD0000479_303_20260509-BODS_V1_1.xml,7,21
X18A_X18-None--SCNH-Leamington-2024-10-07-LS260502__SCNH_PD0000479_303_20260509-BODS_V1_1.xml,8,11
X18A_X18-None--SCNH-Leamington-2024-10-07-LS260502__SCNH_PD0000479_303_20260509-BODS_V1_1.xml,9,12
X18A_X18-None--SCNH-Leamington-2024-10-07-LS260502__SCNH_PD0000479_303_20260509-BODS_V1_1.xml,10,15
X18A_X18-None--SCNH-Leamington-2024-10-07-LS260502__SCNH_PD0000479_303_20260509-BODS_V1_1.xml,11,13
X18A_X18-None--SCNH-Leamington-2024-10-07-LS260502__SCNH_PD0000479_303_20260509-BODS_V1_1.xml,12,15
X18A_X18-None--SCNH-Leamington-2024-10-07-LS260502__SCNH_PD0000479_303_20260509-BODS_V1_1.xml,13,13
X18A_X18-None--SCNH-Leamington-2024-10-07-LS260502__SCNH_PD0000479_303_20260509-BODS_V1_1.xml,14,15
X18A_X18-None--SCNH-Leamington-2024-10-07-LS260502__SCNH_PD0000479_303_20260509-BODS_V1_1.xml,15,13
X18A_X18-None--SCNH-Leamington-2024-10-07-LS260502__SCNH_PD0000479_303_20260509-BODS_V1_1.xml,16,15
X18A_X18-None--SCNH-Leamington-2024-10-07-LS260502__SCNH_PD0000479_303_20260509-BODS_V1_1.xml,17,15
X18A_X18-None--SCNH-Leamington-2024-10-07-LS260502__SCNH_PD0000479_303_20260509-BODS_V1_1.xml,18,15
X18A_X18-None--SCNH-Leamington-2024-10-07-LS260502__SCNH_PD0000479_303_20260509-BODS_V1_1.xml,19,8
X18A_X18-None--SCNH-Leamington-2024-10-07-LS260502__SCNH_PD0000479_303_20260509-BODS_V1_1.xml,20,9
X18A_X18-None--SCNH-Leamington-2024-10-07-LS260502__SCNH_PD0000479_303_20260509-BODS_V1_1.xml,21,3
X18A_X18-None--SCNH-Leamington-2024-10-07-LS260502__SCNH_PD0000479_303_20260509-BODS_V1_1.xml,22,3
X18A_X18-None--SCNH-Leamington-2024-10-07-LS260502__SCNH_PD0000479_303_20260509-BODS_V1_1.xml,23,3
X18A_X18-None--SCNH-Leamington_-2024-10-07-LS260425_-_final_Bods__SCNH_PD0000479_303_20260502-BODS_V1_1.xml,6,8
X18A_X18-None--SCNH-Leamington_-2024-10-07-LS260425_-_final_Bods__SCNH_PD0000479_303_20260502-BODS_V1_1.xml,7,21
X18A_X18-None--SCNH-Leamington_-2024-10-07-LS260425_-_final_Bods__SCNH_PD0000479_303_20260502-BODS_V1_1.xml,8,11
X18A_X18-None--SCNH-Leamington_-2024-10-07-LS260425_-_final_Bods__SCNH_PD0000479_303_20260502-BODS_V1_1.xml,9,12
X18A_X18-None--SCNH-Leamington_-2024-10-07-LS260425_-_final_Bods__SCNH_PD0000479_303_20260502-BODS_V1_1.xml,10,15
X18A_X18-None--SCNH-Leamington_-2024-10-07-LS260425_-_final_Bods__SCNH_PD0000479_303_20260502-BODS_V1_1.xml,11,13
X18A_X18-None--SCNH-Leamington_-2024-10-07-LS260425_-_final_Bods__SCNH_PD0000479_303_20260502-BODS_V1_1.xml,12,15
X18A_X18-None--SCNH-Leamington_-2024-10-07-LS260425_-_final_Bods__SCNH_PD0000479_303_20260502-BODS_V1_1.xml,13,13
X18A_X18-None--SCNH-Leamington_-2024-10-07-LS260425_-_final_Bods__SCNH_PD0000479_303_20260502-BODS_V1_1.xml,14,15
X18A_X18-None--SCNH-Leamington_-2024-10-07-LS260425_-_final_Bods__SCNH_PD0000479_303_20260502-BODS_V1_1.xml,15,13
X18A_X18-None--SCNH-Leamington_-2024-10-07-LS260425_-_final_Bods__SCNH_PD0000479_303_20260502-BODS_V1_1.xml,16,15
X18A_X18-None--SCNH-Leamington_-2024-10-07-LS260425_-_final_Bods__SCNH_PD0000479_303_20260502-BODS_V1_1.xml,17,15
X18A_X18-None--SCNH-Leamington_-2024-10-07-LS260425_-_final_Bods__SCNH_PD0000479_303_20260502-BODS_V1_1.xml,18,15
X18A_X18-None--SCNH-Leamington_-2024-10-07-LS260425_-_final_Bods__SCNH_PD0000479_303_20260502-BODS_V1_1.xml,19,8
X18A_X18-None--SCNH-Leamington_-2024-10-07-LS260425_-_final_Bods__SCNH_PD0000479_303_20260502-BODS_V1_1.xml,20,9
X18A_X18-None--SCNH-Leamington_-2024-10-07-LS260425_-_final_Bods__SCNH_PD0000479_303_20260502-BODS_V1_1.xml,21,3
X18A_X18-None--SCNH-Leamington_-2024-10-07-LS260425_-_final_Bods__SCNH_PD0000479_303_20260502-BODS_V1_1.xml,22,3
X18A_X18-None--SCNH-Leamington_-2024-10-07-LS260425_-_final_Bods__SCNH_PD0000479_303_20260502-BODS_V1_1.xml,23,3
X18B-None--SCNH-Leamington-2024-10-07-LS260502__SCNH_PD0000479_304_20260509-BODS_V1_1.xml,5,2
X18B-None--SCNH-Leamington-2024-10-07-LS260502__SCNH_PD0000479_304_20260509-BODS_V1_1.xml,6,4
X18B-None--SCNH-Leamington-2024-10-07-LS260502__SCNH_PD0000479_304_20260509-BODS_V1_1.xml,7,4
X18B-None--SCNH-Leamington-2024-10-07-LS260502__SCNH_PD0000479_304_20260509-BODS_V1_1.xml,8,6
X18B-None--SCNH-Leamington-2024-10-07-LS260502__SCNH_PD0000479_304_20260509-BODS_V1_1.xml,9,9
X18B-None--SCNH-Leamington-2024-10-07-LS260502__SCNH_PD0000479_304_20260509-BODS_V1_1.xml,10,6
X18B-None--SCNH-Leamington-2024-10-07-LS260502__SCNH_PD0000479_304_20260509-BODS_V1_1.xml,11,6
X18B-None--SCNH-Leamington-2024-10-07-LS260502__SCNH_PD0000479_304_20260509-BODS_V1_1.xml,12,6
X18B-None--SCNH-Leamington-2024-10-07-LS260502__SCNH_PD0000479_304_20260509-BODS_V1_1.xml,13,7
X18B-None--SCNH-Leamington-2024-10-07-LS260502__SCNH_PD0000479_304_20260509-BODS_V1_1.xml,14,6
X18B-None--SCNH-Leamington-2024-10-07-LS260502__SCNH_PD0000479_304_20260509-BODS_V1_1.xml,15,4
X18B-None--SCNH-Leamington-2024-10-07-LS260502__SCNH_PD0000479_304_20260509-BODS_V1_1.xml,16,5
X18B-None--SCNH-Leamington-2024-10-07-LS260502__SCNH_PD0000479_304_20260509-BODS_V1_1.xml,17,5
X18B-None--SCNH-Leamington-2024-10-07-LS260502__SCNH_PD0000479_304_20260509-BODS_V1_1.xml,18,5
X18B-None--SCNH-Leamington-2024-10-07-LS260502__SCNH_PD0000479_304_20260509-BODS_V1_1.xml,19,3
X18B-None--SCNH-Leamington_-2024-10-07-LS260425_-_final_Bods__SCNH_PD0000479_304_20260502-BODS_V1_1.xml,5,2
X18B-None--SCNH-Leamington_-2024-10-07-LS260425_-_final_Bods__SCNH_PD0000479_304_20260502-BODS_V1_1.xml,6,4
X18B-None--SCNH-Leamington_-2024-10-07-LS260425_-_final_Bods__SCNH_PD0000479_304_20260502-BODS_V1_1.xml,7,4
X18B-None--SCNH-Leamington_-2024-10-07-LS260425_-_final_Bods__SCNH_PD0000479_304_20260502-BODS_V1_1.xml,8,6
X18B-None--SCNH-Leamington_-2024-10-07-LS260425_-_final_Bods__SCNH_PD0000479_304_20260502-BODS_V1_1.xml,9,9
X18B-None--SCNH-Leamington_-2024-10-07-LS260425_-_final_Bods__SCNH_PD0000479_304_20260502-BODS_V1_1.xml,10,6
X18B-None--SCNH-Leamington_-2024-10-07-LS260425_-_final_Bods__SCNH_PD0000479_304_20260502-BODS_V1_1.xml,11,6
X18B-None--SCNH-Leamington_-2024-10-07-LS260425_-_final_Bods__SCNH_PD0000479_304_20260502-BODS_V1_1.xml,12,6
X18B-None--SCNH-Leamington_-2024-10-07-LS260425_-_final_Bods__SCNH_PD0000479_304_20260502-BODS_V1_1.xml,13,7
X18B-None--SCNH-Leamington_-2024-10-07-LS260425_-_final_Bods__SCNH_PD0000479_304_20260502-BODS_V1_1.xml,14,6
X18B-None--SCNH-Leamington_-2024-10-07-LS260425_-_final_Bods__SCNH_PD0000479_304_20260502-BODS_V1_1.xml,15,4
X18B-None--SCNH-Leamington_-2024-10-07-LS260425_-_final_Bods__SCNH_PD0000479_304_20260502-BODS_V1_1.xml,16,5
X18B-None--SCNH-Leamington_-2024-10-07-LS260425_-_final_Bods__SCNH_PD0000479_304_20260502-BODS_V1_1.xml,17,5
X18B-None--SCNH-Leamington_-2024-10-07-LS260425_-_final_Bods__SCNH_PD0000479_304_20260502-BODS_V1_1.xml,18,5
X18B-None--SCNH-Leamington_-2024-10-07-LS260425_-_final_Bods__SCNH_PD0000479_304_20260502-BODS_V1_1.xml,19,3
X20-None--SCNH-Leamington-2024-10-07-LS260502__SCNH_PD0000479_363_20260509-BODS_V1_1.xml,6,1
X20-None--SCNH-Leamington-2024-10-07-LS260502__SCNH_PD0000479_363_20260509-BODS_V1_1.xml,7,5
X20-None--SCNH-Leamington-2024-10-07-LS260502__SCNH_PD0000479_363_20260509-BODS_V1_1.xml,8,1
X20-None--SCNH-Leamington-2024-10-07-LS260502__SCNH_PD0000479_363_20260509-BODS_V1_1.xml,9,4
X20-None--SCNH-Leamington-2024-10-07-LS260502__SCNH_PD0000479_363_20260509-BODS_V1_1.xml,10,4
X20-None--SCNH-Leamington-2024-10-07-LS260502__SCNH_PD0000479_363_20260509-BODS_V1_1.xml,11,4
X20-None--SCNH-Leamington-2024-10-07-LS260502__SCNH_PD0000479_363_20260509-BODS_V1_1.xml,12,4
X20-None--SCNH-Leamington-2024-10-07-LS260502__SCNH_PD0000479_363_20260509-BODS_V1_1.xml,13,4
X20-None--SCNH-Leamington-2024-10-07-LS260502__SCNH_PD0000479_363_20260509-BODS_V1_1.xml,14,3
X20-None--SCNH-Leamington-2024-10-07-LS260502__SCNH_PD0000479_363_20260509-BODS_V1_1.xml,15,3
X20-None--SCNH-Leamington-2024-10-07-LS260502__SCNH_PD0000479_363_20260509-BODS_V1_1.xml,16,2
X20-None--SCNH-Leamington-2024-10-07-LS260502__SCNH_PD0000479_363_20260509-BODS_V1_1.xml,17,4
X20-None--SCNH-Leamington-2024-10-07-LS260502__SCNH_PD0000479_363_20260509-BODS_V1_1.xml,18,4
X20-None--SCNH-Leamington-2024-10-07-LS260502__SCNH_PD0000479_363_20260509-BODS_V1_1.xml,19,2
X20-None--SCNH-Leamington_-2024-10-07-LS260425_-_final_Bods__SCNH_PD0000479_363_20260502-BODS_V1_1.xml,6,1
X20-None--SCNH-Leamington_-2024-10-07-LS260425_-_final_Bods__SCNH_PD0000479_363_20260502-BODS_V1_1.xml,7,5
X20-None--SCNH-Leamington_-2024-10-07-LS260425_-_final_Bods__SCNH_PD0000479_363_20260502-BODS_V1_1.xml,8,1
X20-None--SCNH-Leamington_-2024-10-07-LS260425_-_final_Bods__SCNH_PD0000479_363_20260502-BODS_V1_1.xml,9,4
X20-None--SCNH-Leamington_-2024-10-07-LS260425_-_final_Bods__SCNH_PD0000479_363_20260502-BODS_V1_1.xml,10,4
X20-None--SCNH-Leamington_-2024-10-07-LS260425_-_final_Bods__SCNH_PD0000479_363_20260502-BODS_V1_1.xml,11,4
X20-None--SCNH-Leamington_-2024-10-07-LS260425_-_final_Bods__SCNH_PD0000479_363_20260502-BODS_V1_1.xml,12,4
X20-None--SCNH-Leamington_-2024-10-07-LS260425_-_final_Bods__SCNH_PD0000479_363_20260502-BODS_V1_1.xml,13,4
X20-None--SCNH-Leamington_-2024-10-07-LS260425_-_final_Bods__SCNH_PD0000479_363_20260502-BODS_V1_1.xml,14,3
X20-None--SCNH-Leamington_-2024-10-07-LS260425_-_final_Bods__SCNH_PD0000479_363_20260502-BODS_V1_1.xml,15,3
X20-None--SCNH-Leamington_-2024-10-07-LS260425_-_final_Bods__SCNH_PD0000479_363_20260502-BODS_V1_1.xml,16,2
X20-None--SCNH-Leamington_-2024-10-07-LS260425_-_final_Bods__SCNH_PD0000479_363_20260502-BODS_V1_1.xml,17,4
X20-None--SCNH-Leamington_-2024-10-07-LS260425_-_final_Bods__SCNH_PD0000479_363_20260502-BODS_V1_1.xml,18,4
X20-None--SCNH-Leamington_-2024-10-07-LS260425_-_final_Bods__SCNH_PD0000479_363_20260502-BODS_V1_1.xml,19,2
X24-None--SSWL-WACW-2026-03-29-Cwmbran260329_Roster_New_Protocols__SSWL_PG0006630_65_20260413-BODS_V1_1.xml,4,2
X24-None--SSWL-WACW-2026-03-29-Cwmbran260329_Roster_New_Protocols__SSWL_PG0006630_65_20260413-BODS_V1_1.xml,5,11
X24-None--SSWL-WACW-2026-03-29-Cwmbran260329_Roster_New_Protocols__SSWL_PG0006630_65_20260413-BODS_V1_1.xml,6,15
X24-None--SSWL-WACW-2026-03-29-Cwmbran260329_Roster_New_Protocols__SSWL_PG0006630_65_20260413-BODS_V1_1.xml,7,22
X24-None--SSWL-WACW-2026-03-29-Cwmbran260329_Roster_New_Protocols__SSWL_PG0006630_65_20260413-BODS_V1_1.xml,8,24
X24-None--SSWL-WACW-2026-03-29-Cwmbran260329_Roster_New_Protocols__SSWL_PG0006630_65_20260413-BODS_V1_1.xml,9,29
X24-None--SSWL-WACW-2026-03-29-Cwmbran260329_Roster_New_Protocols__SSWL_PG0006630_65_20260413-BODS_V1_1.xml,10,23
X24-None--SSWL-WACW-2026-03-29-Cwmbran260329_Roster_New_Protocols__SSWL_PG0006630_65_20260413-BODS_V1_1.xml,11,25
X24-None--SSWL-WACW-2026-03-29-Cwmbran260329_Roster_New_Protocols__SSWL_PG0006630_65_20260413-BODS_V1_1.xml,12,24
X24-None--SSWL-WACW-2026-03-29-Cwmbran260329_Roster_New_Protocols__SSWL_PG0006630_65_20260413-BODS_V1_1.xml,13,24
X24-None--SSWL-WACW-2026-03-29-Cwmbran260329_Roster_New_Protocols__SSWL_PG0006630_65_20260413-BODS_V1_1.xml,14,23
X24-None--SSWL-WACW-2026-03-29-Cwmbran260329_Roster_New_Protocols__SSWL_PG0006630_65_20260413-BODS_V1_1.xml,15,23
X24-None--SSWL-WACW-2026-03-29-Cwmbran260329_Roster_New_Protocols__SSWL_PG0006630_65_20260413-BODS_V1_1.xml,16,25
X24-None--SSWL-WACW-2026-03-29-Cwmbran260329_Roster_New_Protocols__SSWL_PG0006630_65_20260413-BODS_V1_1.xml,17,20
X24-None--SSWL-WACW-2026-03-29-Cwmbran260329_Roster_New_Protocols__SSWL_PG0006630_65_20260413-BODS_V1_1.xml,18,20
X24-None--SSWL-WACW-2026-03-29-Cwmbran260329_Roster_New_Protocols__SSWL_PG0006630_65_20260413-BODS_V1_1.xml,19,18
X24-None--SSWL-WACW-2026-03-29-Cwmbran260329_Roster_New_Protocols__SSWL_PG0006630_65_20260413-BODS_V1_1.xml,20,10
X24-None--SSWL-WACW-2026-03-29-Cwmbran260329_Roster_New_Protocols__SSWL_PG0006630_65_20260413-BODS_V1_1.xml,21,6
X24-None--SSWL-WACW-2026-03-29-Cwmbran260329_Roster_New_Protocols__SSWL_PG0006630_65_20260413-BODS_V1_1.xml,22,4
X24-None--SSWL-WACW-2026-03-29-Cwmbran260329_Roster_New_Protocols__SSWL_PG0006630_65_20260413-BODS_V1_1.xml,23,5
X3-None--SSWL-WACW-2026-03-29-Cwmbran260329_Roster_New_Protocols__SSWL_PG0006630_147_20260413-BODS_V1_1.xml,6,4
X3-None--SSWL-WACW-2026-03-29-Cwmbran260329_Roster_New_Protocols__SSWL_PG0006630_147_20260413-BODS_V1_1.xml,7,7
X3-None--SSWL-WACW-2026-03-29-Cwmbran260329_Roster_New_Protocols__SSWL_PG0006630_147_20260413-BODS_V1_1.xml,8,4
X3-None--SSWL-WACW-2026-03-29-Cwmbran260329_Roster_New_Protocols__SSWL_PG0006630_147_20260413-BODS_V1_1.xml,9,4
X3-None--SSWL-WACW-2026-03-29-Cwmbran260329_Roster_New_Protocols__SSWL_PG0006630_147_20260413-BODS_V1_1.xml,10,4
X3-None--SSWL-WACW-2026-03-29-Cwmbran260329_Roster_New_Protocols__SSWL_PG0006630_147_20260413-BODS_V1_1.xml,11,4
X3-None--SSWL-WACW-2026-03-29-Cwmbran260329_Roster_New_Protocols__SSWL_PG0006630_147_20260413-BODS_V1_1.xml,12,4
X3-None--SSWL-WACW-2026-03-29-Cwmbran260329_Roster_New_Protocols__SSWL_PG0006630_147_20260413-BODS_V1_1.xml,13,4
X3-None--SSWL-WACW-2026-03-29-Cwmbran260329_Roster_New_Protocols__SSWL_PG0006630_147_20260413-BODS_V1_1.xml,14,4
X3-None--SSWL-WACW-2026-03-29-Cwmbran260329_Roster_New_Protocols__SSWL_PG0006630_147_20260413-BODS_V1_1.xml,15,5
X3-None--SSWL-WACW-2026-03-29-Cwmbran260329_Roster_New_Protocols__SSWL_PG0006630_147_20260413-BODS_V1_1.xml,16,3
X3-None--SSWL-WACW-2026-03-29-Cwmbran260329_Roster_New_Protocols__SSWL_PG0006630_147_20260413-BODS_V1_1.xml,17,3
X3-None--SSWL-WACW-2026-03-29-Cwmbran260329_Roster_New_Protocols__SSWL_PG0006630_147_20260413-BODS_V1_1.xml,18,4
X3-None--SSWL-WACW-2026-03-29-Cwmbran260329_Roster_New_Protocols__SSWL_PG0006630_147_20260413-BODS_V1_1.xml,19,4
X3-None--SSWL-WACW-2026-03-29-Cwmbran260329_Roster_New_Protocols__SSWL_PG0006630_147_20260413-BODS_V1_1.xml,20,2
X3-None--SSWL-WACW-2026-03-29-Cwmbran260329_Roster_New_Protocols__SSWL_PG0006630_147_20260413-BODS_V1_1.xml,21,2
X3-None--SSWL-WACW-2026-03-29-Cwmbran260329_Roster_New_Protocols__SSWL_PG0006630_147_20260413-BODS_V1_1.xml,22,2
X3-None--SSWL-WACW-2026-03-29-Cwmbran260329_Roster_New_Protocols__SSWL_PG0006630_147_20260413-BODS_V1_1.xml,23,2
X4-None--SSWL-WAME-2026-03-30-Merthyr260330_(Final_Set)_Adj_V4_PR__SSWL_PG0006630_382_20260412-BODS_V1_1.xml,6,1
X4-None--SSWL-WAME-2026-03-30-Merthyr260330_(Final_Set)_Adj_V4_PR__SSWL_PG0006630_382_20260412-BODS_V1_1.xml,7,3
X4-None--SSWL-WAME-2026-03-30-Merthyr260330_(Final_Set)_Adj_V4_PR__SSWL_PG0006630_382_20260412-BODS_V1_1.xml,8,4
X4-None--SSWL-WAME-2026-03-30-Merthyr260330_(Final_Set)_Adj_V4_PR__SSWL_PG0006630_382_20260412-BODS_V1_1.xml,9,4
X4-None--SSWL-WAME-2026-03-30-Merthyr260330_(Final_Set)_Adj_V4_PR__SSWL_PG0006630_382_20260412-BODS_V1_1.xml,10,4
X4-None--SSWL-WAME-2026-03-30-Merthyr260330_(Final_Set)_Adj_V4_PR__SSWL_PG0006630_382_20260412-BODS_V1_1.xml,11,4
X4-None--SSWL-WAME-2026-03-30-Merthyr260330_(Final_Set)_Adj_V4_PR__SSWL_PG0006630_382_20260412-BODS_V1_1.xml,12,4
X4-None--SSWL-WAME-2026-03-30-Merthyr260330_(Final_Set)_Adj_V4_PR__SSWL_PG0006630_382_20260412-BODS_V1_1.xml,13,4
X4-None--SSWL-WAME-2026-03-30-Merthyr260330_(Final_Set)_Adj_V4_PR__SSWL_PG0006630_382_20260412-BODS_V1_1.xml,14,4
X4-None--SSWL-WAME-2026-03-30-Merthyr260330_(Final_Set)_Adj_V4_PR__SSWL_PG0006630_382_20260412-BODS_V1_1.xml,15,1
X4-None--SSWL-WAME-2026-03-30-Merthyr260330_(Final_Set)_Adj_V4_PR__SSWL_PG0006630_382_20260412-BODS_V1_1.xml,16,3
X4-None--SSWL-WAME-2026-03-30-Merthyr260330_(Final_Set)_Adj_V4_PR__SSWL_PG0006630_382_20260412-BODS_V1_1.xml,17,4
X4-None--SSWL-WAME-2026-03-30-Merthyr260330_(Final_Set)_Adj_V4_PR__SSWL_PG0006630_382_20260412-BODS_V1_1.xml,18,2
X43A-None--SCNH-Kettering-2024-01-21-KTCO260412_New_Fixed_Driver___SCNH_PF1118394_71_20260412-BODS_V1_1.xml,5,2
X43A-None--SCNH-Kettering-2024-01-21-KTCO260412_New_Fixed_Driver___SCNH_PF1118394_71_20260412-BODS_V1_1.xml,6,1
X43A-None--SCNH-Kettering-2024-01-21-KTCO260412_New_Fixed_Driver___SCNH_PF1118394_71_20260412-BODS_V1_1.xml,7,6
X43A-None--SCNH-Kettering-2024-01-21-KTCO260412_New_Fixed_Driver___SCNH_PF1118394_71_20260412-BODS_V1_1.xml,8,2
X43A-None--SCNH-Kettering-2024-01-21-KTCO260412_New_Fixed_Driver___SCNH_PF1118394_71_20260412-BODS_V1_1.xml,9,4
X43A-None--SCNH-Kettering-2024-01-21-KTCO260412_New_Fixed_Driver___SCNH_PF1118394_71_20260412-BODS_V1_1.xml,10,4
X43A-None--SCNH-Kettering-2024-01-21-KTCO260412_New_Fixed_Driver___SCNH_PF1118394_71_20260412-BODS_V1_1.xml,11,4
X43A-None--SCNH-Kettering-2024-01-21-KTCO260412_New_Fixed_Driver___SCNH_PF1118394_71_20260412-BODS_V1_1.xml,12,4
X43A-None--SCNH-Kettering-2024-01-21-KTCO260412_New_Fixed_Driver___SCNH_PF1118394_71_20260412-BODS_V1_1.xml,13,4
X43A-None--SCNH-Kettering-2024-01-21-KTCO260412_New_Fixed_Driver___SCNH_PF1118394_71_20260412-BODS_V1_1.xml,14,4
X43A-None--SCNH-Kettering-2024-01-21-KTCO260412_New_Fixed_Driver___SCNH_PF1118394_71_20260412-BODS_V1_1.xml,15,4
X43A-None--SCNH-Kettering-2024-01-21-KTCO260412_New_Fixed_Driver___SCNH_PF1118394_71_20260412-BODS_V1_1.xml,16,2
X43A-None--SCNH-Kettering-2024-01-21-KTCO260412_New_Fixed_Driver___SCNH_PF1118394_71_20260412-BODS_V1_1.xml,17,1
X43A-None--SCNH-Kettering-2024-01-21-KTCO260412_New_Fixed_Driver___SCNH_PF1118394_71_20260412-BODS_V1_1.xml,18,1
X43A-None--SCNH-Kettering-2024-01-21-KTCO260412_New_Fixed_Driver___SCNH_PF1118394_71_20260412-BODS_V1_1.xml,19,4
X43A-None--SCNH-Kettering-2024-01-21-KTCO260412_New_Fixed_Driver___SCNH_PF1118394_71_20260412-BODS_V1_1.xml,20,2
X7A-None--SCNH-Northampton_-2024-11-25-SCHEDULE_-_NN260503_v4_bod__SCNH_PF1118394_37_20260503-BODS_V1_1.xml,5,2
X7A-None--SCNH-Northampton_-2024-11-25-SCHEDULE_-_NN260503_v4_bod__SCNH_PF1118394_37_20260503-BODS_V1_1.xml,6,5
X7A-None--SCNH-Northampton_-2024-11-25-SCHEDULE_-_NN260503_v4_bod__SCNH_PF1118394_37_20260503-BODS_V1_1.xml,7,4
X7A-None--SCNH-Northampton_-2024-11-25-SCHEDULE_-_NN260503_v4_bod__SCNH_PF1118394_37_20260503-BODS_V1_1.xml,8,4
X7A-None--SCNH-Northampton_-2024-11-25-SCHEDULE_-_NN260503_v4_bod__SCNH_PF1118394_37_20260503-BODS_V1_1.xml,9,7
X7A-None--SCNH-Northampton_-2024-11-25-SCHEDULE_-_NN260503_v4_bod__SCNH_PF1118394_37_20260503-BODS_V1_1.xml,10,7
X7A-None--SCNH-Northampton_-2024-11-25-SCHEDULE_-_NN260503_v4_bod__SCNH_PF1118394_37_20260503-BODS_V1_1.xml,11,5
X7A-None--SCNH-Northampton_-2024-11-25-SCHEDULE_-_NN260503_v4_bod__SCNH_PF1118394_37_20260503-BODS_V1_1.xml,12,7
X7A-None--SCNH-Northampton_-2024-11-25-SCHEDULE_-_NN260503_v4_bod__SCNH_PF1118394_37_20260503-BODS_V1_1.xml,13,5
X7A-None--SCNH-Northampton_-2024-11-25-SCHEDULE_-_NN260503_v4_bod__SCNH_PF1118394_37_20260503-BODS_V1_1.xml,14,7
X7A-None--SCNH-Northampton_-2024-11-25-SCHEDULE_-_NN260503_v4_bod__SCNH_PF1118394_37_20260503-BODS_V1_1.xml,15,5
X7A-None--SCNH-Northampton_-2024-11-25-SCHEDULE_-_NN260503_v4_bod__SCNH_PF1118394_37_20260503-BODS_V1_1.xml,16,7
X7A-None--SCNH-Northampton_-2024-11-25-SCHEDULE_-_NN260503_v4_bod__SCNH_PF1118394_37_20260503-BODS_V1_1.xml,17,4
X7A-None--SCNH-Northampton_-2024-11-25-SCHEDULE_-_NN260503_v4_bod__SCNH_PF1118394_37_20260503-BODS_V1_1.xml,18,7
X7A-None--SCNH-Northampton_-2024-11-25-SCHEDULE_-_NN260503_v4_bod__SCNH_PF1118394_37_20260503-BODS_V1_1.xml,19,4
X7A-None--SCNH-Northampton_-2024-11-25-SCHEDULE_-_NN260503_v4_bod__SCNH_PF1118394_37_20260503-BODS_V1_1.xml,20,2
X7A-None--SCNH-Northampton_-2024-11-25-SCHEDULE_-_NN260503_v4_bod__SCNH_PF1118394_37_20260503-BODS_V1_1.xml,21,2
X7B-None--SCNH-Northampton_-2024-11-25-SCHEDULE_-_NN260503_v4_bod__SCNH_PF1118394_38_20260503-BODS_V1_1.xml,5,2
X7B-None--SCNH-Northampton_-2024-11-25-SCHEDULE_-_NN260503_v4_bod__SCNH_PF1118394_38_20260503-BODS_V1_1.xml,6,2
X7B-None--SCNH-Northampton_-2024-11-25-SCHEDULE_-_NN260503_v4_bod__SCNH_PF1118394_38_20260503-BODS_V1_1.xml,7,3
X7B-None--SCNH-Northampton_-2024-11-25-SCHEDULE_-_NN260503_v4_bod__SCNH_PF1118394_38_20260503-BODS_V1_1.xml,8,5
X7B-None--SCNH-Northampton_-2024-11-25-SCHEDULE_-_NN260503_v4_bod__SCNH_PF1118394_38_20260503-BODS_V1_1.xml,9,5
X7B-None--SCNH-Northampton_-2024-11-25-SCHEDULE_-_NN260503_v4_bod__SCNH_PF1118394_38_20260503-BODS_V1_1.xml,10,6
X7B-None--SCNH-Northampton_-2024-11-25-SCHEDULE_-_NN260503_v4_bod__SCNH_PF1118394_38_20260503-BODS_V1_1.xml,11,6
X7B-None--SCNH-Northampton_-2024-11-25-SCHEDULE_-_NN260503_v4_bod__SCNH_PF1118394_38_20260503-BODS_V1_1.xml,12,6
X7B-None--SCNH-Northampton_-2024-11-25-SCHEDULE_-_NN260503_v4_bod__SCNH_PF1118394_38_20260503-BODS_V1_1.xml,13,6
X7B-None--SCNH-Northampton_-2024-11-25-SCHEDULE_-_NN260503_v4_bod__SCNH_PF1118394_38_20260503-BODS_V1_1.xml,14,6
X7B-None--SCNH-Northampton_-2024-11-25-SCHEDULE_-_NN260503_v4_bod__SCNH_PF1118394_38_20260503-BODS_V1_1.xml,15,7
X7B-None--SCNH-Northampton_-2024-11-25-SCHEDULE_-_NN260503_v4_bod__SCNH_PF1118394_38_20260503-BODS_V1_1.xml,16,6
X7B-None--SCNH-Northampton_-2024-11-25-SCHEDULE_-_NN260503_v4_bod__SCNH_PF1118394_38_20260503-BODS_V1_1.xml,17,7
X7B-None--SCNH-Northampton_-2024-11-25-SCHEDULE_-_NN260503_v4_bod__SCNH_PF1118394_38_20260503-BODS_V1_1.xml,18,5
X7B-None--SCNH-Northampton_-2024-11-25-SCHEDULE_-_NN260503_v4_bod__SCNH_PF1118394_38_20260503-BODS_V1_1.xml,19,4
X7B-None--SCNH-Northampton_-2024-11-25-SCHEDULE_-_NN260503_v4_bod__SCNH_PF1118394_38_20260503-BODS_V1_1.xml,20,2
X7C-None--SCNH-Northampton_-2024-11-25-SCHEDULE_-_NN260503_v4_bod__SCNH_PF1118394_39_20260503-BODS_V1_1.xml,5,1
X7C-None--SCNH-Northampton_-2024-11-25-SCHEDULE_-_NN260503_v4_bod__SCNH_PF1118394_39_20260503-BODS_V1_1.xml,6,5
X7C-None--SCNH-Northampton_-2024-11-25-SCHEDULE_-_NN260503_v4_bod__SCNH_PF1118394_39_20260503-BODS_V1_1.xml,7,6
X7C-None--SCNH-Northampton_-2024-11-25-SCHEDULE_-_NN260503_v4_bod__SCNH_PF1118394_39_20260503-BODS_V1_1.xml,8,7
X7C-None--SCNH-Northampton_-2024-11-25-SCHEDULE_-_NN260503_v4_bod__SCNH_PF1118394_39_20260503-BODS_V1_1.xml,9,6
X7C-None--SCNH-Northampton_-2024-11-25-SCHEDULE_-_NN260503_v4_bod__SCNH_PF1118394_39_20260503-BODS_V1_1.xml,10,7
X7C-None--SCNH-Northampton_-2024-11-25-SCHEDULE_-_NN260503_v4_bod__SCNH_PF1118394_39_20260503-BODS_V1_1.xml,11,8
X7C-None--SCNH-Northampton_-2024-11-25-SCHEDULE_-_NN260503_v4_bod__SCNH_PF1118394_39_20260503-BODS_V1_1.xml,12,8
X7C-None--SCNH-Northampton_-2024-11-25-SCHEDULE_-_NN260503_v4_bod__SCNH_PF1118394_39_20260503-BODS_V1_1.xml,13,8
X7C-None--SCNH-Northampton_-2024-11-25-SCHEDULE_-_NN260503_v4_bod__SCNH_PF1118394_39_20260503-BODS_V1_1.xml,14,6
X7C-None--SCNH-Northampton_-2024-11-25-SCHEDULE_-_NN260503_v4_bod__SCNH_PF1118394_39_20260503-BODS_V1_1.xml,15,8
X7C-None--SCNH-Northampton_-2024-11-25-SCHEDULE_-_NN260503_v4_bod__SCNH_PF1118394_39_20260503-BODS_V1_1.xml,16,7
X7C-None--SCNH-Northampton_-2024-11-25-SCHEDULE_-_NN260503_v4_bod__SCNH_PF1118394_39_20260503-BODS_V1_1.xml,17,8
X7C-None--SCNH-Northampton_-2024-11-25-SCHEDULE_-_NN260503_v4_bod__SCNH_PF1118394_39_20260503-BODS_V1_1.xml,18,7
X7C-None--SCNH-Northampton_-2024-11-25-SCHEDULE_-_NN260503_v4_bod__SCNH_PF1118394_39_20260503-BODS_V1_1.xml,19,6
X7C-None--SCNH-Northampton_-2024-11-25-SCHEDULE_-_NN260503_v4_bod__SCNH_PF1118394_39_20260503-BODS_V1_1.xml,20,1
X88-None--SCNH-Northampton_-2024-11-25-SCHEDULE_-_NN260503_v4_bod__SCNH_PF1118394_240_20260503-BODS_V1_1.xml,6,2
X88-None--SCNH-Northampton_-2024-11-25-SCHEDULE_-_NN260503_v4_bod__SCNH_PF1118394_240_20260503-BODS_V1_1.xml,7,2
X88-None--SCNH-Northampton_-2024-11-25-SCHEDULE_-_NN260503_v4_bod__SCNH_PF1118394_240_20260503-BODS_V1_1.xml,9,4
X88-None--SCNH-Northampton_-2024-11-25-SCHEDULE_-_NN260503_v4_bod__SCNH_PF1118394_240_20260503-BODS_V1_1.xml,11,4
X88-None--SCNH-Northampton_-2024-11-25-SCHEDULE_-_NN260503_v4_bod__SCNH_PF1118394_240_20260503-BODS_V1_1.xml,13,4
X88-None--SCNH-Northampton_-2024-11-25-SCHEDULE_-_NN260503_v4_bod__SCNH_PF1118394_240_20260503-BODS_V1_1.xml,14,2
X88-None--SCNH-Northampton_-2024-11-25-SCHEDULE_-_NN260503_v4_bod__SCNH_PF1118394_240_20260503-BODS_V1_1.xml,16,4
X88-None--SCNH-Northampton_-2024-11-25-SCHEDULE_-_NN260503_v4_bod__SCNH_PF1118394_240_20260503-BODS_V1_1.xml,18,2
X88-None--SCNH-Northampton_-2024-11-25-SCHEDULE_-_NN260503_v4_bod__SCNH_PF1118394_240_20260503-BODS_V1_1.xml,19,2
X90-None--SCNH-Northampton_-2024-11-25-SCHEDULE_-_NN260503_v4_bod__SCNH_PF1118394_178_20260503-BODS_V1_1.xml,6,2
X90-None--SCNH-Northampton_-2024-11-25-SCHEDULE_-_NN260503_v4_bod__SCNH_PF1118394_178_20260503-BODS_V1_1.xml,7,4
X90-None--SCNH-Northampton_-2024-11-25-SCHEDULE_-_NN260503_v4_bod__SCNH_PF1118394_178_20260503-BODS_V1_1.xml,8,4
X90-None--SCNH-Northampton_-2024-11-25-SCHEDULE_-_NN260503_v4_bod__SCNH_PF1118394_178_20260503-BODS_V1_1.xml,9,4
X90-None--SCNH-Northampton_-2024-11-25-SCHEDULE_-_NN260503_v4_bod__SCNH_PF1118394_178_20260503-BODS_V1_1.xml,10,4
X90-None--SCNH-Northampton_-2024-11-25-SCHEDULE_-_NN260503_v4_bod__SCNH_PF1118394_178_20260503-BODS_V1_1.xml,11,4
X90-None--SCNH-Northampton_-2024-11-25-SCHEDULE_-_NN260503_v4_bod__SCNH_PF1118394_178_20260503-BODS_V1_1.xml,12,4
X90-None--SCNH-Northampton_-2024-11-25-SCHEDULE_-_NN260503_v4_bod__SCNH_PF1118394_178_20260503-BODS_V1_1.xml,13,4
X90-None--SCNH-Northampton_-2024-11-25-SCHEDULE_-_NN260503_v4_bod__SCNH_PF1118394_178_20260503-BODS_V1_1.xml,14,4
X90-None--SCNH-Northampton_-2024-11-25-SCHEDULE_-_NN260503_v4_bod__SCNH_PF1118394_178_20260503-BODS_V1_1.xml,15,4
X90-None--SCNH-Northampton_-2024-11-25-SCHEDULE_-_NN260503_v4_bod__SCNH_PF1118394_178_20260503-BODS_V1_1.xml,16,3
X90-None--SCNH-Northampton_-2024-11-25-SCHEDULE_-_NN260503_v4_bod__SCNH_PF1118394_178_20260503-BODS_V1_1.xml,17,2
X90-None--SCNH-Northampton_-2024-11-25-SCHEDULE_-_NN260503_v4_bod__SCNH_PF1118394_178_20260503-BODS_V1_1.xml,18,8
X90-None--SCNH-Northampton_-2024-11-25-SCHEDULE_-_NN260503_v4_bod__SCNH_PF1118394_178_20260503-BODS_V1_1.xml,19,2
